--
-- PostgreSQL database dump
--

-- Dumped from database version 16.1
-- Dumped by pg_dump version 16.1

SET statement_timeout = 0;
SET lock_timeout = 0;
SET idle_in_transaction_session_timeout = 0;
SET client_encoding = 'UTF8';
SET standard_conforming_strings = on;
SELECT pg_catalog.set_config('search_path', '', false);
SET check_function_bodies = false;
SET xmloption = content;
SET client_min_messages = warning;
SET row_security = off;

SET default_tablespace = '';

SET default_table_access_method = heap;

--
-- Name: auth_group; Type: TABLE; Schema: public; Owner: django
--

CREATE TABLE public.auth_group (
    id integer NOT NULL,
    name character varying(150) NOT NULL
);


ALTER TABLE public.auth_group OWNER TO django;

--
-- Name: auth_group_id_seq; Type: SEQUENCE; Schema: public; Owner: django
--

ALTER TABLE public.auth_group ALTER COLUMN id ADD GENERATED BY DEFAULT AS IDENTITY (
    SEQUENCE NAME public.auth_group_id_seq
    START WITH 1
    INCREMENT BY 1
    NO MINVALUE
    NO MAXVALUE
    CACHE 1
);


--
-- Data for Name: auth_group; Type: TABLE DATA; Schema: public; Owner: django
--

COPY public.auth_group (id, name) FROM stdin;
2	Usuarios
1	Administradores
\.


--
-- Name: auth_group_id_seq; Type: SEQUENCE SET; Schema: public; Owner: django
--

SELECT pg_catalog.setval('public.auth_group_id_seq', 2, true);


--
-- Name: auth_group auth_group_name_key; Type: CONSTRAINT; Schema: public; Owner: django
--

ALTER TABLE ONLY public.auth_group
    ADD CONSTRAINT auth_group_name_key UNIQUE (name);


--
-- Name: auth_group auth_group_pkey; Type: CONSTRAINT; Schema: public; Owner: django
--

ALTER TABLE ONLY public.auth_group
    ADD CONSTRAINT auth_group_pkey PRIMARY KEY (id);


--
-- Name: auth_group_name_a6ea08ec_like; Type: INDEX; Schema: public; Owner: django
--

CREATE INDEX auth_group_name_a6ea08ec_like ON public.auth_group USING btree (name varchar_pattern_ops);


--
-- PostgreSQL database dump complete
--

--
-- PostgreSQL database dump
--

-- Dumped from database version 16.1
-- Dumped by pg_dump version 16.1

SET statement_timeout = 0;
SET lock_timeout = 0;
SET idle_in_transaction_session_timeout = 0;
SET client_encoding = 'UTF8';
SET standard_conforming_strings = on;
SELECT pg_catalog.set_config('search_path', '', false);
SET check_function_bodies = false;
SET xmloption = content;
SET client_min_messages = warning;
SET row_security = off;

SET default_tablespace = '';

SET default_table_access_method = heap;

--
-- Name: auth_group_permissions; Type: TABLE; Schema: public; Owner: django
--

CREATE TABLE public.auth_group_permissions (
    id bigint NOT NULL,
    group_id integer NOT NULL,
    permission_id integer NOT NULL
);


ALTER TABLE public.auth_group_permissions OWNER TO django;

--
-- Name: auth_group_permissions_id_seq; Type: SEQUENCE; Schema: public; Owner: django
--

ALTER TABLE public.auth_group_permissions ALTER COLUMN id ADD GENERATED BY DEFAULT AS IDENTITY (
    SEQUENCE NAME public.auth_group_permissions_id_seq
    START WITH 1
    INCREMENT BY 1
    NO MINVALUE
    NO MAXVALUE
    CACHE 1
);


--
-- Data for Name: auth_group_permissions; Type: TABLE DATA; Schema: public; Owner: django
--

COPY public.auth_group_permissions (id, group_id, permission_id) FROM stdin;
1	1	1
2	1	2
3	1	3
4	1	4
5	1	5
6	1	6
7	1	7
8	1	8
9	1	9
10	1	10
11	1	11
12	1	12
13	1	13
14	1	14
15	1	15
16	1	16
17	1	17
18	1	18
19	1	19
20	1	20
21	1	21
22	1	22
23	1	23
24	1	24
25	1	25
26	1	26
27	1	27
28	1	28
29	1	37
30	1	38
31	1	39
32	1	40
33	1	41
34	1	42
35	1	43
36	1	44
37	1	65
38	1	66
39	1	67
40	1	68
41	1	73
42	1	74
43	1	75
44	1	76
45	1	69
46	1	70
47	1	71
48	1	72
49	1	29
50	1	30
51	1	31
52	1	32
53	1	33
54	1	34
55	1	35
56	1	36
57	1	53
58	1	54
59	1	55
60	1	56
61	1	45
62	1	46
63	1	47
64	1	48
65	1	57
66	1	58
67	1	59
68	1	60
69	1	61
70	1	62
71	1	63
72	1	64
73	2	33
74	2	34
75	2	36
76	2	4
77	2	8
78	2	12
79	2	16
80	2	20
81	2	24
82	2	28
83	2	40
84	2	44
85	2	68
86	2	76
87	2	72
88	2	32
89	2	56
90	2	48
91	2	60
92	2	64
\.


--
-- Name: auth_group_permissions_id_seq; Type: SEQUENCE SET; Schema: public; Owner: django
--

SELECT pg_catalog.setval('public.auth_group_permissions_id_seq', 92, true);


--
-- Name: auth_group_permissions auth_group_permissions_group_id_permission_id_0cd325b0_uniq; Type: CONSTRAINT; Schema: public; Owner: django
--

ALTER TABLE ONLY public.auth_group_permissions
    ADD CONSTRAINT auth_group_permissions_group_id_permission_id_0cd325b0_uniq UNIQUE (group_id, permission_id);


--
-- Name: auth_group_permissions auth_group_permissions_pkey; Type: CONSTRAINT; Schema: public; Owner: django
--

ALTER TABLE ONLY public.auth_group_permissions
    ADD CONSTRAINT auth_group_permissions_pkey PRIMARY KEY (id);


--
-- Name: auth_group_permissions_group_id_b120cbf9; Type: INDEX; Schema: public; Owner: django
--

CREATE INDEX auth_group_permissions_group_id_b120cbf9 ON public.auth_group_permissions USING btree (group_id);


--
-- Name: auth_group_permissions_permission_id_84c5c92e; Type: INDEX; Schema: public; Owner: django
--

CREATE INDEX auth_group_permissions_permission_id_84c5c92e ON public.auth_group_permissions USING btree (permission_id);


--
-- Name: auth_group_permissions auth_group_permissions_group_id_b120cbf9_fk_auth_group_id; Type: FK CONSTRAINT; Schema: public; Owner: django
--

ALTER TABLE ONLY public.auth_group_permissions
    ADD CONSTRAINT auth_group_permissions_group_id_b120cbf9_fk_auth_group_id FOREIGN KEY (group_id) REFERENCES public.auth_group(id) DEFERRABLE INITIALLY DEFERRED;


--
-- PostgreSQL database dump complete
--

--
-- PostgreSQL database dump
--

-- Dumped from database version 16.1
-- Dumped by pg_dump version 16.1

SET statement_timeout = 0;
SET lock_timeout = 0;
SET idle_in_transaction_session_timeout = 0;
SET client_encoding = 'UTF8';
SET standard_conforming_strings = on;
SELECT pg_catalog.set_config('search_path', '', false);
SET check_function_bodies = false;
SET xmloption = content;
SET client_min_messages = warning;
SET row_security = off;

SET default_tablespace = '';

SET default_table_access_method = heap;

--
-- Name: auth_permission; Type: TABLE; Schema: public; Owner: django
--

CREATE TABLE public.auth_permission (
    id integer NOT NULL,
    name character varying(255) NOT NULL,
    content_type_id integer NOT NULL,
    codename character varying(100) NOT NULL
);


ALTER TABLE public.auth_permission OWNER TO django;

--
-- Name: auth_permission_id_seq; Type: SEQUENCE; Schema: public; Owner: django
--

ALTER TABLE public.auth_permission ALTER COLUMN id ADD GENERATED BY DEFAULT AS IDENTITY (
    SEQUENCE NAME public.auth_permission_id_seq
    START WITH 1
    INCREMENT BY 1
    NO MINVALUE
    NO MAXVALUE
    CACHE 1
);


--
-- Data for Name: auth_permission; Type: TABLE DATA; Schema: public; Owner: django
--

COPY public.auth_permission (id, name, content_type_id, codename) FROM stdin;
1	Can add log entry	1	add_logentry
2	Can change log entry	1	change_logentry
3	Can delete log entry	1	delete_logentry
4	Can view log entry	1	view_logentry
5	Can add permission	2	add_permission
6	Can change permission	2	change_permission
7	Can delete permission	2	delete_permission
8	Can view permission	2	view_permission
9	Can add group	3	add_group
10	Can change group	3	change_group
11	Can delete group	3	delete_group
12	Can view group	3	view_group
13	Can add user	4	add_user
14	Can change user	4	change_user
15	Can delete user	4	delete_user
16	Can view user	4	view_user
17	Can add content type	5	add_contenttype
18	Can change content type	5	change_contenttype
19	Can delete content type	5	delete_contenttype
20	Can view content type	5	view_contenttype
21	Can add session	6	add_session
22	Can change session	6	change_session
23	Can delete session	6	delete_session
24	Can view session	6	view_session
25	Can add school_ cycle	7	add_school_cycle
26	Can change school_ cycle	7	change_school_cycle
27	Can delete school_ cycle	7	delete_school_cycle
28	Can view school_ cycle	7	view_school_cycle
29	Can add student	8	add_student
30	Can change student	8	change_student
31	Can delete student	8	delete_student
32	Can view student	8	view_student
33	Can add contact	9	add_contact
34	Can change contact	9	change_contact
35	Can delete contact	9	delete_contact
36	Can view contact	9	view_contact
37	Can add career	10	add_career
38	Can change career	10	change_career
39	Can delete career	10	delete_career
40	Can view career	10	view_career
41	Can add status	11	add_status
42	Can change status	11	change_status
43	Can delete status	11	delete_status
44	Can view status	11	view_status
45	Can add grade period	12	add_gradeperiod
46	Can change grade period	12	change_gradeperiod
47	Can delete grade period	12	delete_gradeperiod
48	Can view grade period	12	view_gradeperiod
49	Can add subject	13	add_subject
50	Can change subject	13	change_subject
51	Can delete subject	13	delete_subject
52	Can view subject	13	view_subject
53	Can add section	14	add_section
54	Can change section	14	change_section
55	Can delete section	14	delete_section
56	Can view section	14	view_section
57	Can add course	15	add_course
58	Can change course	15	change_course
59	Can delete course	15	delete_course
60	Can view course	15	view_course
61	Can add career subject	16	add_careersubject
62	Can change career subject	16	change_careersubject
63	Can delete career subject	16	delete_careersubject
64	Can view career subject	16	view_careersubject
65	Can add syllabus	17	add_syllabus
66	Can change syllabus	17	change_syllabus
67	Can delete syllabus	17	delete_syllabus
68	Can view syllabus	17	view_syllabus
69	Can add semester	18	add_semester
70	Can change semester	18	change_semester
71	Can delete semester	18	delete_semester
72	Can view semester	18	view_semester
73	Can add subject	19	add_subject
74	Can change subject	19	change_subject
75	Can delete subject	19	delete_subject
76	Can view subject	19	view_subject
\.


--
-- Name: auth_permission_id_seq; Type: SEQUENCE SET; Schema: public; Owner: django
--

SELECT pg_catalog.setval('public.auth_permission_id_seq', 76, true);


--
-- Name: auth_permission auth_permission_content_type_id_codename_01ab375a_uniq; Type: CONSTRAINT; Schema: public; Owner: django
--

ALTER TABLE ONLY public.auth_permission
    ADD CONSTRAINT auth_permission_content_type_id_codename_01ab375a_uniq UNIQUE (content_type_id, codename);


--
-- Name: auth_permission auth_permission_pkey; Type: CONSTRAINT; Schema: public; Owner: django
--

ALTER TABLE ONLY public.auth_permission
    ADD CONSTRAINT auth_permission_pkey PRIMARY KEY (id);


--
-- Name: auth_permission_content_type_id_2f476e4b; Type: INDEX; Schema: public; Owner: django
--

CREATE INDEX auth_permission_content_type_id_2f476e4b ON public.auth_permission USING btree (content_type_id);


--
-- PostgreSQL database dump complete
--

--
-- PostgreSQL database dump
--

-- Dumped from database version 16.1
-- Dumped by pg_dump version 16.1

SET statement_timeout = 0;
SET lock_timeout = 0;
SET idle_in_transaction_session_timeout = 0;
SET client_encoding = 'UTF8';
SET standard_conforming_strings = on;
SELECT pg_catalog.set_config('search_path', '', false);
SET check_function_bodies = false;
SET xmloption = content;
SET client_min_messages = warning;
SET row_security = off;

SET default_tablespace = '';

SET default_table_access_method = heap;

--
-- Name: auth_user; Type: TABLE; Schema: public; Owner: django
--

CREATE TABLE public.auth_user (
    id integer NOT NULL,
    password character varying(128) NOT NULL,
    last_login timestamp with time zone,
    is_superuser boolean NOT NULL,
    username character varying(150) NOT NULL,
    first_name character varying(150) NOT NULL,
    last_name character varying(150) NOT NULL,
    email character varying(254) NOT NULL,
    is_staff boolean NOT NULL,
    is_active boolean NOT NULL,
    date_joined timestamp with time zone NOT NULL
);


ALTER TABLE public.auth_user OWNER TO django;

--
-- Name: auth_user_id_seq; Type: SEQUENCE; Schema: public; Owner: django
--

ALTER TABLE public.auth_user ALTER COLUMN id ADD GENERATED BY DEFAULT AS IDENTITY (
    SEQUENCE NAME public.auth_user_id_seq
    START WITH 1
    INCREMENT BY 1
    NO MINVALUE
    NO MAXVALUE
    CACHE 1
);


--
-- Data for Name: auth_user; Type: TABLE DATA; Schema: public; Owner: django
--

COPY public.auth_user (id, password, last_login, is_superuser, username, first_name, last_name, email, is_staff, is_active, date_joined) FROM stdin;
2	pbkdf2_sha256$600000$plQKjgnQUZXoi7ftaNcv0a$VqdmiQIeyZ4ELPR+L1Fg1V8XVTS62tKYbIa7jkgDVhI=	2024-03-10 23:33:07.3482-06	f	user1				f	t	2024-01-17 03:34:13-06
1	pbkdf2_sha256$600000$jEO903YbYYy2DSrCR2fdXx$sOWEPqglPJeC6u1wTerd8OW5Wttwgjp/jTzPtJijdow=	2024-03-11 13:40:28.798709-06	t	admin			admin@test.com	t	t	2023-10-31 09:47:29-06
\.


--
-- Name: auth_user_id_seq; Type: SEQUENCE SET; Schema: public; Owner: django
--

SELECT pg_catalog.setval('public.auth_user_id_seq', 2, true);


--
-- Name: auth_user auth_user_pkey; Type: CONSTRAINT; Schema: public; Owner: django
--

ALTER TABLE ONLY public.auth_user
    ADD CONSTRAINT auth_user_pkey PRIMARY KEY (id);


--
-- Name: auth_user auth_user_username_key; Type: CONSTRAINT; Schema: public; Owner: django
--

ALTER TABLE ONLY public.auth_user
    ADD CONSTRAINT auth_user_username_key UNIQUE (username);


--
-- Name: auth_user_username_6821ab7c_like; Type: INDEX; Schema: public; Owner: django
--

CREATE INDEX auth_user_username_6821ab7c_like ON public.auth_user USING btree (username varchar_pattern_ops);


--
-- PostgreSQL database dump complete
--

--
-- PostgreSQL database dump
--

-- Dumped from database version 16.1
-- Dumped by pg_dump version 16.1

SET statement_timeout = 0;
SET lock_timeout = 0;
SET idle_in_transaction_session_timeout = 0;
SET client_encoding = 'UTF8';
SET standard_conforming_strings = on;
SELECT pg_catalog.set_config('search_path', '', false);
SET check_function_bodies = false;
SET xmloption = content;
SET client_min_messages = warning;
SET row_security = off;

SET default_tablespace = '';

SET default_table_access_method = heap;

--
-- Name: auth_user_groups; Type: TABLE; Schema: public; Owner: django
--

CREATE TABLE public.auth_user_groups (
    id bigint NOT NULL,
    user_id integer NOT NULL,
    group_id integer NOT NULL
);


ALTER TABLE public.auth_user_groups OWNER TO django;

--
-- Name: auth_user_groups_id_seq; Type: SEQUENCE; Schema: public; Owner: django
--

ALTER TABLE public.auth_user_groups ALTER COLUMN id ADD GENERATED BY DEFAULT AS IDENTITY (
    SEQUENCE NAME public.auth_user_groups_id_seq
    START WITH 1
    INCREMENT BY 1
    NO MINVALUE
    NO MAXVALUE
    CACHE 1
);


--
-- Data for Name: auth_user_groups; Type: TABLE DATA; Schema: public; Owner: django
--

COPY public.auth_user_groups (id, user_id, group_id) FROM stdin;
2	1	1
3	2	2
\.


--
-- Name: auth_user_groups_id_seq; Type: SEQUENCE SET; Schema: public; Owner: django
--

SELECT pg_catalog.setval('public.auth_user_groups_id_seq', 3, true);


--
-- Name: auth_user_groups auth_user_groups_pkey; Type: CONSTRAINT; Schema: public; Owner: django
--

ALTER TABLE ONLY public.auth_user_groups
    ADD CONSTRAINT auth_user_groups_pkey PRIMARY KEY (id);


--
-- Name: auth_user_groups auth_user_groups_user_id_group_id_94350c0c_uniq; Type: CONSTRAINT; Schema: public; Owner: django
--

ALTER TABLE ONLY public.auth_user_groups
    ADD CONSTRAINT auth_user_groups_user_id_group_id_94350c0c_uniq UNIQUE (user_id, group_id);


--
-- Name: auth_user_groups_group_id_97559544; Type: INDEX; Schema: public; Owner: django
--

CREATE INDEX auth_user_groups_group_id_97559544 ON public.auth_user_groups USING btree (group_id);


--
-- Name: auth_user_groups_user_id_6a12ed8b; Type: INDEX; Schema: public; Owner: django
--

CREATE INDEX auth_user_groups_user_id_6a12ed8b ON public.auth_user_groups USING btree (user_id);


--
-- Name: auth_user_groups auth_user_groups_group_id_97559544_fk_auth_group_id; Type: FK CONSTRAINT; Schema: public; Owner: django
--

ALTER TABLE ONLY public.auth_user_groups
    ADD CONSTRAINT auth_user_groups_group_id_97559544_fk_auth_group_id FOREIGN KEY (group_id) REFERENCES public.auth_group(id) DEFERRABLE INITIALLY DEFERRED;


--
-- Name: auth_user_groups auth_user_groups_user_id_6a12ed8b_fk_auth_user_id; Type: FK CONSTRAINT; Schema: public; Owner: django
--

ALTER TABLE ONLY public.auth_user_groups
    ADD CONSTRAINT auth_user_groups_user_id_6a12ed8b_fk_auth_user_id FOREIGN KEY (user_id) REFERENCES public.auth_user(id) DEFERRABLE INITIALLY DEFERRED;


--
-- PostgreSQL database dump complete
--

--
-- PostgreSQL database dump
--

-- Dumped from database version 16.1
-- Dumped by pg_dump version 16.1

SET statement_timeout = 0;
SET lock_timeout = 0;
SET idle_in_transaction_session_timeout = 0;
SET client_encoding = 'UTF8';
SET standard_conforming_strings = on;
SELECT pg_catalog.set_config('search_path', '', false);
SET check_function_bodies = false;
SET xmloption = content;
SET client_min_messages = warning;
SET row_security = off;

SET default_tablespace = '';

SET default_table_access_method = heap;

--
-- Name: auth_user_user_permissions; Type: TABLE; Schema: public; Owner: django
--

CREATE TABLE public.auth_user_user_permissions (
    id bigint NOT NULL,
    user_id integer NOT NULL,
    permission_id integer NOT NULL
);


ALTER TABLE public.auth_user_user_permissions OWNER TO django;

--
-- Name: auth_user_user_permissions_id_seq; Type: SEQUENCE; Schema: public; Owner: django
--

ALTER TABLE public.auth_user_user_permissions ALTER COLUMN id ADD GENERATED BY DEFAULT AS IDENTITY (
    SEQUENCE NAME public.auth_user_user_permissions_id_seq
    START WITH 1
    INCREMENT BY 1
    NO MINVALUE
    NO MAXVALUE
    CACHE 1
);


--
-- Data for Name: auth_user_user_permissions; Type: TABLE DATA; Schema: public; Owner: django
--

COPY public.auth_user_user_permissions (id, user_id, permission_id) FROM stdin;
\.


--
-- Name: auth_user_user_permissions_id_seq; Type: SEQUENCE SET; Schema: public; Owner: django
--

SELECT pg_catalog.setval('public.auth_user_user_permissions_id_seq', 1, false);


--
-- Name: auth_user_user_permissions auth_user_user_permissions_pkey; Type: CONSTRAINT; Schema: public; Owner: django
--

ALTER TABLE ONLY public.auth_user_user_permissions
    ADD CONSTRAINT auth_user_user_permissions_pkey PRIMARY KEY (id);


--
-- Name: auth_user_user_permissions auth_user_user_permissions_user_id_permission_id_14a6b632_uniq; Type: CONSTRAINT; Schema: public; Owner: django
--

ALTER TABLE ONLY public.auth_user_user_permissions
    ADD CONSTRAINT auth_user_user_permissions_user_id_permission_id_14a6b632_uniq UNIQUE (user_id, permission_id);


--
-- Name: auth_user_user_permissions_permission_id_1fbb5f2c; Type: INDEX; Schema: public; Owner: django
--

CREATE INDEX auth_user_user_permissions_permission_id_1fbb5f2c ON public.auth_user_user_permissions USING btree (permission_id);


--
-- Name: auth_user_user_permissions_user_id_a95ead1b; Type: INDEX; Schema: public; Owner: django
--

CREATE INDEX auth_user_user_permissions_user_id_a95ead1b ON public.auth_user_user_permissions USING btree (user_id);


--
-- Name: auth_user_user_permissions auth_user_user_permi_permission_id_1fbb5f2c_fk_auth_perm; Type: FK CONSTRAINT; Schema: public; Owner: django
--

ALTER TABLE ONLY public.auth_user_user_permissions
    ADD CONSTRAINT auth_user_user_permi_permission_id_1fbb5f2c_fk_auth_perm FOREIGN KEY (permission_id) REFERENCES public.auth_permission(id) DEFERRABLE INITIALLY DEFERRED;


--
-- Name: auth_user_user_permissions auth_user_user_permissions_user_id_a95ead1b_fk_auth_user_id; Type: FK CONSTRAINT; Schema: public; Owner: django
--

ALTER TABLE ONLY public.auth_user_user_permissions
    ADD CONSTRAINT auth_user_user_permissions_user_id_a95ead1b_fk_auth_user_id FOREIGN KEY (user_id) REFERENCES public.auth_user(id) DEFERRABLE INITIALLY DEFERRED;


--
-- PostgreSQL database dump complete
--

--
-- PostgreSQL database dump
--

-- Dumped from database version 16.1
-- Dumped by pg_dump version 16.1

SET statement_timeout = 0;
SET lock_timeout = 0;
SET idle_in_transaction_session_timeout = 0;
SET client_encoding = 'UTF8';
SET standard_conforming_strings = on;
SELECT pg_catalog.set_config('search_path', '', false);
SET check_function_bodies = false;
SET xmloption = content;
SET client_min_messages = warning;
SET row_security = off;

SET default_tablespace = '';

SET default_table_access_method = heap;

--
-- Name: django_admin_log; Type: TABLE; Schema: public; Owner: django
--

CREATE TABLE public.django_admin_log (
    id integer NOT NULL,
    action_time timestamp with time zone NOT NULL,
    object_id text,
    object_repr character varying(200) NOT NULL,
    action_flag smallint NOT NULL,
    change_message text NOT NULL,
    content_type_id integer,
    user_id integer NOT NULL,
    CONSTRAINT django_admin_log_action_flag_check CHECK ((action_flag >= 0))
);


ALTER TABLE public.django_admin_log OWNER TO django;

--
-- Name: django_admin_log_id_seq; Type: SEQUENCE; Schema: public; Owner: django
--

ALTER TABLE public.django_admin_log ALTER COLUMN id ADD GENERATED BY DEFAULT AS IDENTITY (
    SEQUENCE NAME public.django_admin_log_id_seq
    START WITH 1
    INCREMENT BY 1
    NO MINVALUE
    NO MAXVALUE
    CACHE 1
);


--
-- Data for Name: django_admin_log; Type: TABLE DATA; Schema: public; Owner: django
--

COPY public.django_admin_log (id, action_time, object_id, object_repr, action_flag, change_message, content_type_id, user_id) FROM stdin;
1	2023-10-31 09:48:13.952385-06	1	2023A	1	[{"added": {}}]	7	1
2	2023-10-31 09:48:14.107571-06	2	2023A	1	[{"added": {}}]	7	1
3	2023-10-31 09:48:39.002774-06	1	2023B	2	[{"changed": {"fields": ["Cycle period", "Start date", "End date"]}}]	7	1
4	2023-11-01 07:31:19.941205-06	1	INCO	1	[{"added": {}}]	10	1
5	2023-11-01 07:44:00.568614-06	1	AC	1	[{"added": {}}]	11	1
6	2023-11-01 07:44:09.368064-06	2	IN	1	[{"added": {}}]	11	1
7	2023-11-01 07:44:38.59351-06	3	GD	1	[{"added": {}}]	11	1
8	2023-11-01 07:45:05.604032-06	4	TT	1	[{"added": {}}]	11	1
9	2023-11-01 07:45:51.028929-06	5	BC	1	[{"added": {}}]	11	1
10	2023-11-01 07:46:32.576239-06	6	B4	1	[{"added": {}}]	11	1
11	2023-11-01 07:46:42.270229-06	7	B5	1	[{"added": {}}]	11	1
12	2023-11-01 07:51:32.205805-06	1	Manuel Gerardo	1	[{"added": {}}]	8	1
13	2023-11-01 08:23:50.099903-06	2	Hernandez	1	[{"added": {}}]	8	1
14	2023-11-06 09:30:03.8523-06	3	Israel Huerta	1	[{"added": {}}]	8	1
15	2023-11-07 06:54:45.577641-06	4	Gebara	1	[{"added": {}}]	8	1
16	2023-11-09 08:22:52.259208-06	1	INCO	2	[]	10	1
17	2023-11-21 08:32:21.937323-06	2	OE	1	[{"added": {}}]	14	1
18	2023-11-21 08:33:22.789863-06	3	EXTRAORDINARIO (E)	1	[{"added": {}}]	14	1
19	2023-11-21 08:42:11.827692-06	1	ALGORITMIA	1	[{"added": {}}]	12	1
20	2023-11-21 08:42:18.40829-06	1	ALGORITMIA	2	[]	12	1
21	2023-11-21 08:45:53.599402-06	2	I7022 - FUNDAMENTOS FILOSOFICOS DE LA COMPUTACION	1	[{"added": {}}]	12	1
22	2023-11-21 08:46:15.221495-06	3	I6123 - INTRODUCCION A LA FISICA	1	[{"added": {}}]	12	1
23	2023-11-21 08:46:40.41987-06	4	I5892 - MATEMATICA DISCRETA	1	[{"added": {}}]	12	1
24	2023-11-21 08:46:59.844003-06	5	I5893 - METODOS MATEMATICOS I	1	[{"added": {}}]	12	1
25	2023-11-21 08:47:27.812568-06	6	I5894 - SEMINARIO DE SOLUCION DE PROBLEMAS DE METODOS MATE	1	[{"added": {}}]	12	1
26	2023-11-21 08:47:55.733316-06	7	I5882 - PROGRAMACION	1	[{"added": {}}]	12	1
27	2023-11-21 08:48:03.414164-06	8	I7023 - ARQUITECTURA DE COMPUTADORAS	1	[{"added": {}}]	12	1
28	2023-11-21 08:49:18.495693-06	9	I5895 - METODOS MATEMATICOS II	1	[{"added": {}}]	12	1
29	2023-11-22 06:47:34.821594-06	1	D01	1	[{"added": {}}]	16	1
30	2023-11-22 06:47:55.744929-06	2	D03	1	[{"added": {}}]	16	1
31	2023-11-22 06:48:08.017558-06	3	D03	1	[{"added": {}}]	16	1
32	2023-11-22 06:48:25.443726-06	4	D07	1	[{"added": {}}]	16	1
33	2023-11-22 06:48:45.773369-06	5	D02	1	[{"added": {}}]	16	1
34	2023-11-22 06:48:59.091783-06	6	D09	1	[{"added": {}}]	16	1
35	2023-11-22 06:49:20.589131-06	1	CareerSubject object (1)	1	[{"added": {}}]	13	1
36	2023-11-22 06:49:27.069086-06	2	CareerSubject object (2)	1	[{"added": {}}]	13	1
37	2023-11-22 06:49:34.116793-06	3	CareerSubject object (3)	1	[{"added": {}}]	13	1
38	2023-11-22 06:49:39.629412-06	4	CareerSubject object (4)	1	[{"added": {}}]	13	1
39	2023-11-22 06:49:46.193521-06	5	CareerSubject object (5)	1	[{"added": {}}]	13	1
40	2023-11-22 06:49:51.4491-06	6	CareerSubject object (6)	1	[{"added": {}}]	13	1
41	2023-11-22 06:50:00.91196-06	7	CareerSubject object (7)	1	[{"added": {}}]	13	1
42	2023-11-22 06:50:06.49707-06	8	CareerSubject object (8)	1	[{"added": {}}]	13	1
43	2023-11-22 06:50:12.262259-06	9	CareerSubject object (9)	1	[{"added": {}}]	13	1
44	2023-11-22 06:51:55.83369-06	1	2023A - D01	1	[{"added": {}}]	15	1
45	2023-11-22 06:52:59.894655-06	2	2023A - D03 - I7022 - FUNDAMENTOS FILOSOFICOS DE LA COMPUTACION	1	[{"added": {}}]	15	1
46	2023-11-22 06:53:18.869839-06	3	2023B - D07 - I6123 - INTRODUCCION A LA FISICA	1	[{"added": {}}]	15	1
47	2023-11-22 06:53:38.290083-06	4	2023B - D02 - I5882 - PROGRAMACION	1	[{"added": {}}]	15	1
48	2023-11-22 06:54:06.978348-06	5	2023B - D09 - I7023 - ARQUITECTURA DE COMPUTADORAS	1	[{"added": {}}]	15	1
49	2023-11-22 07:03:30.644344-06	1	2023A - D01 - I5884 - ALGORITMIA	2	[]	15	1
50	2023-11-22 07:03:34.899318-06	2	2023A - D03 - I7022 - FUNDAMENTOS FILOSOFICOS DE LA COMPUTACION	2	[]	15	1
51	2023-11-22 07:03:51.422969-06	3	2023B - D07 - I6123 - INTRODUCCION A LA FISICA	2	[]	15	1
52	2023-11-22 07:04:15.412041-06	6	2023B - D07 - I6123 - INTRODUCCION A LA FISICA	1	[{"added": {}}]	15	1
53	2023-11-23 07:57:08.446607-06	7	2023B - D03 - I5884 - ALGORITMIA	1	[{"added": {}}]	15	1
54	2023-11-23 07:57:45.029546-06	8	2023B - D03 - I7022 - FUNDAMENTOS FILOSOFICOS DE LA COMPUTACION	1	[{"added": {}}]	15	1
55	2023-11-23 07:58:02.941023-06	9	2023B - D07 - I6123 - INTRODUCCION A LA FISICA	1	[{"added": {}}]	15	1
56	2023-11-23 07:58:24.271367-06	10	2023B - D02 - I5882 - PROGRAMACION	1	[{"added": {}}]	15	1
57	2023-11-23 07:58:50.052273-06	11	2023B - D03 - I7022 - FUNDAMENTOS FILOSOFICOS DE LA COMPUTACION	1	[{"added": {}}]	15	1
58	2023-11-23 08:21:42.252268-06	6	2023B - D07 - I6123 - INTRODUCCION A LA FISICA	2	[]	15	1
59	2023-11-24 06:56:02.587076-06	3	2022A	1	[{"added": {}}]	7	1
60	2023-11-24 06:57:02.490733-06	4	2022B	1	[{"added": {}}]	7	1
61	2023-11-24 06:59:23.97066-06	12	2022A - D01 - I5884 - ALGORITMIA	1	[{"added": {}}]	15	1
62	2023-11-24 06:59:57.8916-06	13	2022A - D01 - I5884 - ALGORITMIA	1	[{"added": {}}]	15	1
63	2023-11-24 07:00:19.167664-06	14	2022A - D02 - I5882 - PROGRAMACION	1	[{"added": {}}]	15	1
64	2023-11-24 07:01:17.160386-06	15	2022B - D03 - I5884 - ALGORITMIA	1	[{"added": {}}]	15	1
65	2023-11-24 07:01:56.519747-06	16	2022B - D03 - I5884 - ALGORITMIA	1	[{"added": {}}]	15	1
66	2023-11-24 07:02:47.522309-06	17	2022B - D07 - I6123 - INTRODUCCION A LA FISICA	1	[{"added": {}}]	15	1
67	2023-11-24 07:03:04.760572-06	18	2022B - D07 - I6123 - INTRODUCCION A LA FISICA	1	[{"added": {}}]	15	1
68	2023-11-24 07:27:51.638537-06	2	Hernandez	2	[{"changed": {"fields": ["Admission cycle"]}}]	8	1
69	2023-11-27 05:42:29.980882-06	9	I5895 - METODOS MATEMATICOS II	2	[]	12	1
70	2023-11-27 05:42:42.003066-06	9	I5895 - METODOS MATEMATICOS II	2	[]	12	1
71	2023-11-27 05:42:55.652301-06	6	I5894 - SEMINARIO DE SOLUCION DE PROBLEMAS DE METODOS MATE	2	[{"changed": {"fields": ["Has extraordinary"]}}]	12	1
72	2023-11-27 05:43:01.4763-06	6	I5894 - SEMINARIO DE SOLUCION DE PROBLEMAS DE METODOS MATE	2	[]	12	1
73	2023-11-27 05:54:58.086371-06	6	I5894 - SEMINARIO DE SOLUCION DE PROBLEMAS DE METODOS MATEMATICOS I	2	[{"changed": {"fields": ["Name"]}}]	12	1
74	2023-11-27 05:57:35.756219-06	6	I5894 - SEMINARIO DE SOLUCION DE PROBLEMAS DE METODOS MATEMATICOS I	2	[]	12	1
75	2023-11-27 05:57:41.291631-06	4	I5892 - MATEMATICA DISCRETA	2	[]	12	1
76	2023-11-28 08:55:19.821241-06	18	2022B - D07 - I6123 - INTRODUCCION A LA FISICA	3		15	1
77	2023-11-28 08:58:50.198706-06	19	2022B - D03 - I7022 - FUNDAMENTOS FILOSOFICOS DE LA COMPUTACION	1	[{"added": {}}]	15	1
78	2023-11-28 08:59:03.548642-06	19	2022B - D07 - I6123 - INTRODUCCION A LA FISICA	2	[{"changed": {"fields": ["Section"]}}]	15	1
79	2023-11-28 09:01:21.038164-06	16	2022B - D03 - I5884 - ALGORITMIA	3		15	1
80	2023-11-28 09:03:16.546994-06	20	2022B - D03 - I5884 - ALGORITMIA	1	[{"added": {}}]	15	1
81	2023-11-28 09:04:27.059374-06	13	2022A - D01 - I5884 - ALGORITMIA	3		15	1
82	2023-11-28 09:05:22.556936-06	20	2022B - D03 - I5884 - ALGORITMIA	3		15	1
83	2023-11-28 09:13:13.649586-06	21	2022A - D01 - I5884 - ALGORITMIA - Hernandez Castro Mercado	1	[{"added": {}}]	15	1
84	2023-11-28 09:14:48.631546-06	22	2022B - D03 - I5884 - ALGORITMIA - Hernandez Castro Mercado	1	[{"added": {}}]	15	1
85	2023-11-28 09:15:40.505672-06	21	2022A - D01 - I5884 - ALGORITMIA - Hernandez Castro Mercado	3		15	1
86	2023-11-29 08:59:29.388104-06	7	D01 - I5894 - SEMINARIO DE SOLUCION DE PROBLEMAS DE METODOS MATEMATICOS I	1	[{"added": {}}]	16	1
87	2023-11-29 09:00:06.363582-06	23	2022A - D01 - I5894 - SEMINARIO DE SOLUCION DE PROBLEMAS DE METODOS MATEMATICOS I - Hernandez Castro Mercado	1	[{"added": {}}]	15	1
88	2023-11-29 09:02:45.670372-06	24	2022B - D01 - I5894 - SEMINARIO DE SOLUCION DE PROBLEMAS DE METODOS MATEMATICOS I - Hernandez Castro Mercado	1	[{"added": {}}]	15	1
89	2023-11-29 09:06:45.846568-06	22	2022B - D03 - I5884 - ALGORITMIA - Hernandez Castro Mercado	3		15	1
90	2023-11-29 09:06:59.504125-06	15	2022B - D03 - I5884 - ALGORITMIA - Hernandez Castro Mercado	3		15	1
91	2023-11-29 09:13:50.180783-06	25	2023A - D01 - I5884 - ALGORITMIA - Hernandez Castro Mercado	1	[{"added": {}}]	15	1
92	2023-11-29 09:21:52.066325-06	26	2022B - D03 - I5884 - ALGORITMIA - Hernandez Castro Mercado	1	[{"added": {}}]	15	1
93	2023-11-29 09:22:26.850506-06	27	2022B - D03 - I5884 - ALGORITMIA - Hernandez Castro Mercado	1	[{"added": {}}]	15	1
94	2023-11-29 09:23:43.053101-06	28	2023A - D01 - I5894 - SEMINARIO DE SOLUCION DE PROBLEMAS DE METODOS MATEMATICOS I - Hernandez Castro Mercado	1	[{"added": {}}]	15	1
95	2023-11-29 09:32:59.284725-06	28	2023A - D01 - I5894 - SEMINARIO DE SOLUCION DE PROBLEMAS DE METODOS MATEMATICOS I - Hernandez Castro Mercado	3		15	1
96	2023-12-01 07:29:34.401973-06	2	INDU	1	[{"added": {}}]	10	1
97	2023-12-01 07:29:39.792833-06	2	INDU	2	[]	10	1
98	2023-12-01 07:35:13.684831-06	2	INDU	2	[{"changed": {"fields": ["Needed credits"]}}]	10	1
99	2023-12-01 07:38:48.244083-06	10	I7365 - PSICOLOGÍA INDUSTRIAL	1	[{"added": {}}]	12	1
100	2023-12-01 07:39:26.686218-06	11	I7367 - TALLER DE REDACCIÓN TÉCNICA	1	[{"added": {}}]	12	1
101	2023-12-01 07:40:12.40096-06	12	I7356 - QUÍMICA BÁSICA	1	[{"added": {}}]	12	1
102	2023-12-01 07:40:50.186592-06	13	I7391 - DISEÑO ASISTIDO POR COMPUTADORA	1	[{"added": {}}]	12	1
103	2023-12-01 07:41:22.863941-06	14	I7393 - GESTIÓN AMBIENTAL	1	[{"added": {}}]	12	1
104	2023-12-01 07:41:43.319518-06	15	I7370 - ADMINISTRACIÓN	1	[{"added": {}}]	12	1
105	2023-12-01 07:42:13.35333-06	16	I7340 - INTRODUCCIÓN A LA INGENIERÍA INDUSTRIAL	1	[{"added": {}}]	12	1
106	2023-12-01 07:42:37.105176-06	17	I7344 - CÁLCULO DIFERENCIAL	1	[{"added": {}}]	12	1
107	2023-12-01 07:42:58.680517-06	18	I7349 - INTRODUCCIÓN A LAS MATEMÁTICAS DISCRETAS	1	[{"added": {}}]	12	1
108	2023-12-01 07:43:17.135944-06	10	CareerSubject object (10)	1	[{"added": {}}]	13	1
109	2023-12-01 07:43:25.025872-06	11	CareerSubject object (11)	1	[{"added": {}}]	13	1
110	2023-12-01 07:43:33.815295-06	12	CareerSubject object (12)	1	[{"added": {}}]	13	1
111	2023-12-01 07:43:42.241049-06	13	CareerSubject object (13)	1	[{"added": {}}]	13	1
112	2023-12-01 07:43:50.903683-06	14	CareerSubject object (14)	1	[{"added": {}}]	13	1
113	2023-12-01 07:43:58.233648-06	15	CareerSubject object (15)	1	[{"added": {}}]	13	1
114	2023-12-01 07:44:21.354001-06	16	CareerSubject object (16)	1	[{"added": {}}]	13	1
115	2023-12-01 07:44:29.899841-06	17	CareerSubject object (17)	1	[{"added": {}}]	13	1
116	2023-12-01 07:44:35.455367-06	18	CareerSubject object (18)	1	[{"added": {}}]	13	1
117	2023-12-05 06:34:09.684714-06	29	2023A - D01 - I5894 - SEMINARIO DE SOLUCION DE PROBLEMAS DE METODOS MATEMATICOS I - Hernandez Castro Mercado	1	[{"added": {}}]	15	1
118	2023-12-05 06:34:50.459226-06	29	2023A - D01 - I5894 - SEMINARIO DE SOLUCION DE PROBLEMAS DE METODOS MATEMATICOS I - Hernandez Castro Mercado	3		15	1
119	2023-12-05 06:39:44.621832-06	2	Hernandez Castro Mercado	2	[{"changed": {"fields": ["Status", "Exchange"]}}]	8	1
120	2023-12-05 06:41:06.612403-06	2	Hernandez Castro Mercado	2	[{"changed": {"fields": ["Status"]}}]	8	1
121	2023-12-05 06:41:35.467033-06	2	Hernandez Castro Mercado	2	[{"changed": {"fields": ["Status"]}}]	8	1
122	2023-12-05 08:35:17.396253-06	27	2022B - D03 - I5884 - ALGORITMIA - Hernandez Castro Mercado	3		15	1
123	2023-12-05 08:36:35.955831-06	25	2023A - D01 - I5884 - ALGORITMIA - Hernandez Castro Mercado	3		15	1
124	2023-12-06 06:04:04.119747-06	4	Gebara Zandivar Ortega	2	[{"changed": {"fields": ["Status", "Admission cycle"]}}]	8	1
125	2023-12-06 06:04:54.79075-06	30	2022A - D03 - I7022 - FUNDAMENTOS FILOSOFICOS DE LA COMPUTACION - Gebara Zandivar Ortega	1	[{"added": {}}]	15	1
126	2023-12-06 06:05:18.428869-06	31	2022A - D01 - I5894 - SEMINARIO DE SOLUCION DE PROBLEMAS DE METODOS MATEMATICOS I - Gebara Zandivar Ortega	1	[{"added": {}}]	15	1
127	2023-12-06 06:05:39.767809-06	32	2022A - D07 - I6123 - INTRODUCCION A LA FISICA - Gebara Zandivar Ortega	1	[{"added": {}}]	15	1
128	2023-12-06 06:06:56.216797-06	33	2023A - D01 - I5884 - ALGORITMIA - Gebara Zandivar Ortega	1	[{"added": {}}]	15	1
129	2023-12-06 06:08:52.94337-06	34	2022B - D07 - I6123 - INTRODUCCION A LA FISICA - Gebara Zandivar Ortega	1	[{"added": {}}]	15	1
130	2023-12-06 06:09:32.417694-06	35	2022B - D07 - I6123 - INTRODUCCION A LA FISICA - Gebara Zandivar Ortega	1	[{"added": {}}]	15	1
131	2023-12-06 06:10:13.193726-06	36	2023A - D01 - I5894 - SEMINARIO DE SOLUCION DE PROBLEMAS DE METODOS MATEMATICOS I - Gebara Zandivar Ortega	1	[{"added": {}}]	15	1
132	2023-12-06 06:11:15.886543-06	37	2023A - D07 - I6123 - INTRODUCCION A LA FISICA - Gebara Zandivar Ortega	1	[{"added": {}}]	15	1
133	2023-12-06 06:11:39.942328-06	37	2023A - D07 - I6123 - INTRODUCCION A LA FISICA - Gebara Zandivar Ortega	2	[{"changed": {"fields": ["Grade"]}}]	15	1
134	2023-12-06 06:12:03.57002-06	38	2023A - D07 - I6123 - INTRODUCCION A LA FISICA - Gebara Zandivar Ortega	1	[{"added": {}}]	15	1
135	2023-12-06 06:14:28.270506-06	19	PRACT - PRACTICAS PROFESIONALES	1	[{"added": {}}]	12	1
136	2023-12-06 06:15:47.943739-06	8	D01 - PRACT - PRACTICAS PROFESIONALES	1	[{"added": {}}]	16	1
137	2023-12-06 06:18:10.886408-06	39	2023A - D01 - PRACT - PRACTICAS PROFESIONALES - Gebara Zandivar Ortega	1	[{"added": {}}]	15	1
138	2023-12-06 08:25:36.253049-06	38	2023A - D07 - I6123 - INTRODUCCION A LA FISICA - Gebara Zandivar Ortega	2	[{"changed": {"fields": ["Grade"]}}]	15	1
139	2023-12-06 08:30:59.157006-06	38	2023A - D07 - I6123 - INTRODUCCION A LA FISICA - Gebara Zandivar Ortega	2	[{"changed": {"fields": ["Grade"]}}]	15	1
140	2023-12-06 08:34:11.449727-06	38	2023A - D07 - I6123 - INTRODUCCION A LA FISICA - Gebara Zandivar Ortega	2	[{"changed": {"fields": ["Grade"]}}]	15	1
208	2023-12-23 19:36:42.997433-06	9	2023B - D07 - I5892 - MATEMÁTICA DISCRETA - Israel Huerta Muñoz Velázquez	3		15	1
141	2023-12-06 08:46:04.349575-06	40	2023B - D01 - I5894 - SEMINARIO DE SOLUCION DE PROBLEMAS DE METODOS MATEMATICOS I - Manuel Gerardo Perez Perez	1	[{"added": {}}]	15	1
142	2023-12-06 09:05:00.429796-06	40	2023B - D01 - I5894 - SEMINARIO DE SOLUCION DE PROBLEMAS DE METODOS MATEMATICOS I - Manuel Gerardo Perez Perez	2	[{"changed": {"fields": ["Grade"]}}]	15	1
143	2023-12-06 09:16:07.559751-06	3	2023B - D07 - I6123 - INTRODUCCION A LA FISICA - Manuel Gerardo Perez Perez	2	[{"changed": {"fields": ["Grade"]}}]	15	1
144	2023-12-06 09:16:44.97986-06	3	2023B - D07 - I6123 - INTRODUCCION A LA FISICA - Manuel Gerardo Perez Perez	2	[{"changed": {"fields": ["Grade"]}}]	15	1
145	2023-12-08 09:37:40.97997-06	3	GD	2	[]	11	1
146	2023-12-08 09:37:45.381591-06	4	TT	2	[]	11	1
147	2023-12-11 06:50:44.440952-06	4	Gebara Zandivar Ortega	2	[{"changed": {"fields": ["Status"]}}]	8	1
148	2023-12-11 06:53:54.402948-06	4	Gebara Zandivar Ortega	2	[{"changed": {"fields": ["Status"]}}]	8	1
149	2023-12-11 07:16:30.220197-06	4	Gebara Zandivar Ortega	2	[{"changed": {"fields": ["Status"]}}]	8	1
150	2023-12-11 07:16:46.935659-06	4	Gebara Zandivar Ortega	2	[{"changed": {"fields": ["Status"]}}]	8	1
151	2023-12-12 06:52:30.632266-06	4	Gebara Zandivar Ortega	2	[{"changed": {"fields": ["Status"]}}]	8	1
152	2023-12-12 06:53:09.194711-06	4	Gebara Zandivar Ortega	2	[{"changed": {"fields": ["Status"]}}]	8	1
153	2023-12-12 08:13:44.456546-06	4	Gebara Zandivar Ortega	2	[{"changed": {"fields": ["Status"]}}]	8	1
154	2023-12-13 06:56:01.380325-06	1	AC	2	[]	11	1
155	2023-12-19 16:38:46.462164-06	1	2018_a	1	[{"added": {}}]	17	1
156	2023-12-19 16:43:31.192227-06	2	INCO - 2013	1	[{"added": {}}]	17	1
157	2023-12-19 16:44:41.916149-06	3	INCO - 2016	1	[{"added": {}}]	17	1
158	2023-12-19 16:49:22.293266-06	1	INCO - 2016 - 1	1	[{"added": {}}]	18	1
159	2023-12-19 16:49:38.162139-06	2	INCO - 2016 - 2	1	[{"added": {}}]	18	1
160	2023-12-19 16:49:43.882405-06	3	INCO - 2016 - 3	1	[{"added": {}}]	18	1
161	2023-12-19 16:50:38.03781-06	5	I5893 - METODOS MATEMATICOS I	2	[{"changed": {"fields": ["Semester"]}}]	13	1
162	2023-12-19 16:50:53.296522-06	6	I5894 - SEMINARIO DE SOLUCION DE PROBLEMAS DE METODOS MATEMATICOS I	2	[{"changed": {"fields": ["Semester"]}}]	13	1
163	2023-12-19 16:51:09.616597-06	2	I7022 - FUNDAMENTOS FILOSOFICOS DE LA COMPUTACION	2	[{"changed": {"fields": ["Semester"]}}]	13	1
164	2023-12-19 16:51:24.651301-06	3	I6123 - INTRODUCCION A LA FISICA	2	[{"changed": {"fields": ["Semester"]}}]	13	1
165	2023-12-19 16:51:42.125776-06	4	I5892 - MATEMATICA DISCRETA	2	[{"changed": {"fields": ["Semester"]}}]	13	1
166	2023-12-19 16:52:13.50566-06	9	I5895 - METODOS MATEMATICOS II	2	[{"changed": {"fields": ["Semester"]}}]	13	1
167	2023-12-19 16:52:47.477924-06	1	Manuel Gerardo Perez Perez	2	[{"changed": {"fields": ["Syllabus"]}}]	8	1
168	2023-12-19 16:52:50.764686-06	2	Hernandez Castro Mercado	2	[{"changed": {"fields": ["Syllabus"]}}]	8	1
169	2023-12-19 16:52:54.196003-06	3	Israel Huerta Muñoz Velázquez	2	[{"changed": {"fields": ["Syllabus"]}}]	8	1
170	2023-12-19 16:52:57.641845-06	4	Gebara Zandivar Ortega	2	[{"changed": {"fields": ["Syllabus"]}}]	8	1
171	2023-12-19 16:53:00.941745-06	1	Manuel Gerardo Perez Perez	2	[]	8	1
172	2023-12-19 16:57:47.425677-06	4	INDU - Semestre 1	1	[{"added": {}}]	18	1
173	2023-12-19 16:57:59.320041-06	5	INDU - Semestre 2	1	[{"added": {}}]	18	1
174	2023-12-19 16:58:34.450166-06	15	I7370 - ADMINISTRACIÓN	2	[]	13	1
175	2023-12-19 16:58:43.614082-06	18	I7349 - INTRODUCCIÓN A LAS MATEMÁTICAS DISCRETAS	2	[{"changed": {"fields": ["Semester"]}}]	13	1
176	2023-12-19 17:08:33.157354-06	18	I7349 - INTRODUCCIÓN A LAS MATEMÁTICAS DISCRETAS	2	[]	13	1
177	2023-12-19 18:55:56.033293-06	1	I5893 - METODOS MATEMATICOS I	1	[{"added": {}}]	19	1
178	2023-12-19 18:56:47.638298-06	2	I5894 - SEMINARIO DE SOLUCIÓN DE PROBLEMAS DE MÉTODOS MATEMATICOS I	1	[{"added": {}}]	19	1
179	2023-12-19 18:57:11.720897-06	3	I5892 - MATEMÁTICA DISCRETA	1	[{"added": {}}]	19	1
180	2023-12-19 18:57:48.534063-06	4	I7022 - FUNDAMENTOS FILOSÓFICOS DE LA COMPUTACIÓN	1	[{"added": {}}]	19	1
181	2023-12-19 18:58:49.799276-06	5	I6123 - INTRODUCCIÓN A LA FÍSICA	1	[{"added": {}}]	19	1
182	2023-12-19 18:59:54.208402-06	6	I5895 - MÉTODOS MATEMATICOS II	1	[{"added": {}}]	19	1
183	2023-12-19 19:00:23.81329-06	7	I5896 - SEMINARIO DE SOLUCIÓN DE PROBLEMAS DE MÉTODOS MATEMATICOS II	1	[{"added": {}}]	19	1
184	2023-12-19 19:00:41.176033-06	8	I5882 - PROGRAMACIÓN	1	[{"added": {}}]	19	1
185	2023-12-19 19:01:19.942258-06	9	I5883 - SEMINARIO DE SOLUCIÓN DE PROBLEMAS DE PROGRAMACIÓN	1	[{"added": {}}]	19	1
186	2023-12-19 19:01:47.17953-06	10	I7023 - ARQUITECTURA DE COMPUTADORAS	1	[{"added": {}}]	19	1
187	2023-12-19 19:02:09.606105-06	11	I7024 - SEMINARIO DE SOLUCIÓN DE PROBLEMAS DE ARQUITECTURA DE COMPUTADORAS	1	[{"added": {}}]	19	1
188	2023-12-19 19:03:20.041589-06	12	I7020 - MÉTODOS MATEMATICOS III	1	[{"added": {}}]	19	1
189	2023-12-19 19:03:50.237592-06	13	I7021 - SEMINARIO DE SOLUCIÓN DE PROBLEMAS DE MÉTODOS MATEMATICOS III	1	[{"added": {}}]	19	1
190	2023-12-19 19:04:32.109835-06	14	I5897 - ESTADÍSTICA Y PROCESOS ESTOCÁSTICOS	1	[{"added": {}}]	19	1
191	2023-12-19 19:04:52.123402-06	15	I5886 - ESTRUCTURAS DE DATOS I	1	[{"added": {}}]	19	1
192	2023-12-19 19:05:20.175648-06	16	I5887 - SEMINARIO DE SOLUCIÓN DE PROBLEMAS DE ESTRUCTURAS DE DATOS I	1	[{"added": {}}]	19	1
193	2023-12-19 19:06:02.581878-06	17	I7031 - REDES DE COMPUTADORAS Y PROTOCOLOS DE COMUNICACIÓN	1	[{"added": {}}]	19	1
194	2023-12-19 19:07:15.346981-06	18	PRAC - PRACTICAS PROFESIONALES	1	[{"added": {}}]	19	1
195	2023-12-19 19:09:30.272804-06	19	IL349 - ADMINISTRACIÓN	1	[{"added": {}}]	19	1
196	2023-12-19 19:09:39.61951-06	8	D01 - PRAC - PRACTICAS PROFESIONALES	2	[{"changed": {"fields": ["Subject"]}}]	14	1
197	2023-12-19 19:23:15.027498-06	1	INCO - Semestre 1	2	[{"changed": {"fields": ["Subject"]}}]	18	1
198	2023-12-19 19:23:25.053899-06	1	INCO - Semestre 1	2	[]	18	1
199	2023-12-19 19:23:48.422671-06	2	INCO - Semestre 1	2	[{"changed": {"fields": ["Subject", "Number"]}}]	18	1
200	2023-12-19 19:24:00.723324-06	3	INCO - Semestre 1	2	[{"changed": {"fields": ["Subject", "Number"]}}]	18	1
201	2023-12-19 19:27:28.036736-06	5	INDU - Semestre 2	3		18	1
202	2023-12-19 19:27:28.040738-06	4	INDU - Semestre 1	3		18	1
203	2023-12-19 19:28:03.942037-06	4	INCO - Semestre 1	2	[{"changed": {"fields": ["Syllabus", "Subject"]}}]	18	1
204	2023-12-19 19:28:12.429243-06	3	INCO - Semestre 1	2	[]	18	1
205	2023-12-19 19:28:22.112976-06	5	INCO - Semestre 1	2	[{"changed": {"fields": ["Syllabus", "Subject", "Number"]}}]	18	1
206	2023-12-23 19:36:42.992433-06	11	2023B - D03 - I5894 - SEMINARIO DE SOLUCIÓN DE PROBLEMAS DE MÉTODOS MATEMATICOS I - Israel Huerta Muñoz Velázquez	3		15	1
207	2023-12-23 19:36:42.997433-06	10	2023B - D02 - I5896 - SEMINARIO DE SOLUCIÓN DE PROBLEMAS DE MÉTODOS MATEMATICOS II - Israel Huerta Muñoz Velázquez	3		15	1
209	2023-12-23 19:36:42.999434-06	8	2023B - D03 - I5894 - SEMINARIO DE SOLUCIÓN DE PROBLEMAS DE MÉTODOS MATEMATICOS I - Israel Huerta Muñoz Velázquez	3		15	1
210	2023-12-23 19:36:43.000432-06	7	2023B - D03 - I5893 - METODOS MATEMATICOS I - Israel Huerta Muñoz Velázquez	3		15	1
211	2023-12-23 19:38:01.140938-06	5	INCO - Semestre 1 - INTRODUCCIÓN A LA FÍSICA	2	[{"changed": {"fields": ["Subject"]}}]	18	1
212	2023-12-23 19:38:47.422494-06	41	2023B - D07 - I5892 - MATEMÁTICA DISCRETA - Israel Huerta Muñoz Velázquez	1	[{"added": {}}]	15	1
213	2023-12-23 19:39:11.174324-06	42	2023B - D03 - I5894 - SEMINARIO DE SOLUCIÓN DE PROBLEMAS DE MÉTODOS MATEMATICOS I - Israel Huerta Muñoz Velázquez	1	[{"added": {}}]	15	1
214	2023-12-23 19:39:39.799455-06	43	2023B - D03 - I5893 - METODOS MATEMATICOS I - Israel Huerta Muñoz Velázquez	1	[{"added": {}}]	15	1
215	2023-12-23 19:41:08.42843-06	9	D10 - I7022 - FUNDAMENTOS FILOSÓFICOS DE LA COMPUTACIÓN	1	[{"added": {}}]	14	1
216	2023-12-23 19:41:52.761836-06	10	D05 - I6123 - INTRODUCCIÓN A LA FÍSICA	1	[{"added": {}}]	14	1
217	2023-12-23 19:42:32.518349-06	44	2023B - D10 - I7022 - FUNDAMENTOS FILOSÓFICOS DE LA COMPUTACIÓN - Israel Huerta Muñoz Velázquez	1	[{"added": {}}]	15	1
218	2023-12-23 19:43:19.694997-06	45	2023B - D05 - I6123 - INTRODUCCIÓN A LA FÍSICA - Israel Huerta Muñoz Velázquez	1	[{"added": {}}]	15	1
219	2023-12-23 19:45:59.634503-06	46	2023B - D01 - I5895 - MÉTODOS MATEMATICOS II - Israel Huerta Muñoz Velázquez	1	[{"added": {}}]	15	1
220	2023-12-23 19:46:34.6768-06	46	2023B - D01 - I5895 - MÉTODOS MATEMATICOS II - Israel Huerta Muñoz Velázquez	3		15	1
221	2023-12-23 19:46:59.527359-06	45	2023B - D05 - I6123 - INTRODUCCIÓN A LA FÍSICA - Israel Huerta Muñoz Velázquez	2	[{"changed": {"fields": ["Grade"]}}]	15	1
222	2023-12-23 19:47:29.970995-06	47	2023B - D05 - I6123 - INTRODUCCIÓN A LA FÍSICA - Israel Huerta Muñoz Velázquez	1	[{"added": {}}]	15	1
223	2023-12-23 19:50:52.864578-06	44	2023B - D10 - I7022 - FUNDAMENTOS FILOSÓFICOS DE LA COMPUTACIÓN - Israel Huerta Muñoz Velázquez	3		15	1
224	2023-12-23 19:51:09.052076-06	48	2023B - D10 - I7022 - FUNDAMENTOS FILOSÓFICOS DE LA COMPUTACIÓN - Israel Huerta Muñoz Velázquez	1	[{"added": {}}]	15	1
225	2023-12-23 19:51:23.530624-06	49	2023B - D10 - I7022 - FUNDAMENTOS FILOSÓFICOS DE LA COMPUTACIÓN - Israel Huerta Muñoz Velázquez	1	[{"added": {}}]	15	1
226	2023-12-23 20:02:53.907737-06	49	2023B - D10 - I7022 - FUNDAMENTOS FILOSÓFICOS DE LA COMPUTACIÓN - Israel Huerta Muñoz Velázquez	3		15	1
227	2023-12-23 20:02:59.912598-06	48	2023B - D10 - I7022 - FUNDAMENTOS FILOSÓFICOS DE LA COMPUTACIÓN - Israel Huerta Muñoz Velázquez	2	[{"changed": {"fields": ["Grade"]}}]	15	1
228	2023-12-23 20:03:38.226792-06	50	2023B - D05 - I6123 - INTRODUCCIÓN A LA FÍSICA - Israel Huerta Muñoz Velázquez	1	[{"added": {}}]	15	1
229	2023-12-23 20:03:46.778603-06	50	2023B - D10 - I7022 - FUNDAMENTOS FILOSÓFICOS DE LA COMPUTACIÓN - Israel Huerta Muñoz Velázquez	2	[{"changed": {"fields": ["Section"]}}]	15	1
230	2023-12-25 17:01:24.784688-06	6	INCO - Semestre 2 - MÉTODOS MATEMATICOS II	1	[{"added": {}}]	18	1
231	2023-12-25 17:03:20.307861-06	7	INCO - Semestre 2 - SEMINARIO DE SOLUCIÓN DE PROBLEMAS DE MÉTODOS MATEMATICOS II	1	[{"added": {}}]	18	1
232	2023-12-25 17:03:35.610334-06	8	INCO - Semestre 2 - PROGRAMACIÓN	1	[{"added": {}}]	18	1
233	2023-12-25 17:08:06.877817-06	51	2023A - D10 - I7022 - FUNDAMENTOS FILOSÓFICOS DE LA COMPUTACIÓN - Manuel Gerardo Perez Perez	1	[{"added": {}}]	15	1
234	2023-12-25 17:10:42.316816-06	52	2023B - D05 - I6123 - INTRODUCCIÓN A LA FÍSICA - Manuel Gerardo Perez Perez	1	[{"added": {}}]	15	1
235	2023-12-25 17:12:46.557155-06	40	2023B - D01 - I5895 - MÉTODOS MATEMATICOS II - Manuel Gerardo Perez Perez	2	[{"changed": {"fields": ["Grade"]}}]	15	1
236	2023-12-25 17:20:04.738963-06	40	2023B - D01 - I5895 - MÉTODOS MATEMATICOS II - Manuel Gerardo Perez Perez	2	[{"changed": {"fields": ["Grade"]}}]	15	1
237	2023-12-25 17:20:51.13757-06	53	2023B - D01 - I5895 - MÉTODOS MATEMATICOS II - Manuel Gerardo Perez Perez	1	[{"added": {}}]	15	1
238	2023-12-29 19:18:23.823177-06	11	D03 - I5892 - MATEMÁTICA DISCRETA	1	[{"added": {}}]	14	1
239	2023-12-29 19:18:52.742404-06	41	2023B - D03 - I5892 - MATEMÁTICA DISCRETA - Israel Huerta Muñoz Velázquez	2	[{"changed": {"fields": ["Section"]}}]	15	1
240	2023-12-29 19:41:44.06411-06	50	2023B - D10 - I7022 - FUNDAMENTOS FILOSÓFICOS DE LA COMPUTACIÓN - Israel Huerta Muñoz Velázquez	2	[]	15	1
241	2023-12-29 19:55:01.429717-06	50	2023B - D10 - I7022 - FUNDAMENTOS FILOSÓFICOS DE LA COMPUTACIÓN - Israel Huerta Muñoz Velázquez	2	[]	15	1
242	2023-12-29 19:55:05.855509-06	48	2023B - D10 - I7022 - FUNDAMENTOS FILOSÓFICOS DE LA COMPUTACIÓN - Israel Huerta Muñoz Velázquez	2	[]	15	1
243	2023-12-29 20:06:00.439504-06	50	2023B - D10 - I7022 - FUNDAMENTOS FILOSÓFICOS DE LA COMPUTACIÓN - Israel Huerta Muñoz Velázquez	2	[{"changed": {"fields": ["Grade"]}}]	15	1
244	2023-12-29 20:11:51.958354-06	50	2023B - D10 - I7022 - FUNDAMENTOS FILOSÓFICOS DE LA COMPUTACIÓN - Israel Huerta Muñoz Velázquez	2	[{"changed": {"fields": ["Grade"]}}]	15	1
245	2023-12-29 20:15:23.392285-06	50	2023B - D10 - I7022 - FUNDAMENTOS FILOSÓFICOS DE LA COMPUTACIÓN - Israel Huerta Muñoz Velázquez	2	[{"changed": {"fields": ["Grade"]}}]	15	1
246	2023-12-29 20:16:25.652454-06	50	2023B - D10 - I7022 - FUNDAMENTOS FILOSÓFICOS DE LA COMPUTACIÓN - Israel Huerta Muñoz Velázquez	2	[{"changed": {"fields": ["Grade"]}}]	15	1
247	2023-12-29 21:46:34.593025-06	47	2023B - D05 - I6123 - INTRODUCCIÓN A LA FÍSICA - Israel Huerta Muñoz Velázquez	2	[{"changed": {"fields": ["Grade"]}}]	15	1
248	2023-12-29 21:47:37.27378-06	47	2023B - D05 - I6123 - INTRODUCCIÓN A LA FÍSICA - Israel Huerta Muñoz Velázquez	2	[{"changed": {"fields": ["Grade"]}}]	15	1
249	2024-01-17 03:30:20.710703-06	1	Administradores	2	[]	3	1
250	2024-01-17 03:30:25.349917-06	1	Administradores	2	[]	3	1
251	2024-01-17 03:34:14.164304-06	2	user1	1	[{"added": {}}]	4	1
252	2024-01-17 03:34:43.294151-06	2	user1	2	[{"changed": {"fields": ["Groups"]}}]	4	1
253	2024-01-17 03:43:58.416943-06	1	admin	2	[{"changed": {"fields": ["Groups"]}}]	4	1
254	2024-01-18 08:07:15.392488-06	54	2022B - D01 - I5893 - METODOS MATEMATICOS I - Hernandez Castro Mercado	1	[{"added": {}}]	15	1
255	2024-01-18 08:09:09.9593-06	54	2022B - D01 - I5893 - METODOS MATEMATICOS I - Hernandez Castro Mercado	2	[{"changed": {"fields": ["Grade"]}}]	15	1
256	2024-01-18 08:09:25.398353-06	54	2022B - D01 - I5895 - MÉTODOS MATEMATICOS II - Hernandez Castro Mercado	2	[{"changed": {"fields": ["Section"]}}]	15	1
257	2024-01-18 08:10:13.527526-06	54	2022B - D07 - I5892 - MATEMÁTICA DISCRETA - Hernandez Castro Mercado	2	[{"changed": {"fields": ["Section"]}}]	15	1
258	2024-01-18 08:10:37.639584-06	54	2022B - D07 - I5892 - MATEMÁTICA DISCRETA - Hernandez Castro Mercado	3		15	1
259	2024-01-18 08:11:08.143416-06	19	2022B - D07 - I5892 - MATEMÁTICA DISCRETA - Hernandez Castro Mercado	2	[{"changed": {"fields": ["Grade"]}}]	15	1
260	2024-01-18 08:16:51.279196-06	19	2022B - D07 - I5892 - MATEMÁTICA DISCRETA - Hernandez Castro Mercado	2	[{"changed": {"fields": ["Grade"]}}]	15	1
261	2024-01-19 04:27:01.006408-06	1	2023A - D01 - I5893 - METODOS MATEMATICOS I - Manuel Gerardo Perez Perez	3		15	1
262	2024-01-19 04:28:15.617068-06	55	2023A - D01 - I5893 - METODOS MATEMATICOS I - Manuel Gerardo Perez Perez	1	[{"added": {}}]	15	1
263	2024-01-19 04:28:49.260037-06	55	2023A - D01 - I5893 - METODOS MATEMATICOS I - Manuel Gerardo Perez Perez	2	[{"changed": {"fields": ["Deleted at"]}}]	15	1
264	2024-01-23 05:48:40.942537-06	56	2023A - D01 - I5893 - METODOS MATEMATICOS I - Manuel Gerardo Perez Perez	1	[{"added": {}}]	15	1
265	2024-01-23 05:48:56.182657-06	56	2023A - D01 - I5893 - METODOS MATEMATICOS I - Manuel Gerardo Perez Perez	2	[{"changed": {"fields": ["Grade"]}}]	15	1
266	2024-01-23 05:49:48.030608-06	56	2023A - D01 - I5893 - METODOS MATEMATICOS I - Manuel Gerardo Perez Perez	2	[{"changed": {"fields": ["Grade"]}}]	15	1
267	2024-01-23 05:50:00.474305-06	56	2023A - D01 - I5893 - METODOS MATEMATICOS I - Manuel Gerardo Perez Perez	2	[{"changed": {"fields": ["Grade"]}}]	15	1
268	2024-01-23 06:52:52.345726-06	56	2023A - D01 - I5893 - METODOS MATEMATICOS I - Manuel Gerardo Perez Perez	2	[{"changed": {"fields": ["Grade"]}}]	15	1
269	2024-01-23 06:53:06.717593-06	56	2023A - D01 - I5893 - METODOS MATEMATICOS I - Manuel Gerardo Perez Perez	2	[{"changed": {"fields": ["Grade"]}}]	15	1
270	2024-01-23 06:53:45.021206-06	57	2023B - D03 - I5893 - METODOS MATEMATICOS I - Manuel Gerardo Perez Perez	1	[{"added": {}}]	15	1
271	2024-01-23 06:54:11.327343-06	57	2023A - D03 - I5893 - METODOS MATEMATICOS I - Manuel Gerardo Perez Perez	2	[{"changed": {"fields": ["School cycle", "Grade period"]}}]	15	1
272	2024-02-14 08:02:16.005614-06	1	1	3		9	1
273	2024-02-14 08:20:20.76135-06	5	5	3		9	1
274	2024-02-26 08:58:17.575693-06	2	user1	2	[{"changed": {"fields": ["password"]}}]	4	1
275	2024-02-26 09:00:55.678442-06	2	user1	2	[{"changed": {"fields": ["Groups"]}}]	4	1
276	2024-02-29 07:31:58.704605-06	20	OPT - OPTATIVA ABIERTA	1	[{"added": {}}]	19	1
277	2024-02-29 07:32:54.70454-06	9	INCO - Semestre 1 - OPTATIVA ABIERTA	1	[{"added": {}}]	18	1
278	2024-02-29 07:59:52.7421-06	10	INCO - Semestre 2 - OPTATIVA ABIERTA	1	[{"added": {}}]	18	1
279	2024-02-29 08:01:17.644939-06	10	INCO - Semestre 2 - OPTATIVA ABIERTA	3		18	1
280	2024-02-29 08:52:40.328395-06	11	INCO - Semestre 1 - OPTATIVA ABIERTA	1	[{"added": {}}]	18	1
281	2024-02-29 08:52:49.809229-06	11	INCO - Semestre 1 - OPTATIVA ABIERTA	3		18	1
282	2024-03-05 08:07:07.835368-06	9	INCO - Semestre 1 - OPTATIVA ABIERTA	3		18	1
283	2024-03-05 08:07:38.961486-06	12	INCO - Semestre 1 - OPTATIVA ABIERTA	1	[{"added": {}}]	18	1
284	2024-03-05 08:10:44.707193-06	12	D10 - IL349 - ADMINISTRACIÓN	1	[{"added": {}}]	14	1
285	2024-03-05 08:11:34.063273-06	58	2023B - D10 - IL349 - ADMINISTRACIÓN - Manuel Gerardo Perez Perez	1	[{"added": {}}]	15	1
286	2024-03-05 08:51:37.784562-06	58	2023B - D10 - IL349 - ADMINISTRACIÓN - Manuel Gerardo Perez Perez	2	[{"changed": {"fields": ["Grade"]}}]	15	1
287	2024-03-05 08:52:52.309989-06	58	2023B - D10 - IL349 - ADMINISTRACIÓN - Manuel Gerardo Perez Perez	2	[]	15	1
288	2024-03-05 08:53:07.064998-06	58	2023B - D10 - IL349 - ADMINISTRACIÓN - Manuel Gerardo Perez Perez	2	[{"changed": {"fields": ["Grade"]}}]	15	1
289	2024-03-05 09:19:41.086424-06	13	INCO - Semestre 3 - REDES DE COMPUTADORAS Y PROTOCOLOS DE COMUNICACIÓN	1	[{"added": {}}]	18	1
290	2024-03-05 09:20:54.052883-06	13	D01 - I7031 - REDES DE COMPUTADORAS Y PROTOCOLOS DE COMUNICACIÓN	1	[{"added": {}}]	14	1
291	2024-03-05 09:21:23.090262-06	59	2023B - D01 - I7031 - REDES DE COMPUTADORAS Y PROTOCOLOS DE COMUNICACIÓN - Manuel Gerardo Perez Perez	1	[{"added": {}}]	15	1
292	2024-03-05 09:21:44.79777-06	58	2023B - D10 - IL349 - ADMINISTRACIÓN - Manuel Gerardo Perez Perez	3		15	1
293	2024-03-05 09:22:33.84916-06	60	2023B - D10 - IL349 - ADMINISTRACIÓN - Manuel Gerardo Perez Perez	1	[{"added": {}}]	15	1
294	2024-03-05 09:43:08.381158-06	59	2023B - D01 - I7031 - REDES DE COMPUTADORAS Y PROTOCOLOS DE COMUNICACIÓN - Manuel Gerardo Perez Perez	2	[]	15	1
295	2024-03-05 09:43:46.322238-06	14	INCO - Semestre 3 - OPTATIVA ABIERTA	1	[{"added": {}}]	18	1
296	2024-03-05 09:44:48.708093-06	14	INCO - Semestre 2 - OPTATIVA ABIERTA	2	[{"changed": {"fields": ["Number"]}}]	18	1
297	2024-03-05 09:45:20.56715-06	14	INCO - Semestre 3 - OPTATIVA ABIERTA	2	[{"changed": {"fields": ["Number"]}}]	18	1
298	2024-03-05 09:45:48.849608-06	14	INCO - Semestre 3 - OPTATIVA ABIERTA	3		18	1
299	2024-03-10 15:20:04.67196-06	5	Emmanuel Fernandez Pizano Guebara	1	[{"added": {}}]	8	1
300	2024-03-10 15:21:04.718394-06	6	Ismael Perez Del Salto	1	[{"added": {}}]	8	1
301	2024-03-10 15:22:03.078964-06	7	Fernando Avila Perez	1	[{"added": {}}]	8	1
302	2024-03-10 15:24:00.499838-06	8	Luis Fernandez Zandivar Huerta	1	[{"added": {}}]	8	1
303	2024-03-10 15:24:52.452815-06	9	Brandon Del Valle Perez	1	[{"added": {}}]	8	1
304	2024-03-10 15:26:26.840221-06	10	Alex Miguel Mercado Garibay	1	[{"added": {}}]	8	1
305	2024-03-10 15:30:17.137801-06	61	2023B - D01 - I5893 - METODOS MATEMATICOS I - Alex Miguel Mercado Garibay	1	[{"added": {}}]	15	1
306	2024-03-10 15:30:45.33248-06	62	2023B - D03 - I5894 - SEMINARIO DE SOLUCIÓN DE PROBLEMAS DE MÉTODOS MATEMATICOS I - Alex Miguel Mercado Garibay	1	[{"added": {}}]	15	1
307	2024-03-10 15:31:12.82475-06	63	2023B - D07 - I5892 - MATEMÁTICA DISCRETA - Alex Miguel Mercado Garibay	1	[{"added": {}}]	15	1
308	2024-03-10 15:31:36.071613-06	64	2023B - D10 - I7022 - FUNDAMENTOS FILOSÓFICOS DE LA COMPUTACIÓN - Alex Miguel Mercado Garibay	1	[{"added": {}}]	15	1
309	2024-03-10 15:31:57.731356-06	65	2023B - D10 - I7022 - FUNDAMENTOS FILOSÓFICOS DE LA COMPUTACIÓN - Alex Miguel Mercado Garibay	1	[{"added": {}}]	15	1
310	2024-03-10 15:32:28.411763-06	66	2023B - D05 - I6123 - INTRODUCCIÓN A LA FÍSICA - Alex Miguel Mercado Garibay	1	[{"added": {}}]	15	1
311	2024-03-10 15:34:00.166897-06	12	INCO - Semestre 1 - OPTATIVA ABIERTA	3		18	1
312	2024-03-10 15:39:57.606934-06	67	2023B - D03 - I5893 - METODOS MATEMATICOS I - Brandon Del Valle Perez	1	[{"added": {}}]	15	1
313	2024-03-10 15:40:18.498609-06	68	2023B - D03 - I5894 - SEMINARIO DE SOLUCIÓN DE PROBLEMAS DE MÉTODOS MATEMATICOS I - Brandon Del Valle Perez	1	[{"added": {}}]	15	1
314	2024-03-10 15:40:43.742888-06	69	2023B - D03 - I5892 - MATEMÁTICA DISCRETA - Brandon Del Valle Perez	1	[{"added": {}}]	15	1
315	2024-03-10 15:41:50.044715-06	70	2023B - D10 - I7022 - FUNDAMENTOS FILOSÓFICOS DE LA COMPUTACIÓN - Brandon Del Valle Perez	1	[{"added": {}}]	15	1
316	2024-03-10 15:42:09.448152-06	71	2023B - D05 - I6123 - INTRODUCCIÓN A LA FÍSICA - Brandon Del Valle Perez	1	[{"added": {}}]	15	1
317	2024-03-10 15:43:47.133267-06	72	2023B - D03 - I5893 - METODOS MATEMATICOS I - Luis Fernandez Zandivar Huerta	1	[{"added": {}}]	15	1
318	2024-03-10 15:44:05.575577-06	73	2023B - D03 - I5894 - SEMINARIO DE SOLUCIÓN DE PROBLEMAS DE MÉTODOS MATEMATICOS I - Luis Fernandez Zandivar Huerta	1	[{"added": {}}]	15	1
319	2024-03-10 15:44:36.182738-06	74	2023B - D10 - I7022 - FUNDAMENTOS FILOSÓFICOS DE LA COMPUTACIÓN - Luis Fernandez Zandivar Huerta	1	[{"added": {}}]	15	1
320	2024-03-10 15:45:25.529799-06	75	2023B - D03 - I5892 - MATEMÁTICA DISCRETA - Luis Fernandez Zandivar Huerta	1	[{"added": {}}]	15	1
321	2024-03-10 15:45:48.359649-06	76	2023B - D05 - I6123 - INTRODUCCIÓN A LA FÍSICA - Luis Fernandez Zandivar Huerta	1	[{"added": {}}]	15	1
322	2024-03-10 15:47:20.75317-06	77	2023B - D01 - I5893 - METODOS MATEMATICOS I - Fernando Avila Perez	1	[{"added": {}}]	15	1
323	2024-03-10 15:47:36.371783-06	78	2023B - D03 - I5894 - SEMINARIO DE SOLUCIÓN DE PROBLEMAS DE MÉTODOS MATEMATICOS I - Fernando Avila Perez	1	[{"added": {}}]	15	1
324	2024-03-10 15:47:54.46593-06	79	2023B - D07 - I5892 - MATEMÁTICA DISCRETA - Fernando Avila Perez	1	[{"added": {}}]	15	1
325	2024-03-10 15:48:21.963948-06	80	2023B - D10 - I7022 - FUNDAMENTOS FILOSÓFICOS DE LA COMPUTACIÓN - Fernando Avila Perez	1	[{"added": {}}]	15	1
326	2024-03-10 15:48:50.104845-06	81	2023B - D05 - I6123 - INTRODUCCIÓN A LA FÍSICA - Fernando Avila Perez	1	[{"added": {}}]	15	1
327	2024-03-10 15:50:01.255367-06	82	2023B - D01 - I5893 - METODOS MATEMATICOS I - Ismael Perez Del Salto	1	[{"added": {}}]	15	1
328	2024-03-10 15:50:17.094933-06	83	2023B - D03 - I5894 - SEMINARIO DE SOLUCIÓN DE PROBLEMAS DE MÉTODOS MATEMATICOS I - Ismael Perez Del Salto	1	[{"added": {}}]	15	1
329	2024-03-10 15:51:00.411341-06	84	2023B - D07 - I5892 - MATEMÁTICA DISCRETA - Ismael Perez Del Salto	1	[{"added": {}}]	15	1
330	2024-03-10 15:51:16.584834-06	85	2023B - D10 - I7022 - FUNDAMENTOS FILOSÓFICOS DE LA COMPUTACIÓN - Ismael Perez Del Salto	1	[{"added": {}}]	15	1
331	2024-03-10 15:51:41.335032-06	86	2023B - D05 - I6123 - INTRODUCCIÓN A LA FÍSICA - Ismael Perez Del Salto	1	[{"added": {}}]	15	1
332	2024-03-10 15:51:56.587772-06	87	2023B - D05 - I6123 - INTRODUCCIÓN A LA FÍSICA - Ismael Perez Del Salto	1	[{"added": {}}]	15	1
333	2024-03-10 15:53:50.869832-06	88	2023B - D03 - I5893 - METODOS MATEMATICOS I - Emmanuel Fernandez Pizano Guebara	1	[{"added": {}}]	15	1
334	2024-03-10 15:54:07.106907-06	89	2023B - D07 - I5892 - MATEMÁTICA DISCRETA - Emmanuel Fernandez Pizano Guebara	1	[{"added": {}}]	15	1
335	2024-03-10 15:54:27.500753-06	90	2023B - D03 - I5894 - SEMINARIO DE SOLUCIÓN DE PROBLEMAS DE MÉTODOS MATEMATICOS I - Emmanuel Fernandez Pizano Guebara	1	[{"added": {}}]	15	1
336	2024-03-10 15:55:25.448336-06	91	2023B - D10 - I7022 - FUNDAMENTOS FILOSÓFICOS DE LA COMPUTACIÓN - Emmanuel Fernandez Pizano Guebara	1	[{"added": {}}]	15	1
337	2024-03-10 15:55:40.262463-06	92	2023B - D05 - I6123 - INTRODUCCIÓN A LA FÍSICA - Emmanuel Fernandez Pizano Guebara	1	[{"added": {}}]	15	1
338	2024-03-11 20:07:22.182452-06	15	Kathy Davis Greene Winters	3		8	1
339	2024-03-11 20:07:22.188452-06	14	Robin Stein Short Mora	3		8	1
340	2024-03-11 20:07:22.189453-06	13	Cody Cooper Harris Harris	3		8	1
341	2024-03-11 20:07:22.190453-06	12	Tony Barron Rollins Frank	3		8	1
342	2024-03-11 20:07:22.190453-06	11	John Weiss Johnson Doyle	3		8	1
343	2024-03-11 20:09:42.232937-06	16	Christopher Smith Glass Wolf	3		8	1
344	2024-03-11 20:17:27.372369-06	18	Wendy Mullen Campbell Bass	3		8	1
345	2024-03-11 20:17:27.374369-06	17	Craig Davis Wagner Hill	3		8	1
346	2024-03-11 22:02:16.545077-06	93	2023B - D01 - I5893 - METODOS MATEMATICOS I - Jamie Webster MD Patel Mack	2	[{"changed": {"fields": ["Deleted at"]}}]	15	1
347	2024-03-11 22:03:38.529164-06	23	Taylor Bennett Mason Jenkins	3		8	1
348	2024-03-11 22:03:38.532165-06	22	Virginia Rodriguez Pena Turner	3		8	1
349	2024-03-11 22:03:38.532165-06	21	Kimberly Wallace Martin Chavez	3		8	1
350	2024-03-11 22:03:38.533164-06	20	Kimberly Hines Long Webster	3		8	1
351	2024-03-11 22:12:10.856348-06	93	2023B - D01 - I5893 - METODOS MATEMATICOS I - Jamie Webster MD Patel Mack	3		15	1
352	2024-03-11 22:12:38.866735-06	93	2023B - D01 - I5893 - METODOS MATEMATICOS I - Jamie Webster MD Patel Mack	3		15	1
353	2024-03-11 22:12:52.630216-06	93	2023B - D01 - I5893 - METODOS MATEMATICOS I - Jamie Webster MD Patel Mack	3		15	1
355	2024-03-11 22:13:32.861959-06	19	Jamie Webster MD Patel Mack	3		8	1
\.


--
-- Name: django_admin_log_id_seq; Type: SEQUENCE SET; Schema: public; Owner: django
--

SELECT pg_catalog.setval('public.django_admin_log_id_seq', 355, true);


--
-- Name: django_admin_log django_admin_log_pkey; Type: CONSTRAINT; Schema: public; Owner: django
--

ALTER TABLE ONLY public.django_admin_log
    ADD CONSTRAINT django_admin_log_pkey PRIMARY KEY (id);


--
-- Name: django_admin_log_content_type_id_c4bce8eb; Type: INDEX; Schema: public; Owner: django
--

CREATE INDEX django_admin_log_content_type_id_c4bce8eb ON public.django_admin_log USING btree (content_type_id);


--
-- Name: django_admin_log_user_id_c564eba6; Type: INDEX; Schema: public; Owner: django
--

CREATE INDEX django_admin_log_user_id_c564eba6 ON public.django_admin_log USING btree (user_id);


--
-- Name: django_admin_log django_admin_log_user_id_c564eba6_fk_auth_user_id; Type: FK CONSTRAINT; Schema: public; Owner: django
--

ALTER TABLE ONLY public.django_admin_log
    ADD CONSTRAINT django_admin_log_user_id_c564eba6_fk_auth_user_id FOREIGN KEY (user_id) REFERENCES public.auth_user(id) DEFERRABLE INITIALLY DEFERRED;


--
-- PostgreSQL database dump complete
--

--
-- PostgreSQL database dump
--

-- Dumped from database version 16.1
-- Dumped by pg_dump version 16.1

SET statement_timeout = 0;
SET lock_timeout = 0;
SET idle_in_transaction_session_timeout = 0;
SET client_encoding = 'UTF8';
SET standard_conforming_strings = on;
SELECT pg_catalog.set_config('search_path', '', false);
SET check_function_bodies = false;
SET xmloption = content;
SET client_min_messages = warning;
SET row_security = off;

SET default_tablespace = '';

SET default_table_access_method = heap;

--
-- Name: django_content_type; Type: TABLE; Schema: public; Owner: django
--

CREATE TABLE public.django_content_type (
    id integer NOT NULL,
    app_label character varying(100) NOT NULL,
    model character varying(100) NOT NULL
);


ALTER TABLE public.django_content_type OWNER TO django;

--
-- Name: django_content_type_id_seq; Type: SEQUENCE; Schema: public; Owner: django
--

ALTER TABLE public.django_content_type ALTER COLUMN id ADD GENERATED BY DEFAULT AS IDENTITY (
    SEQUENCE NAME public.django_content_type_id_seq
    START WITH 1
    INCREMENT BY 1
    NO MINVALUE
    NO MAXVALUE
    CACHE 1
);


--
-- Data for Name: django_content_type; Type: TABLE DATA; Schema: public; Owner: django
--

COPY public.django_content_type (id, app_label, model) FROM stdin;
1	admin	logentry
2	auth	permission
3	auth	group
4	auth	user
5	contenttypes	contenttype
6	sessions	session
7	studentform	school_cycle
8	studentform	student
9	studentform	contact
10	studentform	career
11	studentform	status
12	studenthistory	gradeperiod
13	studenthistory	subject
14	studenthistory	section
15	studenthistory	course
16	studenthistory	careersubject
17	studentform	syllabus
18	studentform	semester
19	studentform	subject
\.


--
-- Name: django_content_type_id_seq; Type: SEQUENCE SET; Schema: public; Owner: django
--

SELECT pg_catalog.setval('public.django_content_type_id_seq', 19, true);


--
-- Name: django_content_type django_content_type_app_label_model_76bd3d3b_uniq; Type: CONSTRAINT; Schema: public; Owner: django
--

ALTER TABLE ONLY public.django_content_type
    ADD CONSTRAINT django_content_type_app_label_model_76bd3d3b_uniq UNIQUE (app_label, model);


--
-- Name: django_content_type django_content_type_pkey; Type: CONSTRAINT; Schema: public; Owner: django
--

ALTER TABLE ONLY public.django_content_type
    ADD CONSTRAINT django_content_type_pkey PRIMARY KEY (id);


--
-- PostgreSQL database dump complete
--

--
-- PostgreSQL database dump
--

-- Dumped from database version 16.1
-- Dumped by pg_dump version 16.1

SET statement_timeout = 0;
SET lock_timeout = 0;
SET idle_in_transaction_session_timeout = 0;
SET client_encoding = 'UTF8';
SET standard_conforming_strings = on;
SELECT pg_catalog.set_config('search_path', '', false);
SET check_function_bodies = false;
SET xmloption = content;
SET client_min_messages = warning;
SET row_security = off;

SET default_tablespace = '';

SET default_table_access_method = heap;

--
-- Name: django_migrations; Type: TABLE; Schema: public; Owner: django
--

CREATE TABLE public.django_migrations (
    id bigint NOT NULL,
    app character varying(255) NOT NULL,
    name character varying(255) NOT NULL,
    applied timestamp with time zone NOT NULL
);


ALTER TABLE public.django_migrations OWNER TO django;

--
-- Name: django_migrations_id_seq; Type: SEQUENCE; Schema: public; Owner: django
--

ALTER TABLE public.django_migrations ALTER COLUMN id ADD GENERATED BY DEFAULT AS IDENTITY (
    SEQUENCE NAME public.django_migrations_id_seq
    START WITH 1
    INCREMENT BY 1
    NO MINVALUE
    NO MAXVALUE
    CACHE 1
);


--
-- Data for Name: django_migrations; Type: TABLE DATA; Schema: public; Owner: django
--

COPY public.django_migrations (id, app, name, applied) FROM stdin;
1	contenttypes	0001_initial	2023-12-18 17:25:22.594357-06
2	auth	0001_initial	2023-12-18 17:25:22.668586-06
3	admin	0001_initial	2023-12-18 17:25:22.689311-06
4	admin	0002_logentry_remove_auto_add	2023-12-18 17:25:22.695299-06
5	admin	0003_logentry_add_action_flag_choices	2023-12-18 17:25:22.703301-06
6	contenttypes	0002_remove_content_type_name	2023-12-18 17:25:22.715299-06
7	auth	0002_alter_permission_name_max_length	2023-12-18 17:25:22.7233-06
8	auth	0003_alter_user_email_max_length	2023-12-18 17:25:22.7303-06
9	auth	0004_alter_user_username_opts	2023-12-18 17:25:22.736299-06
10	auth	0005_alter_user_last_login_null	2023-12-18 17:25:22.743303-06
11	auth	0006_require_contenttypes_0002	2023-12-18 17:25:22.745299-06
12	auth	0007_alter_validators_add_error_messages	2023-12-18 17:25:22.752298-06
13	auth	0008_alter_user_username_max_length	2023-12-18 17:25:22.764301-06
14	auth	0009_alter_user_last_name_max_length	2023-12-18 17:25:22.802299-06
15	auth	0010_alter_group_name_max_length	2023-12-18 17:25:22.810299-06
16	auth	0011_update_proxy_permissions	2023-12-18 17:25:22.816299-06
17	auth	0012_alter_user_first_name_max_length	2023-12-18 17:25:22.822299-06
18	sessions	0001_initial	2023-12-18 17:25:22.8323-06
19	studentform	0001_initial	2023-12-18 17:25:22.854299-06
20	studentform	0002_rename_contact_id_contact_idcontact_and_more	2023-12-18 17:25:22.8743-06
21	studentform	0003_alter_contact_emergency_phone_alter_contact_phone	2023-12-18 17:25:22.8803-06
22	studentform	0004_contact_company_contact_position	2023-12-18 17:25:22.885299-06
23	studentform	0005_remove_school_cycle_period_school_cycle_cycle_period_and_more	2023-12-18 17:25:22.892299-06
24	studentform	0006_alter_school_cycle_cycle_period_and_more	2023-12-18 17:25:22.898301-06
25	studentform	0007_career_status_student_first_last_name_and_more	2023-12-18 17:25:22.9653-06
26	studentform	0008_alter_student_admission_cycle_and_more	2023-12-18 17:25:23.007299-06
27	studentform	0009_student_exchange	2023-12-18 17:25:23.014299-06
28	studenthistory	0001_initial	2023-12-18 17:25:23.0683-06
29	studenthistory	0002_subject_has_extraordinary	2023-12-18 17:25:23.073303-06
30	studenthistory	0003_alter_subject_name	2023-12-18 17:25:23.077299-06
31	studenthistory	0004_alter_course_grade	2023-12-18 17:25:23.098299-06
32	studentform	0010_remove_career_needed_credits_remove_career_semesters_and_more	2023-12-19 16:34:28.273691-06
33	studenthistory	0005_subject_semester	2023-12-19 16:34:28.286693-06
34	studentform	0011_subject_semester_subject	2023-12-19 17:32:30.572835-06
35	studenthistory	0006_alter_careersubject_subject_alter_section_subject_and_more	2023-12-21 13:47:46.926371-06
36	studentform	0012_career_deleted_at_school_cycle_deleted_at_and_more	2024-01-19 04:20:27.803806-06
37	studenthistory	0007_careersubject_deleted_at_course_deleted_at_and_more	2024-01-19 04:20:27.83486-06
\.


--
-- Name: django_migrations_id_seq; Type: SEQUENCE SET; Schema: public; Owner: django
--

SELECT pg_catalog.setval('public.django_migrations_id_seq', 37, true);


--
-- Name: django_migrations django_migrations_pkey; Type: CONSTRAINT; Schema: public; Owner: django
--

ALTER TABLE ONLY public.django_migrations
    ADD CONSTRAINT django_migrations_pkey PRIMARY KEY (id);


--
-- PostgreSQL database dump complete
--

--
-- PostgreSQL database dump
--

-- Dumped from database version 16.1
-- Dumped by pg_dump version 16.1

SET statement_timeout = 0;
SET lock_timeout = 0;
SET idle_in_transaction_session_timeout = 0;
SET client_encoding = 'UTF8';
SET standard_conforming_strings = on;
SELECT pg_catalog.set_config('search_path', '', false);
SET check_function_bodies = false;
SET xmloption = content;
SET client_min_messages = warning;
SET row_security = off;

SET default_tablespace = '';

SET default_table_access_method = heap;

--
-- Name: django_session; Type: TABLE; Schema: public; Owner: django
--

CREATE TABLE public.django_session (
    session_key character varying(40) NOT NULL,
    session_data text NOT NULL,
    expire_date timestamp with time zone NOT NULL
);


ALTER TABLE public.django_session OWNER TO django;

--
-- Data for Name: django_session; Type: TABLE DATA; Schema: public; Owner: django
--

COPY public.django_session (session_key, session_data, expire_date) FROM stdin;
eiomupiec6oxx858zyu8ej3iqjfqn63c	.eJxVjEEOwiAQRe_C2pBCGSgu3fcMZBimUjWQlHZlvLtt0oVu33v_v0XAbc1ha7yEOYmrUOLyyyLSk8sh0gPLvUqqZV3mKI9EnrbJsSZ-3c727yBjy_uaBkugfJcQrdKRQAN0ttcQBxc1GMPeTC5ZC4g97ASQ_MSW0XnjkcTnC8xzN6g:1qxqxu:W-JY5jdAeSYWYlWaKctsBrLTeim07ZKd6FU2sxsDhHQ	2023-11-14 09:47:38.7424-06
50e4ac01fg6lej4mae459f981j98p2di	.eJxVjEEOwiAQRe_C2pBCGSgu3fcMZBimUjWQlHZlvLtt0oVu33v_v0XAbc1ha7yEOYmrUOLyyyLSk8sh0gPLvUqqZV3mKI9EnrbJsSZ-3c727yBjy_uaBkugfJcQrdKRQAN0ttcQBxc1GMPeTC5ZC4g97ASQ_MSW0XnjkcTnC8xzN6g:1r5RhE:ke2THjS1kfhu6bG20shuQ4HQj3SowN4YqRA0hBGH8H0	2023-12-05 08:25:48.278587-06
xp7wzj7okb5o9otevigph4d9e3dw8t9s	.eJxVjEEOwiAQRe_C2pBCGSgu3fcMZBimUjWQlHZlvLtt0oVu33v_v0XAbc1ha7yEOYmrUOLyyyLSk8sh0gPLvUqqZV3mKI9EnrbJsSZ-3c727yBjy_uaBkugfJcQrdKRQAN0ttcQBxc1GMPeTC5ZC4g97ASQ_MSW0XnjkcTnC8xzN6g:1rAWVo:zTAMY22Q27tJIHQI5SpahZ3N_-rfMHOgyD7qlPMLuGs	2023-12-19 08:35:00.444548-06
n70cbz8f2j8zjwewximkjeoecgsugj37	.eJxVjEEOwiAQRe_C2pBCGSgu3fcMZBimUjWQlHZlvLtt0oVu33v_v0XAbc1ha7yEOYmrUOLyyyLSk8sh0gPLvUqqZV3mKI9EnrbJsSZ-3c727yBjy_uaBkugfJcQrdKRQAN0ttcQBxc1GMPeTC5ZC4g97ASQ_MSW0XnjkcTnC8xzN6g:1rFMzs:sxkmZX5EG-kJdK-UvVSvPbJKV4WCLTV_VY9szEk0rpQ	2024-01-01 17:26:04.941105-06
w7r5njxiw9s56lyv4wz2vv4wbi3lvus5	.eJzVlk1vozAQhv8K4swibDAfvVEgK6QQV0AOq90KOeC0tNlkFchhVfW_r3HSEFOq0LTZtsoheMY284zHw_sgZ2RT32abiq6zspAvZCArh7YZye_psnEUd2R5s1Lz1bJelzO1maLuvJUarQq6uNzNFTa4JdUtW53bZo6AoxWEmADOcgQR0kwdopltzSAyDOoYc6swTUSIjpgFkdyZU5MSyzEckrNN5-WipmtaZFW9KeiyruSLn7qCFFOxFFtxFKBdK_Ka3pQVm9Y4H-R7-jerNrM7mtcshhDZNmQbtZarGH-P3cj1wl8bTSv0SeNlrnK1ZF5fc9i4XtVkcfBOoMiJL19oiowDPgr4YIIzvH_aPiR-9oeuc7aMDVW-oDUAjZuCzhS-zXObaHpUnqGNdcMR0Fw_CidhksYvwQHty8Ah2zEFuCRgcG4cYskPpASPp3vGxsBO9XIcRG7SDKLGkTsp9nEiRW7K7Gnosecw7Bw2_Er50IV8REEPXwcP9ODpAp7-lfH0HjxDwDM-CR7rfyJeOElj7E-9tohdaexKI165RRJ6bocV9bDaAqvJWeGeFQ5ltVAHFaIe1r3xKKylQbHljqYT342CScrOcBSOcbJlHvFDZfeVgXs4upqmr-pb1pYeHhZyS2-8QA9tFVkivwFV2xQTsJ3UyQCyVGAMLmfj_bvXgPK3hJKwPkn5s3Qg8XYP7tB9LUzs0BqHBHtIMBSyi7iD7kC21iGYYuFzMo4KGJ4r-WHixUHavdt9B_lp2_RJhFYPIdoSgkNCcLR7wWeIZpcQ9iEagxktTQcCYxz4Ab-Zuybl45jd1B_NrU2xh8f4yTmdsBS8pCuPF_LHSA0moOuyXlAWJNSgfil9k3gHZ_-n9e1Ws9Pf9EmXA-Xgx15Z1aRmor3M3yzaszkpF9ma1HSH2JPkramZSAuezu1ju-rN6vpcUZxdBp8x8FcJuqNxWKfF8SbldTQo-7Sg3lchHUa5Uy5Hkwc7cfJ1HyBkznXspymOM16G1342D0MBw2oPdGIBUEX_5fv2Pmm7fvwHDIuR9A:1rjRAP:Slo1yoMJMm1Wa5xzOA2aoZmqD6vkqexgmZldQSJbS7Q	2024-03-24 15:57:13.937193-06
ugihq5qk4oxsm6tariea7of3jmckm7x1	.eJzdlV9v2kgUxb8K8vNZy_N_Jm8OmMoS4AjDw2p3hYxxGloKEpiHqup37zVNmhhPtFFCutIqmmBmjpnf3Hvm3m_BojjWd4vjodov1qvgKmABns4ti_JztW0WVp-K7cddWO629X69DBtJeL96CMe7VbW5vte2fuCuONzR26XVpWIuWhWFZnxZKq5UpAVXS2uWXElZOXlrVlqrohCKZlRRuttKV4Vx0hUl_ejtelNX-2q1ONTHVbWtD8HVXwIKGgYWDiyCVuASnP5rcANuwR1EBMEgOISAkBAKQkMYCAvhICNIBskhBaSEVJAa0kBaSAcVQTEoDkU7SSgFpaEMlIVy0LQjg-bQAlpCa2gDbaEdTATDYDiMgJEwCoY4DYyFcbARLIPlsAJWwipYDUvHsLAOLoJjcBxOwEk4BafhDBydsjlmRIPR4DQEDUlD0dA0DA1Lg3QUD8ZIx0jHSMdIx0jHSMdIx0jHSMdJx0nHScdJRxFkFELG9T9Pg159qQ702ESdxP_XPzryoS7q9aFel81RvwWfq6-Lw3H5qSpr8nGqrOVkxseZm2n2YRqP43769zGKVmLSrNLSerdd3BbrzWJf1FVwFYURgnpXF5sn_mUPU42woltGmp-Pj299R4dhJKRrMcSDcTpJ89n0d1Io63SLIk-IIp6mWW-Q9PJsNP8F00xQnK5HyTjOmy_jZqF0s2yQ5b1xPKP5Wdqn5zT9LeCiBT5OPCB-DmZC7gFh0TkK3aw2S_Om8dBQOWzTpJPZNBvM-4_Ri3ujuDc8hWyVp_34GTQWGuZj64SJqsEZW_Oqh81EvG324XwyiMfJZEYRGqajLP-JODyFjPJKnP1sfDOf_ZsRT9G4bCAprfLyfvTjc78fu_RUVNv0_FlPqrYn_-Mb0s77CeBExIgi7g3SvD9NZs850YTU1V7iRH7Ow2wYca8TBWsRTZNBckrdvd8G2ZRS-WeT1lnWz0bZw-J8QsDvVhapX-yrj-uHzvi6duHZ-X6jx7mLdobLbfh-TeCckb-F8WX1vmtY6dmUs65npc-zr6vs3lvTgXhpCb-hxJ_5L-43VzhvcjFM8jSbxKMkv6gpLtQ2XhgJT39gvnS8W3_ocvq82ukEzIVavr0VnO-uPHufm0W_vex3D-3b2HdXuH7f-v5aH1Mpr9f1hr4FnAwc9_7o0ae4Dr7_AAD5gRQ:1rjufX:6PKi6IiQzK69MjGxhfFEAKZaWFrgfyGvPWDbVXDBR4E	2024-03-25 23:27:19.881538-06
\.


--
-- Name: django_session django_session_pkey; Type: CONSTRAINT; Schema: public; Owner: django
--

ALTER TABLE ONLY public.django_session
    ADD CONSTRAINT django_session_pkey PRIMARY KEY (session_key);


--
-- Name: django_session_expire_date_a5c62663; Type: INDEX; Schema: public; Owner: django
--

CREATE INDEX django_session_expire_date_a5c62663 ON public.django_session USING btree (expire_date);


--
-- Name: django_session_session_key_c0390e0f_like; Type: INDEX; Schema: public; Owner: django
--

CREATE INDEX django_session_session_key_c0390e0f_like ON public.django_session USING btree (session_key varchar_pattern_ops);


--
-- PostgreSQL database dump complete
--

--
-- PostgreSQL database dump
--

-- Dumped from database version 16.1
-- Dumped by pg_dump version 16.1

SET statement_timeout = 0;
SET lock_timeout = 0;
SET idle_in_transaction_session_timeout = 0;
SET client_encoding = 'UTF8';
SET standard_conforming_strings = on;
SELECT pg_catalog.set_config('search_path', '', false);
SET check_function_bodies = false;
SET xmloption = content;
SET client_min_messages = warning;
SET row_security = off;

SET default_tablespace = '';

SET default_table_access_method = heap;

--
-- Name: studentform_career; Type: TABLE; Schema: public; Owner: django
--

CREATE TABLE public.studentform_career (
    "idCareer" integer NOT NULL,
    code_name character varying(5) NOT NULL,
    name character varying(100) NOT NULL,
    deleted_at timestamp with time zone
);


ALTER TABLE public.studentform_career OWNER TO django;

--
-- Name: studentform_career_idCareer_seq; Type: SEQUENCE; Schema: public; Owner: django
--

ALTER TABLE public.studentform_career ALTER COLUMN "idCareer" ADD GENERATED BY DEFAULT AS IDENTITY (
    SEQUENCE NAME public."studentform_career_idCareer_seq"
    START WITH 1
    INCREMENT BY 1
    NO MINVALUE
    NO MAXVALUE
    CACHE 1
);


--
-- Data for Name: studentform_career; Type: TABLE DATA; Schema: public; Owner: django
--

COPY public.studentform_career ("idCareer", code_name, name, deleted_at) FROM stdin;
1	INCO	Ingeniería en Computación	\N
2	INDU	Ingeniería Industrial	\N
\.


--
-- Name: studentform_career_idCareer_seq; Type: SEQUENCE SET; Schema: public; Owner: django
--

SELECT pg_catalog.setval('public."studentform_career_idCareer_seq"', 2, true);


--
-- Name: studentform_career studentform_career_pkey; Type: CONSTRAINT; Schema: public; Owner: django
--

ALTER TABLE ONLY public.studentform_career
    ADD CONSTRAINT studentform_career_pkey PRIMARY KEY ("idCareer");


--
-- PostgreSQL database dump complete
--

--
-- PostgreSQL database dump
--

-- Dumped from database version 16.1
-- Dumped by pg_dump version 16.1

SET statement_timeout = 0;
SET lock_timeout = 0;
SET idle_in_transaction_session_timeout = 0;
SET client_encoding = 'UTF8';
SET standard_conforming_strings = on;
SELECT pg_catalog.set_config('search_path', '', false);
SET check_function_bodies = false;
SET xmloption = content;
SET client_min_messages = warning;
SET row_security = off;

SET default_tablespace = '';

SET default_table_access_method = heap;

--
-- Name: studentform_school_cycle; Type: TABLE; Schema: public; Owner: django
--

CREATE TABLE public.studentform_school_cycle (
    "idCycle" integer NOT NULL,
    cycle_period character varying(1) NOT NULL,
    end_date date NOT NULL,
    start_date date NOT NULL,
    year character varying(5) NOT NULL,
    deleted_at timestamp with time zone
);


ALTER TABLE public.studentform_school_cycle OWNER TO django;

--
-- Name: studentform_school_cycle_cycle_id_seq; Type: SEQUENCE; Schema: public; Owner: django
--

ALTER TABLE public.studentform_school_cycle ALTER COLUMN "idCycle" ADD GENERATED BY DEFAULT AS IDENTITY (
    SEQUENCE NAME public.studentform_school_cycle_cycle_id_seq
    START WITH 1
    INCREMENT BY 1
    NO MINVALUE
    NO MAXVALUE
    CACHE 1
);


--
-- Data for Name: studentform_school_cycle; Type: TABLE DATA; Schema: public; Owner: django
--

COPY public.studentform_school_cycle ("idCycle", cycle_period, end_date, start_date, year, deleted_at) FROM stdin;
2	A	2023-07-15	2023-01-16	2023	\N
1	B	2023-01-15	2023-07-16	2023	\N
3	A	2022-06-02	2022-01-16	2022	\N
4	B	2022-12-16	2022-07-16	2022	\N
\.


--
-- Name: studentform_school_cycle_cycle_id_seq; Type: SEQUENCE SET; Schema: public; Owner: django
--

SELECT pg_catalog.setval('public.studentform_school_cycle_cycle_id_seq', 4, true);


--
-- Name: studentform_school_cycle studentform_school_cycle_pkey; Type: CONSTRAINT; Schema: public; Owner: django
--

ALTER TABLE ONLY public.studentform_school_cycle
    ADD CONSTRAINT studentform_school_cycle_pkey PRIMARY KEY ("idCycle");


--
-- PostgreSQL database dump complete
--

--
-- PostgreSQL database dump
--

-- Dumped from database version 16.1
-- Dumped by pg_dump version 16.1

SET statement_timeout = 0;
SET lock_timeout = 0;
SET idle_in_transaction_session_timeout = 0;
SET client_encoding = 'UTF8';
SET standard_conforming_strings = on;
SELECT pg_catalog.set_config('search_path', '', false);
SET check_function_bodies = false;
SET xmloption = content;
SET client_min_messages = warning;
SET row_security = off;

SET default_tablespace = '';

SET default_table_access_method = heap;

--
-- Name: studentform_status; Type: TABLE; Schema: public; Owner: django
--

CREATE TABLE public.studentform_status (
    "idStatus" integer NOT NULL,
    code_name character varying(3) NOT NULL,
    status character varying(40) NOT NULL
);


ALTER TABLE public.studentform_status OWNER TO django;

--
-- Name: studentform_status_idStatus_seq; Type: SEQUENCE; Schema: public; Owner: django
--

ALTER TABLE public.studentform_status ALTER COLUMN "idStatus" ADD GENERATED BY DEFAULT AS IDENTITY (
    SEQUENCE NAME public."studentform_status_idStatus_seq"
    START WITH 1
    INCREMENT BY 1
    NO MINVALUE
    NO MAXVALUE
    CACHE 1
);


--
-- Data for Name: studentform_status; Type: TABLE DATA; Schema: public; Owner: django
--

COPY public.studentform_status ("idStatus", code_name, status) FROM stdin;
2	IN	Inactivo
5	BC	Baja por Art 33
6	B4	Alumno en Art 34
7	B5	Baja por Art 35
3	GD	Graduado
4	TT	Titulado
1	AC	Activo
\.


--
-- Name: studentform_status_idStatus_seq; Type: SEQUENCE SET; Schema: public; Owner: django
--

SELECT pg_catalog.setval('public."studentform_status_idStatus_seq"', 7, true);


--
-- Name: studentform_status studentform_status_pkey; Type: CONSTRAINT; Schema: public; Owner: django
--

ALTER TABLE ONLY public.studentform_status
    ADD CONSTRAINT studentform_status_pkey PRIMARY KEY ("idStatus");


--
-- PostgreSQL database dump complete
--

--
-- PostgreSQL database dump
--

-- Dumped from database version 16.1
-- Dumped by pg_dump version 16.1

SET statement_timeout = 0;
SET lock_timeout = 0;
SET idle_in_transaction_session_timeout = 0;
SET client_encoding = 'UTF8';
SET standard_conforming_strings = on;
SELECT pg_catalog.set_config('search_path', '', false);
SET check_function_bodies = false;
SET xmloption = content;
SET client_min_messages = warning;
SET row_security = off;

SET default_tablespace = '';

SET default_table_access_method = heap;

--
-- Name: studentform_syllabus; Type: TABLE; Schema: public; Owner: django
--

CREATE TABLE public.studentform_syllabus (
    "idSyllabus" integer NOT NULL,
    name character varying(45) NOT NULL,
    semesters smallint NOT NULL,
    needed_credits smallint NOT NULL,
    career_id integer NOT NULL,
    deleted_at timestamp with time zone,
    CONSTRAINT studentform_syllabus_needed_credits_check CHECK ((needed_credits >= 0)),
    CONSTRAINT studentform_syllabus_semesters_check CHECK ((semesters >= 0))
);


ALTER TABLE public.studentform_syllabus OWNER TO django;

--
-- Name: studentform_syllabus_idSyllabus_seq; Type: SEQUENCE; Schema: public; Owner: django
--

ALTER TABLE public.studentform_syllabus ALTER COLUMN "idSyllabus" ADD GENERATED BY DEFAULT AS IDENTITY (
    SEQUENCE NAME public."studentform_syllabus_idSyllabus_seq"
    START WITH 1
    INCREMENT BY 1
    NO MINVALUE
    NO MAXVALUE
    CACHE 1
);


--
-- Data for Name: studentform_syllabus; Type: TABLE DATA; Schema: public; Owner: django
--

COPY public.studentform_syllabus ("idSyllabus", name, semesters, needed_credits, career_id, deleted_at) FROM stdin;
1	2018_a	8	418	2	\N
2	2013	8	385	1	\N
3	2016	8	375	1	\N
\.


--
-- Name: studentform_syllabus_idSyllabus_seq; Type: SEQUENCE SET; Schema: public; Owner: django
--

SELECT pg_catalog.setval('public."studentform_syllabus_idSyllabus_seq"', 3, true);


--
-- Name: studentform_syllabus studentform_syllabus_pkey; Type: CONSTRAINT; Schema: public; Owner: django
--

ALTER TABLE ONLY public.studentform_syllabus
    ADD CONSTRAINT studentform_syllabus_pkey PRIMARY KEY ("idSyllabus");


--
-- Name: studentform_syllabus_career_id_c1bd74a1; Type: INDEX; Schema: public; Owner: django
--

CREATE INDEX studentform_syllabus_career_id_c1bd74a1 ON public.studentform_syllabus USING btree (career_id);


--
-- Name: studentform_syllabus studentform_syllabus_career_id_c1bd74a1_fk_studentfo; Type: FK CONSTRAINT; Schema: public; Owner: django
--

ALTER TABLE ONLY public.studentform_syllabus
    ADD CONSTRAINT studentform_syllabus_career_id_c1bd74a1_fk_studentfo FOREIGN KEY (career_id) REFERENCES public.studentform_career("idCareer") DEFERRABLE INITIALLY DEFERRED;


--
-- PostgreSQL database dump complete
--

--
-- PostgreSQL database dump
--

-- Dumped from database version 16.1
-- Dumped by pg_dump version 16.1

SET statement_timeout = 0;
SET lock_timeout = 0;
SET idle_in_transaction_session_timeout = 0;
SET client_encoding = 'UTF8';
SET standard_conforming_strings = on;
SELECT pg_catalog.set_config('search_path', '', false);
SET check_function_bodies = false;
SET xmloption = content;
SET client_min_messages = warning;
SET row_security = off;

SET default_tablespace = '';

SET default_table_access_method = heap;

--
-- Name: studentform_subject; Type: TABLE; Schema: public; Owner: django
--

CREATE TABLE public.studentform_subject (
    "idSubject" integer NOT NULL,
    key_subject character varying(7) NOT NULL,
    name character varying(80) NOT NULL,
    credits smallint NOT NULL,
    has_extraordinary boolean NOT NULL,
    deleted_at timestamp with time zone,
    CONSTRAINT studentform_subject_credits_check CHECK ((credits >= 0))
);


ALTER TABLE public.studentform_subject OWNER TO django;

--
-- Name: studentform_subject_idSubject_seq; Type: SEQUENCE; Schema: public; Owner: django
--

ALTER TABLE public.studentform_subject ALTER COLUMN "idSubject" ADD GENERATED BY DEFAULT AS IDENTITY (
    SEQUENCE NAME public."studentform_subject_idSubject_seq"
    START WITH 1
    INCREMENT BY 1
    NO MINVALUE
    NO MAXVALUE
    CACHE 1
);


--
-- Data for Name: studentform_subject; Type: TABLE DATA; Schema: public; Owner: django
--

COPY public.studentform_subject ("idSubject", key_subject, name, credits, has_extraordinary, deleted_at) FROM stdin;
1	I5893	METODOS MATEMATICOS I	8	t	\N
2	I5894	SEMINARIO DE SOLUCIÓN DE PROBLEMAS DE MÉTODOS MATEMATICOS I	5	f	\N
3	I5892	MATEMÁTICA DISCRETA	8	t	\N
4	I7022	FUNDAMENTOS FILOSÓFICOS DE LA COMPUTACIÓN	8	t	\N
5	I6123	INTRODUCCIÓN A LA FÍSICA	7	t	\N
6	I5895	MÉTODOS MATEMATICOS II	8	t	\N
7	I5896	SEMINARIO DE SOLUCIÓN DE PROBLEMAS DE MÉTODOS MATEMATICOS II	5	f	\N
8	I5882	PROGRAMACIÓN	8	t	\N
9	I5883	SEMINARIO DE SOLUCIÓN DE PROBLEMAS DE PROGRAMACIÓN	5	f	\N
10	I7023	ARQUITECTURA DE COMPUTADORAS	8	t	\N
11	I7024	SEMINARIO DE SOLUCIÓN DE PROBLEMAS DE ARQUITECTURA DE COMPUTADORAS	8	f	\N
12	I7020	MÉTODOS MATEMATICOS III	8	t	\N
13	I7021	SEMINARIO DE SOLUCIÓN DE PROBLEMAS DE MÉTODOS MATEMATICOS III	5	f	\N
14	I5897	ESTADÍSTICA Y PROCESOS ESTOCÁSTICOS	8	t	\N
15	I5886	ESTRUCTURAS DE DATOS I	8	t	\N
16	I5887	SEMINARIO DE SOLUCIÓN DE PROBLEMAS DE ESTRUCTURAS DE DATOS I	5	f	\N
17	I7031	REDES DE COMPUTADORAS Y PROTOCOLOS DE COMUNICACIÓN	8	t	\N
18	PRAC	PRACTICAS PROFESIONALES	20	t	\N
19	IL349	ADMINISTRACIÓN	8	t	\N
20	OPT	OPTATIVA ABIERTA	0	t	\N
\.


--
-- Name: studentform_subject_idSubject_seq; Type: SEQUENCE SET; Schema: public; Owner: django
--

SELECT pg_catalog.setval('public."studentform_subject_idSubject_seq"', 20, true);


--
-- Name: studentform_subject studentform_subject_pkey; Type: CONSTRAINT; Schema: public; Owner: django
--

ALTER TABLE ONLY public.studentform_subject
    ADD CONSTRAINT studentform_subject_pkey PRIMARY KEY ("idSubject");


--
-- PostgreSQL database dump complete
--

--
-- PostgreSQL database dump
--

-- Dumped from database version 16.1
-- Dumped by pg_dump version 16.1

SET statement_timeout = 0;
SET lock_timeout = 0;
SET idle_in_transaction_session_timeout = 0;
SET client_encoding = 'UTF8';
SET standard_conforming_strings = on;
SELECT pg_catalog.set_config('search_path', '', false);
SET check_function_bodies = false;
SET xmloption = content;
SET client_min_messages = warning;
SET row_security = off;

SET default_tablespace = '';

SET default_table_access_method = heap;

--
-- Name: studentform_semester; Type: TABLE; Schema: public; Owner: django
--

CREATE TABLE public.studentform_semester (
    "idSemester" integer NOT NULL,
    number smallint NOT NULL,
    syllabus_id integer NOT NULL,
    subject_id integer,
    deleted_at timestamp with time zone,
    CONSTRAINT studentform_semester_number_check CHECK ((number >= 0))
);


ALTER TABLE public.studentform_semester OWNER TO django;

--
-- Name: studentform_semester_idSemester_seq; Type: SEQUENCE; Schema: public; Owner: django
--

ALTER TABLE public.studentform_semester ALTER COLUMN "idSemester" ADD GENERATED BY DEFAULT AS IDENTITY (
    SEQUENCE NAME public."studentform_semester_idSemester_seq"
    START WITH 1
    INCREMENT BY 1
    NO MINVALUE
    NO MAXVALUE
    CACHE 1
);


--
-- Data for Name: studentform_semester; Type: TABLE DATA; Schema: public; Owner: django
--

COPY public.studentform_semester ("idSemester", number, syllabus_id, subject_id, deleted_at) FROM stdin;
1	1	3	1	\N
2	1	3	2	\N
4	1	3	4	\N
3	1	3	3	\N
5	1	3	5	\N
6	2	3	6	\N
7	2	3	7	\N
8	2	3	8	\N
10	2	3	20	2024-02-29 08:01:17.648037-06
11	1	3	20	2024-02-29 08:52:49.813746-06
9	1	3	20	2024-03-05 08:07:07.850696-06
13	3	3	17	\N
14	3	3	20	2024-03-05 09:45:48.853975-06
12	1	3	20	2024-03-10 15:34:00.166897-06
\.


--
-- Name: studentform_semester_idSemester_seq; Type: SEQUENCE SET; Schema: public; Owner: django
--

SELECT pg_catalog.setval('public."studentform_semester_idSemester_seq"', 14, true);


--
-- Name: studentform_semester studentform_semester_pkey; Type: CONSTRAINT; Schema: public; Owner: django
--

ALTER TABLE ONLY public.studentform_semester
    ADD CONSTRAINT studentform_semester_pkey PRIMARY KEY ("idSemester");


--
-- Name: studentform_semester_subject_id_1eab0a2f; Type: INDEX; Schema: public; Owner: django
--

CREATE INDEX studentform_semester_subject_id_1eab0a2f ON public.studentform_semester USING btree (subject_id);


--
-- Name: studentform_semester_syllabus_id_79ef65ac; Type: INDEX; Schema: public; Owner: django
--

CREATE INDEX studentform_semester_syllabus_id_79ef65ac ON public.studentform_semester USING btree (syllabus_id);


--
-- Name: studentform_semester studentform_semester_subject_id_1eab0a2f_fk_studentfo; Type: FK CONSTRAINT; Schema: public; Owner: django
--

ALTER TABLE ONLY public.studentform_semester
    ADD CONSTRAINT studentform_semester_subject_id_1eab0a2f_fk_studentfo FOREIGN KEY (subject_id) REFERENCES public.studentform_subject("idSubject") DEFERRABLE INITIALLY DEFERRED;


--
-- Name: studentform_semester studentform_semester_syllabus_id_79ef65ac_fk_studentfo; Type: FK CONSTRAINT; Schema: public; Owner: django
--

ALTER TABLE ONLY public.studentform_semester
    ADD CONSTRAINT studentform_semester_syllabus_id_79ef65ac_fk_studentfo FOREIGN KEY (syllabus_id) REFERENCES public.studentform_syllabus("idSyllabus") DEFERRABLE INITIALLY DEFERRED;


--
-- PostgreSQL database dump complete
--

--
-- PostgreSQL database dump
--

-- Dumped from database version 16.1
-- Dumped by pg_dump version 16.1

SET statement_timeout = 0;
SET lock_timeout = 0;
SET idle_in_transaction_session_timeout = 0;
SET client_encoding = 'UTF8';
SET standard_conforming_strings = on;
SELECT pg_catalog.set_config('search_path', '', false);
SET check_function_bodies = false;
SET xmloption = content;
SET client_min_messages = warning;
SET row_security = off;

SET default_tablespace = '';

SET default_table_access_method = heap;

--
-- Name: studentform_student; Type: TABLE; Schema: public; Owner: django
--

CREATE TABLE public.studentform_student (
    "idStudent" bigint NOT NULL,
    code character varying(9) NOT NULL,
    name character varying(50) NOT NULL,
    status_id integer NOT NULL,
    admission_cycle_id integer NOT NULL,
    first_last_name character varying(30) NOT NULL,
    last_cycle_id integer NOT NULL,
    second_last_name character varying(30) NOT NULL,
    "idCareer_id" integer NOT NULL,
    exchange boolean NOT NULL,
    syllabus_id integer,
    deleted_at timestamp with time zone
);


ALTER TABLE public.studentform_student OWNER TO django;

--
-- Name: studentform_student_student_id_seq; Type: SEQUENCE; Schema: public; Owner: django
--

ALTER TABLE public.studentform_student ALTER COLUMN "idStudent" ADD GENERATED BY DEFAULT AS IDENTITY (
    SEQUENCE NAME public.studentform_student_student_id_seq
    START WITH 1
    INCREMENT BY 1
    NO MINVALUE
    NO MAXVALUE
    CACHE 1
);


--
-- Data for Name: studentform_student; Type: TABLE DATA; Schema: public; Owner: django
--

COPY public.studentform_student ("idStudent", code, name, status_id, admission_cycle_id, first_last_name, last_cycle_id, second_last_name, "idCareer_id", exchange, syllabus_id, deleted_at) FROM stdin;
2	123456789	Hernandez	6	3	Castro	2	Mercado	1	t	3	\N
3	210394857	Israel Huerta	1	1	Muñoz	1	Velázquez	1	f	3	\N
4	217391025	Gebara	1	3	Zandivar	1	Ortega	1	f	3	\N
1	218292955	Manuel Gerardo	1	2	Perez	1	Perez	1	f	3	\N
5	217533590	Emmanuel Fernandez	1	1	Pizano	1	Guebara	1	f	3	\N
6	212439772	Ismael	1	1	Perez	1	Del Salto	1	f	3	\N
7	219462957	Fernando	1	1	Avila	1	Perez	1	f	3	\N
8	219847293	Luis Fernandez	1	1	Zandivar	1	Huerta	1	f	3	\N
9	219179502	Brandon	1	1	Del Valle	1	Perez	1	f	3	\N
10	213624849	Alex Miguel	1	1	Mercado	1	Garibay	1	f	3	\N
65	279424556	Leah Turner	1	1	Smith	1	Wilson	1	f	3	\N
24	243912846	Reginald Pitts	1	1	Brown	1	Holmes	1	f	3	\N
25	271412672	Jeff Grant	1	1	Harmon	1	Henderson	1	f	3	\N
26	265112945	Hannah Rodriguez	1	1	Green	1	Young	1	f	3	\N
27	210323680	Matthew Russell	1	1	Sanchez	1	Cunningham	1	f	3	\N
28	263897798	Carla Adams	1	1	Sparks	1	Small	1	f	3	\N
29	272174287	David Forbes	1	1	Cruz	1	Fritz	1	f	3	\N
30	270184973	Kayla Leonard	1	1	Molina	1	Johnson	1	f	3	\N
31	226206343	Joanne Perez	1	1	Black	1	Rosario	1	f	3	\N
32	267738858	Stefanie Brown DDS	1	1	Hoover	1	Phillips	1	f	3	\N
33	248531037	Joel Morris	1	1	Anderson	1	Powers	1	f	3	\N
34	264583384	Jimmy Mcdonald	1	1	Simmons	1	Garcia	1	f	3	\N
35	268921077	David Jones	1	1	Diaz	1	Carr	1	f	3	\N
36	210478572	Lisa Fisher	1	1	Rodriguez	1	Taylor	1	f	3	\N
37	295093795	Catherine Knapp	1	1	Gilbert	1	Brown	1	f	3	\N
38	293303253	Elizabeth Johnson	1	1	Figueroa	1	Mejia	1	f	3	\N
39	285577422	Daniel Reynolds	1	1	Mason	1	Diaz	1	f	3	\N
40	257284675	Brandon Rodgers	1	1	Lopez	1	Frost	1	f	3	\N
41	270484294	Kimberly West	1	1	Lutz	1	Jennings	1	f	3	\N
42	250859791	Bruce Hall	1	1	Kim	1	Johnson	1	f	3	\N
43	232299022	Christopher Brown	1	1	Carter	1	Vega	1	f	3	\N
44	228041784	Michele Rivera	1	1	Alvarez	1	Rogers	1	f	3	\N
45	217774426	Jennifer Hunter	1	1	Williams	1	Donovan	1	f	3	\N
46	284587683	Roger Montgomery	1	1	Jackson	1	Lawrence	1	f	3	\N
47	280712047	Jeffrey Mendoza	1	1	Orr	1	Griffin	1	f	3	\N
48	226872815	Donald Lewis	1	1	Jimenez	1	Mcdaniel	1	f	3	\N
49	254566714	David Hayes	1	1	Anderson	1	Smith	1	f	3	\N
50	228404811	Patrick Robles	1	1	Collins	1	Duran	1	f	3	\N
51	271765971	Corey Green	1	1	Gonzalez	1	Garner	1	f	3	\N
52	286549495	Michael Green	1	1	Huerta	1	Ware	1	f	3	\N
53	215032434	Kimberly Stokes	1	1	Rose	1	Terry	1	f	3	\N
54	222724872	Joshua Marshall	1	1	Ross	1	Thomas	1	f	3	\N
55	299548554	Katherine Nelson	1	1	Shepherd	1	Sullivan	1	f	3	\N
56	222905216	Edward Davis	1	1	Johnson	1	Kelly	1	f	3	\N
57	241521751	Erin Matthews	1	1	Cochran	1	Williams	1	f	3	\N
58	286610087	Kevin Jarvis MD	1	1	Santiago	1	Meyer	1	f	3	\N
59	213605295	Carlos Jones	1	1	Sanford	1	Morris	1	f	3	\N
60	268717689	John Massey MD	1	1	Branch	1	Jackson	1	f	3	\N
61	211869791	Natalie Reyes	1	1	Wong	1	Pena	1	f	3	\N
62	286870306	Timothy Washington	1	1	Durham	1	Johnson	1	f	3	\N
63	230212497	Jennifer Fox	1	1	Harper	1	Fields	1	f	3	\N
64	252697781	Angela Sanford	1	1	Larson	1	Hughes	1	f	3	\N
66	251999137	Tina Morton	1	1	Blair	1	Mullen	1	f	3	\N
67	287212444	Tamara Klein	1	1	Middleton	1	Ellis	1	f	3	\N
68	235362236	Patty Adams	1	1	Hall	1	Fleming	1	f	3	\N
69	238804569	James Mills	1	1	Carey	1	Collins	1	f	3	\N
70	231279923	Mary Davis	1	1	Bates	1	Schultz	1	f	3	\N
71	262824339	Katherine Banks	1	1	Lynch	1	Buchanan	1	f	3	\N
72	256333273	James Thomas	1	1	Vazquez	1	Meyer	1	f	3	\N
73	221147675	Larry Alvarez	1	1	Cervantes	1	Ray	1	f	3	\N
74	213033100	Dr. Kyle Howell	1	1	Hobbs	1	Bradley	1	f	3	\N
75	257647215	Connor Morgan	1	1	Brown	1	Bailey	1	f	3	\N
76	236966842	James Shaw	1	1	Jensen	1	Short	1	f	3	\N
77	245823761	Angela Hicks	1	1	Ruiz	1	Johnson	1	f	3	\N
78	256088700	Carl Davis	1	1	Jordan	1	Hayden	1	f	3	\N
79	234379456	Natalie Leach	1	1	Sharp	1	Mack	1	f	3	\N
80	251574717	Joseph Davis	1	1	Esparza	1	Brown	1	f	3	\N
81	251972914	Kenneth Perez	1	1	Lopez	1	Lee	1	f	3	\N
82	237433247	April Thomas	1	1	Clarke	1	Harmon	1	f	3	\N
83	242585265	David Valdez	1	1	Day	1	Harrington	1	f	3	\N
84	257919245	Kimberly Graham	1	1	Short	1	Walton	1	f	3	\N
85	290419368	Sean Daniel	1	1	Gamble	1	Hubbard	1	f	3	\N
86	226817395	Wayne Ellison	1	1	Horne	1	Mathews	1	f	3	\N
87	274744305	Jose Wilson	1	1	Waters	1	Coleman	1	f	3	\N
88	267686678	Jacob Gibson	1	1	Quinn	1	Hart	1	f	3	\N
89	214421776	Gail Wells	1	1	Gonzalez	1	Hooper	1	f	3	\N
90	232679844	David Gillespie	1	1	Gonzalez	1	Curtis	1	f	3	\N
91	233043378	Allison Fox	1	1	Young	1	Booth	1	f	3	\N
92	261328963	Jeremy Chavez	1	1	Ellison	1	Dodson	1	f	3	\N
93	289881498	Rachel Collins	1	1	Spencer	1	Hill	1	f	3	\N
94	260515580	James Walton	1	1	Rice	1	King	1	f	3	\N
95	253915220	Jeffery Carr	1	1	Navarro	1	Johnson	1	f	3	\N
96	225182226	Daniel Hines	1	1	Barrera	1	Erickson	1	f	3	\N
97	247618579	Sharon Velasquez	1	1	Jacobs	1	Marsh	1	f	3	\N
98	258635575	Brent Evans	1	1	Bridges	1	Jenkins	1	f	3	\N
99	282187262	Johnathan Leonard PhD	1	1	Moreno	1	Rhodes	1	f	3	\N
100	299537854	Allen Villegas	1	1	Munoz	1	Elliott	1	f	3	\N
101	222692391	Adrian Cuevas	1	1	Wade	1	Chambers	1	f	3	\N
102	294002880	Maria Waller	1	1	Fuller	1	Caldwell	1	f	3	\N
103	232833744	Ryan Wilson	1	1	Whitaker	1	Gomez	1	f	3	\N
104	254252055	John Jones	1	1	Garcia	1	Kelly	1	f	3	\N
105	298957700	Allison Wolfe	1	1	Hicks	1	Marshall	1	f	3	\N
106	294267125	Ryan Hampton	1	1	Anderson	1	Hicks	1	f	3	\N
107	282173692	Connor Harris	1	1	Smith	1	Scott	1	f	3	\N
108	258308696	Philip West	1	1	Allen	1	Clements	1	f	3	\N
109	243031320	Jason Smith	1	1	Ochoa	1	Wall	1	f	3	\N
110	271829508	Jason Willis	1	1	Randall	1	Manning	1	f	3	\N
111	232244243	Michael Zimmerman	1	1	Carlson	1	Spence	1	f	3	\N
112	211567702	Gregory Lara	1	1	Cruz	1	Evans	1	f	3	\N
113	252398242	Robin Cooke	1	1	Nelson	1	Diaz	1	f	3	\N
114	286251773	Brandon Barnett	1	1	Weiss	1	Lewis	1	f	3	\N
115	250642250	Scott Dougherty	1	1	Jackson	1	Beck	1	f	3	\N
116	270890281	Tara Caldwell	1	1	Mcdonald	1	Shaw	1	f	3	\N
117	281661549	Richard Torres	1	1	Ryan	1	Molina	1	f	3	\N
118	220714719	Emily Williams PhD	1	1	Hancock	1	Carter	1	f	3	\N
119	241901688	Russell Cook	1	1	Russell	1	Nichols	1	f	3	\N
120	299242982	Nicole Peck	1	1	Barber	1	Roberts	1	f	3	\N
121	252457696	Daniel Salazar	1	1	Williams	1	Sutton	1	f	3	\N
122	287437469	Sarah Gonzalez	1	1	Nunez	1	Roth	1	f	3	\N
123	299154808	Mrs. Sheri Foster	1	1	Butler	1	Moss	1	f	3	\N
124	262615669	Lori Young	1	1	Woods	1	Mclaughlin	1	f	3	\N
125	298374438	Dr. William White MD	1	1	Leon	1	Salazar	1	f	3	\N
126	260274778	Christopher Hernandez	1	1	Schneider	1	Pierce	1	f	3	\N
\.


--
-- Name: studentform_student_student_id_seq; Type: SEQUENCE SET; Schema: public; Owner: django
--

SELECT pg_catalog.setval('public.studentform_student_student_id_seq', 126, true);


--
-- Name: studentform_student studentform_student_code_key; Type: CONSTRAINT; Schema: public; Owner: django
--

ALTER TABLE ONLY public.studentform_student
    ADD CONSTRAINT studentform_student_code_key UNIQUE (code);


--
-- Name: studentform_student studentform_student_pkey; Type: CONSTRAINT; Schema: public; Owner: django
--

ALTER TABLE ONLY public.studentform_student
    ADD CONSTRAINT studentform_student_pkey PRIMARY KEY ("idStudent");


--
-- Name: studentform_student_admission_cycle_id_bac68801; Type: INDEX; Schema: public; Owner: django
--

CREATE INDEX studentform_student_admission_cycle_id_bac68801 ON public.studentform_student USING btree (admission_cycle_id);


--
-- Name: studentform_student_code_211806d6_like; Type: INDEX; Schema: public; Owner: django
--

CREATE INDEX studentform_student_code_211806d6_like ON public.studentform_student USING btree (code varchar_pattern_ops);


--
-- Name: studentform_student_idCareer_id_a6161880; Type: INDEX; Schema: public; Owner: django
--

CREATE INDEX "studentform_student_idCareer_id_a6161880" ON public.studentform_student USING btree ("idCareer_id");


--
-- Name: studentform_student_last_cycle_id_105fce98; Type: INDEX; Schema: public; Owner: django
--

CREATE INDEX studentform_student_last_cycle_id_105fce98 ON public.studentform_student USING btree (last_cycle_id);


--
-- Name: studentform_student_status_id_3376e934; Type: INDEX; Schema: public; Owner: django
--

CREATE INDEX studentform_student_status_id_3376e934 ON public.studentform_student USING btree (status_id);


--
-- Name: studentform_student_syllabus_id_0b502e81; Type: INDEX; Schema: public; Owner: django
--

CREATE INDEX studentform_student_syllabus_id_0b502e81 ON public.studentform_student USING btree (syllabus_id);


--
-- Name: studentform_student studentform_student_admission_cycle_id_bac68801_fk_studentfo; Type: FK CONSTRAINT; Schema: public; Owner: django
--

ALTER TABLE ONLY public.studentform_student
    ADD CONSTRAINT studentform_student_admission_cycle_id_bac68801_fk_studentfo FOREIGN KEY (admission_cycle_id) REFERENCES public.studentform_school_cycle("idCycle") DEFERRABLE INITIALLY DEFERRED;


--
-- Name: studentform_student studentform_student_idCareer_id_a6161880_fk_studentfo; Type: FK CONSTRAINT; Schema: public; Owner: django
--

ALTER TABLE ONLY public.studentform_student
    ADD CONSTRAINT "studentform_student_idCareer_id_a6161880_fk_studentfo" FOREIGN KEY ("idCareer_id") REFERENCES public.studentform_career("idCareer") DEFERRABLE INITIALLY DEFERRED;


--
-- Name: studentform_student studentform_student_last_cycle_id_105fce98_fk_studentfo; Type: FK CONSTRAINT; Schema: public; Owner: django
--

ALTER TABLE ONLY public.studentform_student
    ADD CONSTRAINT studentform_student_last_cycle_id_105fce98_fk_studentfo FOREIGN KEY (last_cycle_id) REFERENCES public.studentform_school_cycle("idCycle") DEFERRABLE INITIALLY DEFERRED;


--
-- Name: studentform_student studentform_student_status_id_3376e934_fk_studentfo; Type: FK CONSTRAINT; Schema: public; Owner: django
--

ALTER TABLE ONLY public.studentform_student
    ADD CONSTRAINT studentform_student_status_id_3376e934_fk_studentfo FOREIGN KEY (status_id) REFERENCES public.studentform_status("idStatus") DEFERRABLE INITIALLY DEFERRED;


--
-- Name: studentform_student studentform_student_syllabus_id_0b502e81_fk_studentfo; Type: FK CONSTRAINT; Schema: public; Owner: django
--

ALTER TABLE ONLY public.studentform_student
    ADD CONSTRAINT studentform_student_syllabus_id_0b502e81_fk_studentfo FOREIGN KEY (syllabus_id) REFERENCES public.studentform_syllabus("idSyllabus") DEFERRABLE INITIALLY DEFERRED;


--
-- PostgreSQL database dump complete
--

--
-- PostgreSQL database dump
--

-- Dumped from database version 16.1
-- Dumped by pg_dump version 16.1

SET statement_timeout = 0;
SET lock_timeout = 0;
SET idle_in_transaction_session_timeout = 0;
SET client_encoding = 'UTF8';
SET standard_conforming_strings = on;
SELECT pg_catalog.set_config('search_path', '', false);
SET check_function_bodies = false;
SET xmloption = content;
SET client_min_messages = warning;
SET row_security = off;

SET default_tablespace = '';

SET default_table_access_method = heap;

--
-- Name: studentform_contact; Type: TABLE; Schema: public; Owner: django
--

CREATE TABLE public.studentform_contact (
    "idContact" bigint NOT NULL,
    phone character varying(25) NOT NULL,
    email character varying(254) NOT NULL,
    udg_email character varying(254) NOT NULL,
    emergency_phone character varying(25) NOT NULL,
    url_socialnet character varying(200),
    "idStudent_id" bigint NOT NULL,
    company character varying(50),
    "position" character varying(50)
);


ALTER TABLE public.studentform_contact OWNER TO django;

--
-- Name: studentform_contact_contact_id_seq; Type: SEQUENCE; Schema: public; Owner: django
--

ALTER TABLE public.studentform_contact ALTER COLUMN "idContact" ADD GENERATED BY DEFAULT AS IDENTITY (
    SEQUENCE NAME public.studentform_contact_contact_id_seq
    START WITH 1
    INCREMENT BY 1
    NO MINVALUE
    NO MAXVALUE
    CACHE 1
);


--
-- Data for Name: studentform_contact; Type: TABLE DATA; Schema: public; Owner: django
--

COPY public.studentform_contact ("idContact", phone, email, udg_email, emergency_phone, url_socialnet, "idStudent_id", company, "position") FROM stdin;
4	001-443-761-5558x832	ravenayers@example.org	oclark@example.org	001-695-491-7764x440	\N	4	\N	\N
3	001-522-572-4830	mjones@example.org	mckayelizabeth@example.net	938.972.8989x18998	https://google.com	3	\N	\N
2	(846)449-1500x2638	brodriguez@example.org	alexisleonard@example.net	920-965-4055x2754	http://facebook.com	2	Oracle	DevOps Developer
6	(411)315-2516x2103	stevendeleon@example.net	smithdominique@example.net	494.794.1506	\N	5	\N	\N
7	2479678395	halvarado@example.net	kevinli@example.com	239-345-1733	\N	6	\N	\N
8	001-979-910-8215	yeseniadavis@example.org	brandonvargas@example.net	(572)282-1633x7560	\N	7	\N	\N
9	+1-437-963-6584x8493	jesus13@example.org	markroberts@example.org	251-893-9667	\N	8	\N	\N
10	001-255-485-5075	alanwoods@example.com	rdonovan@example.com	(811)922-5301	\N	9	\N	\N
11	(911)518-8688	yfarmer@example.org	angelabaxter@example.org	+1-362-702-5963x3192	\N	10	\N	\N
25	(918)388-6441	owensjamie@example.org	betty79@example.net	513-387-0460	https://perkins.biz/	24	\N	\N
26	001-435-298-7533x40601	daniel51@example.com	michellepeterson@example.net	8066768698	https://lopez-hines.net/	25	\N	\N
27	+1-412-767-6231x20924	dawnjohnson@example.com	pbrown@example.net	860-391-2784	http://holmes.com/	26	\N	\N
28	218-306-8977	aaron23@example.com	christensentanner@example.com	844-428-2336	https://www.carter.com/	27	\N	\N
29	+1-340-680-7207x9168	ealexander@example.com	thompsoncarol@example.com	705-270-8181	https://mccormick-potter.com/	28	\N	\N
30	632.660.0631x8865	rwarren@example.net	vgarcia@example.net	(316)638-6392	https://navarro-jimenez.biz/	29	\N	\N
31	001-628-932-9817x98178	barrettashley@example.org	longdavid@example.net	885-446-3322x9536	http://carter.org/	30	\N	\N
32	546-970-7374x691	jacksonsteven@example.net	charles61@example.org	+1-294-236-1196	http://hoover.com/	31	\N	\N
33	321.641.2709	zsullivan@example.net	craigtammy@example.org	001-261-348-6226	http://crosby.com/	32	\N	\N
34	(788)429-4090	shelbyburke@example.net	ereyes@example.com	001-223-742-4586x748	http://reynolds.com/	33	\N	\N
35	+1-961-528-7492	kimberlymaddox@example.com	greenlarry@example.com	838-268-9105x4977	https://www.bennett-perez.com/	34	\N	\N
36	(421)805-8534	smithrebecca@example.com	tara47@example.com	(249)891-7846	https://williams.info/	35	\N	\N
37	913.718.1346	welchlisa@example.net	upittman@example.net	616-239-4494x1588	http://drake-stevens.com/	36	\N	\N
38	6718559961	tklein@example.net	joshuacoleman@example.com	001-580-841-1980x7843	http://www.simpson.org/	37	\N	\N
39	(783)404-3653	josephthomas@example.com	corey24@example.net	(799)252-5739	http://spencer-miller.com/	38	\N	\N
40	962.361.4332x45353	nicholas33@example.net	lisa96@example.com	(368)587-7564	http://www.wright.com/	39	\N	\N
41	878.896.1467x75542	pfarmer@example.net	perezrichard@example.org	001-908-476-5339x99144	http://www.gentry-carey.com/	40	\N	\N
42	001-663-323-5958x02476	michaelmurphy@example.com	hrichardson@example.org	792-523-2140	https://www.jones-rogers.com/	41	\N	\N
43	(497)644-6680	fergusonkatie@example.org	robertnguyen@example.net	(416)739-0028x270	https://www.brown.com/	42	\N	\N
44	961-955-8270x260	thomasdavis@example.com	kimberly60@example.net	4268180164	https://weiss.com/	43	\N	\N
45	+1-534-334-3699x97834	qgray@example.org	nicole04@example.net	794-859-5116x627	https://wright-beard.com/	44	\N	\N
46	743-643-7273	gregorymoore@example.org	james72@example.org	621-518-9971	http://mcpherson-campbell.com/	45	\N	\N
47	230-207-6626x36581	smithrichard@example.net	wcook@example.net	(446)693-1306	http://www.jenkins.com/	46	\N	\N
48	(544)713-0809x27420	bward@example.org	andersonjenna@example.org	579.427.1342x4525	https://www.king-lopez.biz/	47	\N	\N
49	(452)857-8442	paul32@example.org	melissaharrison@example.com	(412)600-9531	http://www.thompson.com/	48	\N	\N
50	3385629062	nicole09@example.net	arnoldlouis@example.com	6476959229	https://www.jacobson.com/	49	\N	\N
51	294-502-3322	enicholson@example.net	mike15@example.org	974.592.3279x892	https://www.brooks.com/	50	\N	\N
52	743.285.7510	michael99@example.org	jeffreymartinez@example.net	+1-558-816-0557	https://harris-oconnor.info/	51	\N	\N
53	+1-326-530-5058x25280	tonya31@example.org	efrye@example.net	233-585-4220	http://www.cummings.com/	52	\N	\N
54	(212)672-8406x9360	francisrobinson@example.com	william82@example.com	986-397-6188x19021	http://castro.biz/	53	\N	\N
55	001-998-864-9146x43644	james00@example.org	jenniferhart@example.com	(787)925-7778x46698	http://ferguson.net/	54	\N	\N
56	(747)488-8751x09640	isabel97@example.org	rick82@example.net	+1-899-879-7483x588	http://cervantes.biz/	55	\N	\N
57	456-440-3332x02320	palmerphillip@example.net	nelsonjoseph@example.com	289-225-4420	http://www.hammond.biz/	56	\N	\N
58	828-671-5504x904	elizabeth82@example.com	thompsonmorgan@example.com	651-952-5343	http://hopkins-white.biz/	57	\N	\N
59	+1-204-608-8507	kristin69@example.com	sarah10@example.org	496-749-0477	http://www.ford.org/	58	\N	\N
60	355.582.4741x07632	erik46@example.org	megan96@example.com	4723900556	http://benjamin.org/	59	\N	\N
61	829.978.2191	reneelam@example.net	fosterjoseph@example.org	8666699095	http://www.jackson.com/	60	\N	\N
62	(622)380-1261	richardsjoanna@example.net	myoung@example.org	465.818.7048x715	https://www.francis.com/	61	\N	\N
63	001-976-546-1839x84562	kennedyandrew@example.com	joe92@example.org	001-691-206-9790	https://smith-fleming.com/	62	\N	\N
64	448-417-9770	tsmith@example.com	erivera@example.org	474-225-4543x6531	https://kelly-ellis.com/	63	\N	\N
65	701-686-9342x84172	marktaylor@example.com	gardnerjimmy@example.org	800.986.8491	http://www.smith.org/	64	\N	\N
66	+1-968-252-0802x825	jdaniels@example.net	nicole00@example.com	(550)870-7032x73367	https://www.johnson.biz/	65	\N	\N
67	8514657685	abriggs@example.com	kristinacurtis@example.net	468-930-7508	http://www.wood.org/	66	\N	\N
68	+1-238-827-5663x6732	paul41@example.net	yrasmussen@example.net	960.516.0518	https://shelton.com/	67	\N	\N
69	001-265-544-4270x78467	randy76@example.com	robinsonroger@example.com	001-899-823-0560x3512	https://www.russo.info/	68	\N	\N
70	531.393.2229x360	michael17@example.net	kaitlynrivas@example.net	880.726.8507x3570	http://www.rich-cannon.com/	69	\N	\N
71	001-460-355-0831x35255	oramirez@example.net	marisabowman@example.net	001-607-565-3354	http://lam.com/	70	\N	\N
72	208.661.0458x5239	yatesjoyce@example.com	ronaldjoseph@example.net	580-519-5785x82314	https://mendoza-sanchez.com/	71	\N	\N
73	654-946-0856	jonesbrittany@example.org	rodriguezjoseph@example.com	284.580.6604x3972	https://harrison.com/	72	\N	\N
74	841.671.1621x37479	holmeshailey@example.org	william87@example.net	577-745-7994x4468	http://www.jones-lopez.com/	73	\N	\N
75	(783)658-4324x511	warrensarah@example.com	millerdorothy@example.org	584-850-2063x6095	http://www.flores.com/	74	\N	\N
76	5769504638	dwilson@example.com	jtaylor@example.com	(287)287-4926	https://www.roberts.info/	75	\N	\N
77	457-584-0946x3501	lgutierrez@example.net	reyesjames@example.org	(999)562-5279x327	https://www.wilson-brown.info/	76	\N	\N
78	9864315974	thudson@example.com	hunterjeff@example.org	001-795-581-7485x561	https://fernandez-lopez.net/	77	\N	\N
79	604.812.8534	sparkscarlos@example.org	walternelson@example.org	+1-891-405-2992x767	https://www.johnson-williams.com/	78	\N	\N
80	(632)609-1981	tracy12@example.org	moralesamanda@example.com	(837)288-6674x220	https://reynolds-bailey.net/	79	\N	\N
81	229.947.9747x19916	nixonraymond@example.com	rcarter@example.net	557-408-8962	http://parks.com/	80	\N	\N
82	001-893-762-7336x16178	uleach@example.org	jessicamcclure@example.net	376-599-2049x57151	http://edwards.com/	81	\N	\N
83	+1-930-409-1485x108	kenneth79@example.com	blake23@example.net	(744)594-0649x9275	http://cooper.org/	82	\N	\N
84	225-561-1462	erica65@example.net	mcclurejoshua@example.org	(609)441-8819	http://www.price-smith.net/	83	\N	\N
85	7667846446	tyler57@example.net	clarkalexis@example.org	8923928316	https://douglas.com/	84	\N	\N
86	675-507-5130x174	vkerr@example.net	robertschneider@example.com	(440)659-1147	http://mcdaniel-hernandez.net/	85	\N	\N
87	6277253938	carol53@example.net	gabriela03@example.com	+1-662-598-6334x8499	https://miller.net/	86	\N	\N
88	564.455.6651x188	victoria43@example.org	simmonsdonna@example.org	509.608.9804x48141	https://www.ballard.net/	87	\N	\N
89	(858)655-3956x454	ojackson@example.net	lambolivia@example.com	(206)459-2101x6783	http://www.dean-williams.com/	88	\N	\N
90	230-367-7342	brittany34@example.net	dmitchell@example.com	(328)697-5862x506	https://tucker.net/	89	\N	\N
91	001-368-837-0745x542	lee42@example.com	carmenortega@example.org	539.489.0315x900	http://jarvis.com/	90	\N	\N
92	(694)354-3058x542	christopher11@example.net	yjohnson@example.net	503-880-1036x767	https://www.miller.com/	91	\N	\N
93	414-516-9848x8168	jessica74@example.com	nrivers@example.com	+1-981-440-5482x65052	https://phillips.com/	92	\N	\N
94	+1-244-339-7076x2636	baileyanita@example.org	zcollins@example.com	696-967-5197x54678	http://gibson.com/	93	\N	\N
95	3059862259	lthompson@example.org	victor10@example.net	(521)445-5120x06314	http://www.gordon.com/	94	\N	\N
96	541.634.7036x80566	kristinathompson@example.net	maddenmichelle@example.com	746-821-6804	https://www.taylor.com/	95	\N	\N
97	267.720.0744	john52@example.org	jasminecastillo@example.org	(512)440-0670x84807	http://bentley.com/	96	\N	\N
98	5445049585	josephcampbell@example.com	vasquezjennifer@example.net	001-664-414-7777	https://www.miller.biz/	97	\N	\N
99	491.786.2621	wturner@example.com	sarah45@example.net	2679457113	https://www.benton-wilson.com/	98	\N	\N
100	(843)432-3379x570	julie82@example.net	rachel18@example.org	289.284.5025	http://martinez-suarez.com/	99	\N	\N
101	744.856.7943x7573	stephanieochoa@example.com	daniel37@example.net	001-549-788-8068x43123	https://powers-martinez.com/	100	\N	\N
102	720-308-7469	george30@example.com	kgoodman@example.com	(431)731-1999	https://www.woods.org/	101	\N	\N
103	244.869.3171	johnsonamanda@example.org	matthewglover@example.net	(330)528-3387x0556	https://king-cruz.info/	102	\N	\N
104	001-391-380-5072x6157	marcusknox@example.net	destiny12@example.org	+1-912-503-4330	http://jefferson-lopez.org/	103	\N	\N
105	478.986.7771x739	tskinner@example.com	allisonmiller@example.com	969-268-2106x71897	https://www.pennington.org/	104	\N	\N
106	(917)247-3312	john98@example.com	onelson@example.com	8836511501	https://www.mcdowell.biz/	105	\N	\N
107	862.732.9663x97000	psanford@example.net	acannon@example.com	+1-948-981-4725	http://townsend.org/	106	\N	\N
108	(674)703-1887x412	jamesyoung@example.com	preston08@example.net	(971)267-2977	https://www.warner.com/	107	\N	\N
109	001-542-797-0485x0736	patricknelson@example.org	lparker@example.com	001-547-432-6936x961	http://www.cooper-taylor.net/	108	\N	\N
110	(268)383-5186x23778	rodriguezedwin@example.com	amberrowe@example.net	001-267-320-1084x7735	http://brown.com/	109	\N	\N
111	6147115837	jordanjoshua@example.org	thomasmitchell@example.net	235-226-5332	http://gordon.com/	110	\N	\N
112	514-325-1178	james93@example.com	imitchell@example.com	393.987.9841x2168	http://www.small.com/	111	\N	\N
113	001-394-221-0049	melissa79@example.net	tiffanyward@example.org	(506)650-9536	https://www.chang.com/	112	\N	\N
114	(835)883-5132	grogers@example.org	richardmurray@example.com	001-947-620-1148	https://carlson-brewer.com/	113	\N	\N
115	001-619-939-7786x95107	david62@example.com	larajonathan@example.com	631-901-5505	http://www.scott.com/	114	\N	\N
116	797.234.3163x87365	kathrynmeadows@example.com	mendozajennifer@example.net	001-448-998-1863	https://vargas.com/	115	\N	\N
117	390.751.5749x8227	debra57@example.org	linda61@example.com	505.411.6073	https://www.stevens.com/	116	\N	\N
118	346.948.4567x70050	bryan89@example.org	awalker@example.org	001-438-276-8210x493	http://www.smith.net/	117	\N	\N
119	001-651-901-6174x17579	creeves@example.net	riveranatasha@example.com	771-908-4906x71247	https://www.cuevas.info/	118	\N	\N
120	+1-241-634-4735	avilawilliam@example.org	davidmoore@example.com	(960)763-4170	https://mcpherson-perez.com/	119	\N	\N
121	484-422-8236x736	bryantmitchell@example.com	harrisonariana@example.org	(411)784-5217x21146	http://combs.com/	120	\N	\N
122	994-653-7566x50515	juliehayden@example.net	melissa81@example.org	(821)291-2281	https://petersen.net/	121	\N	\N
123	(667)402-4592x651	karina33@example.net	ramirezbonnie@example.org	6792096289	http://johnson.info/	122	\N	\N
124	417-758-4798x050	burnskaylee@example.net	agreene@example.com	7462888040	https://spencer.info/	123	\N	\N
125	+1-915-247-4078x6801	kathywallace@example.org	mcculloughkaren@example.net	(527)787-3116	http://rodriguez.com/	124	\N	\N
126	001-799-857-3074x34758	martinezjuan@example.com	gadams@example.com	001-443-999-2250x2827	https://dennis.com/	125	\N	\N
127	(297)972-9576	qchambers@example.com	ibush@example.org	001-430-560-6898x7358	http://www.peterson-johnson.com/	126	\N	\N
\.


--
-- Name: studentform_contact_contact_id_seq; Type: SEQUENCE SET; Schema: public; Owner: django
--

SELECT pg_catalog.setval('public.studentform_contact_contact_id_seq', 127, true);


--
-- Name: studentform_contact studentform_contact_pkey; Type: CONSTRAINT; Schema: public; Owner: django
--

ALTER TABLE ONLY public.studentform_contact
    ADD CONSTRAINT studentform_contact_pkey PRIMARY KEY ("idContact");


--
-- Name: studentform_contact studentform_contact_student_id_id_key; Type: CONSTRAINT; Schema: public; Owner: django
--

ALTER TABLE ONLY public.studentform_contact
    ADD CONSTRAINT studentform_contact_student_id_id_key UNIQUE ("idStudent_id");


--
-- Name: studentform_contact studentform_contact_idStudent_id_18474103_fk_studentfo; Type: FK CONSTRAINT; Schema: public; Owner: django
--

ALTER TABLE ONLY public.studentform_contact
    ADD CONSTRAINT "studentform_contact_idStudent_id_18474103_fk_studentfo" FOREIGN KEY ("idStudent_id") REFERENCES public.studentform_student("idStudent") DEFERRABLE INITIALLY DEFERRED;


--
-- PostgreSQL database dump complete
--

--
-- PostgreSQL database dump
--

-- Dumped from database version 16.1
-- Dumped by pg_dump version 16.1

SET statement_timeout = 0;
SET lock_timeout = 0;
SET idle_in_transaction_session_timeout = 0;
SET client_encoding = 'UTF8';
SET standard_conforming_strings = on;
SELECT pg_catalog.set_config('search_path', '', false);
SET check_function_bodies = false;
SET xmloption = content;
SET client_min_messages = warning;
SET row_security = off;

SET default_tablespace = '';

SET default_table_access_method = heap;

--
-- Name: studenthistory_section; Type: TABLE; Schema: public; Owner: django
--

CREATE TABLE public.studenthistory_section (
    "idSection" integer NOT NULL,
    nrc character varying(15) NOT NULL,
    section character varying(5) NOT NULL,
    subject_id integer NOT NULL,
    deleted_at timestamp with time zone
);


ALTER TABLE public.studenthistory_section OWNER TO django;

--
-- Name: studenthistory_section_idSection_seq; Type: SEQUENCE; Schema: public; Owner: django
--

ALTER TABLE public.studenthistory_section ALTER COLUMN "idSection" ADD GENERATED BY DEFAULT AS IDENTITY (
    SEQUENCE NAME public."studenthistory_section_idSection_seq"
    START WITH 1
    INCREMENT BY 1
    NO MINVALUE
    NO MAXVALUE
    CACHE 1
);


--
-- Data for Name: studenthistory_section; Type: TABLE DATA; Schema: public; Owner: django
--

COPY public.studenthistory_section ("idSection", nrc, section, subject_id, deleted_at) FROM stdin;
1	54123	D01	1	\N
2	53217	D03	2	\N
3	10375	D03	1	\N
4	94781	D07	3	\N
5	091795	D02	7	\N
6	086896	D09	8	\N
7	17354	D01	6	\N
8	1234512	D01	18	\N
9	11223344	D10	4	\N
10	96314	D05	5	\N
11	193556	D03	3	\N
12	51030	D10	19	\N
13	915450	D01	17	\N
\.


--
-- Name: studenthistory_section_idSection_seq; Type: SEQUENCE SET; Schema: public; Owner: django
--

SELECT pg_catalog.setval('public."studenthistory_section_idSection_seq"', 13, true);


--
-- Name: studenthistory_section studenthistory_section_pkey; Type: CONSTRAINT; Schema: public; Owner: django
--

ALTER TABLE ONLY public.studenthistory_section
    ADD CONSTRAINT studenthistory_section_pkey PRIMARY KEY ("idSection");


--
-- Name: studenthistory_section_subject_id_fbb8c1d2; Type: INDEX; Schema: public; Owner: django
--

CREATE INDEX studenthistory_section_subject_id_fbb8c1d2 ON public.studenthistory_section USING btree (subject_id);


--
-- Name: studenthistory_section studenthistory_secti_subject_id_fbb8c1d2_fk_studentfo; Type: FK CONSTRAINT; Schema: public; Owner: django
--

ALTER TABLE ONLY public.studenthistory_section
    ADD CONSTRAINT studenthistory_secti_subject_id_fbb8c1d2_fk_studentfo FOREIGN KEY (subject_id) REFERENCES public.studentform_subject("idSubject") DEFERRABLE INITIALLY DEFERRED;


--
-- PostgreSQL database dump complete
--

--
-- PostgreSQL database dump
--

-- Dumped from database version 16.1
-- Dumped by pg_dump version 16.1

SET statement_timeout = 0;
SET lock_timeout = 0;
SET idle_in_transaction_session_timeout = 0;
SET client_encoding = 'UTF8';
SET standard_conforming_strings = on;
SELECT pg_catalog.set_config('search_path', '', false);
SET check_function_bodies = false;
SET xmloption = content;
SET client_min_messages = warning;
SET row_security = off;

SET default_tablespace = '';

SET default_table_access_method = heap;

--
-- Name: studenthistory_gradeperiod; Type: TABLE; Schema: public; Owner: django
--

CREATE TABLE public.studenthistory_gradeperiod (
    "idGradePeriod" integer NOT NULL,
    code_name character varying(3) NOT NULL,
    grade_period character varying(30) NOT NULL
);


ALTER TABLE public.studenthistory_gradeperiod OWNER TO django;

--
-- Name: studenthistory_gradeperiod_idGradePeriod_seq; Type: SEQUENCE; Schema: public; Owner: django
--

ALTER TABLE public.studenthistory_gradeperiod ALTER COLUMN "idGradePeriod" ADD GENERATED BY DEFAULT AS IDENTITY (
    SEQUENCE NAME public."studenthistory_gradeperiod_idGradePeriod_seq"
    START WITH 1
    INCREMENT BY 1
    NO MINVALUE
    NO MAXVALUE
    CACHE 1
);


--
-- Data for Name: studenthistory_gradeperiod; Type: TABLE DATA; Schema: public; Owner: django
--

COPY public.studenthistory_gradeperiod ("idGradePeriod", code_name, grade_period) FROM stdin;
2	OE	ORDINARIO
3	E	EXTRAORDINARIO
\.


--
-- Name: studenthistory_gradeperiod_idGradePeriod_seq; Type: SEQUENCE SET; Schema: public; Owner: django
--

SELECT pg_catalog.setval('public."studenthistory_gradeperiod_idGradePeriod_seq"', 3, true);


--
-- Name: studenthistory_gradeperiod studenthistory_gradeperiod_pkey; Type: CONSTRAINT; Schema: public; Owner: django
--

ALTER TABLE ONLY public.studenthistory_gradeperiod
    ADD CONSTRAINT studenthistory_gradeperiod_pkey PRIMARY KEY ("idGradePeriod");


--
-- PostgreSQL database dump complete
--

--
-- PostgreSQL database dump
--

-- Dumped from database version 16.1
-- Dumped by pg_dump version 16.1

SET statement_timeout = 0;
SET lock_timeout = 0;
SET idle_in_transaction_session_timeout = 0;
SET client_encoding = 'UTF8';
SET standard_conforming_strings = on;
SELECT pg_catalog.set_config('search_path', '', false);
SET check_function_bodies = false;
SET xmloption = content;
SET client_min_messages = warning;
SET row_security = off;

SET default_tablespace = '';

SET default_table_access_method = heap;

--
-- Name: studenthistory_course; Type: TABLE; Schema: public; Owner: django
--

CREATE TABLE public.studenthistory_course (
    "idCourse" integer NOT NULL,
    grade character varying(5) NOT NULL,
    upload_date date NOT NULL,
    grade_period_id integer NOT NULL,
    school_cycle_id integer NOT NULL,
    section_id integer NOT NULL,
    student_id bigint NOT NULL,
    deleted_at timestamp with time zone
);


ALTER TABLE public.studenthistory_course OWNER TO django;

--
-- Name: studenthistory_course_idCourse_seq; Type: SEQUENCE; Schema: public; Owner: django
--

ALTER TABLE public.studenthistory_course ALTER COLUMN "idCourse" ADD GENERATED BY DEFAULT AS IDENTITY (
    SEQUENCE NAME public."studenthistory_course_idCourse_seq"
    START WITH 1
    INCREMENT BY 1
    NO MINVALUE
    NO MAXVALUE
    CACHE 1
);


--
-- Data for Name: studenthistory_course; Type: TABLE DATA; Schema: public; Owner: django
--

COPY public.studenthistory_course ("idCourse", grade, upload_date, grade_period_id, school_cycle_id, section_id, student_id, deleted_at) FROM stdin;
4	76	2023-11-22	2	1	5	1	\N
5	97	2023-11-22	2	1	6	1	\N
2	90	2023-11-22	2	2	2	1	\N
6	35	2023-11-22	2	1	4	1	\N
12	17	2023-11-24	2	3	1	2	\N
14	60	2023-11-24	2	3	5	2	\N
17	55	2023-11-24	2	4	4	2	\N
23	41	2023-11-29	2	3	7	2	\N
24	14	2023-11-29	2	4	7	2	\N
26	33	2023-11-29	2	4	3	2	\N
30	98	2023-12-06	2	3	2	4	\N
31	39	2023-12-06	2	3	7	4	\N
32	52	2023-12-06	2	3	4	4	\N
33	74	2023-12-06	2	2	1	4	\N
34	56	2023-12-06	2	4	4	4	\N
35	13	2023-12-06	3	4	4	4	\N
36	60	2023-12-06	2	2	7	4	\N
37	59	2023-12-06	2	2	4	4	\N
39	100	2023-12-06	2	2	8	4	\N
38	79	2023-12-06	3	2	4	4	\N
3	60	2023-11-22	3	1	4	1	\N
42	95	2023-12-23	2	1	2	3	\N
43	61	2023-12-23	2	1	3	3	\N
45	10	2023-12-23	2	1	10	3	\N
51	93	2023-12-25	2	2	9	1	\N
52	79	2023-12-25	2	1	10	1	\N
40	SD	2023-12-06	2	1	7	1	\N
53	70	2023-12-25	3	1	7	1	\N
41	70	2023-12-23	2	1	11	3	\N
48	SD	2023-12-23	2	1	9	3	\N
50	100	2023-12-23	3	1	9	3	\N
47	100	2023-12-23	3	1	10	3	\N
19	59	2023-11-28	3	4	4	2	\N
1	86	2023-11-22	2	2	1	1	2024-01-19 04:27:01.006408-06
55	86	2024-01-19	2	2	1	1	2024-01-19 04:28:42-06
56	SD	2024-01-23	2	2	1	1	\N
57	70	2024-01-23	3	2	3	1	\N
58	100	2024-03-05	2	1	12	1	2024-03-05 09:21:44.802492-06
60	100	2024-03-05	2	1	12	1	\N
59	80	2024-03-05	2	1	13	1	\N
61	71	2024-03-10	2	1	1	10	\N
62	60	2024-03-10	2	1	2	10	\N
63	86	2024-03-10	2	1	4	10	\N
64	SD	2024-03-10	2	1	9	10	\N
65	79	2024-03-10	3	1	9	10	\N
66	61	2024-03-10	2	1	10	10	\N
67	99	2024-03-10	2	1	3	9	\N
68	94	2024-03-10	2	1	2	9	\N
69	92	2024-03-10	2	1	11	9	\N
70	SD	2024-03-10	2	1	9	9	\N
71	86	2024-03-10	2	1	10	9	\N
72	85	2024-03-10	2	1	3	8	\N
73	70	2024-03-10	2	1	2	8	\N
74	77	2024-03-10	2	1	9	8	\N
75	60	2024-03-10	2	1	11	8	\N
76	100	2024-03-10	2	1	10	8	\N
77	84	2024-03-10	2	1	1	7	\N
78	77	2024-03-10	2	1	2	7	\N
79	92	2024-03-10	2	1	4	7	\N
80	74	2024-03-10	2	1	9	7	\N
81	66	2024-03-10	2	1	10	7	\N
82	96	2024-03-10	2	1	1	6	\N
83	97	2024-03-10	2	1	2	6	\N
84	SD	2024-03-10	2	1	4	6	\N
85	SD	2024-03-10	2	1	9	6	\N
86	15	2024-03-10	2	1	10	6	\N
87	73	2024-03-10	3	1	10	6	\N
88	93	2024-03-10	2	1	3	5	\N
89	79	2024-03-10	2	1	4	5	\N
90	78	2024-03-10	2	1	2	5	\N
91	91	2024-03-10	2	1	9	5	\N
92	66	2024-03-10	2	1	10	5	\N
94	68	2024-03-11	2	1	3	24	\N
95	89	2024-03-11	2	1	2	24	\N
96	75	2024-03-11	2	1	4	24	\N
97	65	2024-03-11	2	1	9	24	\N
98	87	2024-03-11	2	1	10	24	\N
99	81	2024-03-11	2	1	3	25	\N
100	88	2024-03-11	2	1	2	25	\N
101	63	2024-03-11	2	1	11	25	\N
102	78	2024-03-11	2	1	9	25	\N
103	83	2024-03-11	2	1	10	25	\N
104	54	2024-03-11	2	1	1	26	\N
105	82	2024-03-11	2	1	2	26	\N
106	95	2024-03-11	2	1	11	26	\N
107	63	2024-03-11	2	1	9	26	\N
108	63	2024-03-11	2	1	10	26	\N
109	70	2024-03-11	2	1	3	27	\N
110	74	2024-03-11	2	1	2	27	\N
111	93	2024-03-11	2	1	11	27	\N
112	61	2024-03-11	2	1	9	27	\N
113	89	2024-03-11	2	1	10	27	\N
114	90	2024-03-11	2	1	1	28	\N
115	70	2024-03-11	2	1	2	28	\N
116	85	2024-03-11	2	1	11	28	\N
117	84	2024-03-11	2	1	9	28	\N
118	98	2024-03-11	2	1	10	28	\N
119	76	2024-03-11	2	1	3	29	\N
120	80	2024-03-11	2	1	2	29	\N
121	90	2024-03-11	2	1	4	29	\N
122	80	2024-03-11	2	1	9	29	\N
123	82	2024-03-11	2	1	10	29	\N
124	52	2024-03-11	2	1	1	30	\N
125	66	2024-03-11	2	1	2	30	\N
126	93	2024-03-11	2	1	4	30	\N
127	88	2024-03-11	2	1	9	30	\N
128	75	2024-03-11	2	1	10	30	\N
129	71	2024-03-11	2	1	3	31	\N
130	61	2024-03-11	2	1	2	31	\N
131	57	2024-03-11	2	1	11	31	\N
132	71	2024-03-11	2	1	9	31	\N
133	55	2024-03-11	2	1	10	31	\N
134	98	2024-03-11	2	1	1	32	\N
135	76	2024-03-11	2	1	2	32	\N
136	60	2024-03-11	2	1	11	32	\N
137	63	2024-03-11	2	1	9	32	\N
138	72	2024-03-11	2	1	10	32	\N
139	76	2024-03-11	2	1	1	33	\N
140	91	2024-03-11	2	1	2	33	\N
141	98	2024-03-11	2	1	4	33	\N
142	68	2024-03-11	2	1	9	33	\N
143	100	2024-03-11	2	1	10	33	\N
144	55	2024-03-11	2	1	1	34	\N
145	50	2024-03-11	2	1	2	34	\N
146	99	2024-03-11	2	1	4	34	\N
147	58	2024-03-11	2	1	9	34	\N
148	89	2024-03-11	2	1	10	34	\N
149	62	2024-03-11	2	1	3	35	\N
150	58	2024-03-11	2	1	2	35	\N
151	79	2024-03-11	2	1	4	35	\N
152	75	2024-03-11	2	1	9	35	\N
153	87	2024-03-11	2	1	10	35	\N
154	71	2024-03-11	2	1	3	36	\N
155	69	2024-03-11	2	1	2	36	\N
156	64	2024-03-11	2	1	11	36	\N
157	55	2024-03-11	2	1	9	36	\N
158	62	2024-03-11	2	1	10	36	\N
159	60	2024-03-11	2	1	1	37	\N
160	98	2024-03-11	2	1	2	37	\N
161	83	2024-03-11	2	1	4	37	\N
162	59	2024-03-11	2	1	9	37	\N
163	73	2024-03-11	2	1	10	37	\N
164	61	2024-03-11	2	1	1	38	\N
165	50	2024-03-11	2	1	2	38	\N
166	95	2024-03-11	2	1	11	38	\N
167	75	2024-03-11	2	1	9	38	\N
168	76	2024-03-11	2	1	10	38	\N
169	67	2024-03-11	2	1	1	39	\N
170	55	2024-03-11	2	1	2	39	\N
171	52	2024-03-11	2	1	11	39	\N
172	58	2024-03-11	2	1	9	39	\N
173	67	2024-03-11	2	1	10	39	\N
174	79	2024-03-11	2	1	1	40	\N
175	81	2024-03-11	2	1	2	40	\N
176	89	2024-03-11	2	1	4	40	\N
177	67	2024-03-11	2	1	9	40	\N
178	85	2024-03-11	2	1	10	40	\N
179	57	2024-03-11	2	1	3	41	\N
180	97	2024-03-11	2	1	2	41	\N
181	78	2024-03-11	2	1	4	41	\N
182	77	2024-03-11	2	1	9	41	\N
183	63	2024-03-11	2	1	10	41	\N
184	62	2024-03-11	2	1	1	42	\N
185	71	2024-03-11	2	1	2	42	\N
186	85	2024-03-11	2	1	4	42	\N
187	67	2024-03-11	2	1	9	42	\N
188	73	2024-03-11	2	1	10	42	\N
189	80	2024-03-11	2	1	1	43	\N
190	83	2024-03-11	2	1	2	43	\N
191	69	2024-03-11	2	1	11	43	\N
192	87	2024-03-11	2	1	9	43	\N
193	59	2024-03-11	2	1	10	43	\N
194	60	2024-03-11	2	1	3	44	\N
195	66	2024-03-11	2	1	2	44	\N
196	93	2024-03-11	2	1	4	44	\N
197	62	2024-03-11	2	1	9	44	\N
198	96	2024-03-11	2	1	10	44	\N
199	93	2024-03-11	2	1	3	45	\N
200	74	2024-03-11	2	1	2	45	\N
201	57	2024-03-11	2	1	4	45	\N
202	57	2024-03-11	2	1	9	45	\N
203	64	2024-03-11	2	1	10	45	\N
204	98	2024-03-11	2	1	3	46	\N
205	81	2024-03-11	2	1	2	46	\N
206	50	2024-03-11	2	1	11	46	\N
207	60	2024-03-11	2	1	9	46	\N
208	86	2024-03-11	2	1	10	46	\N
209	87	2024-03-11	2	1	3	47	\N
210	92	2024-03-11	2	1	2	47	\N
211	50	2024-03-11	2	1	4	47	\N
212	92	2024-03-11	2	1	9	47	\N
213	65	2024-03-11	2	1	10	47	\N
214	50	2024-03-11	2	1	1	48	\N
215	72	2024-03-11	2	1	2	48	\N
216	65	2024-03-11	2	1	4	48	\N
217	54	2024-03-11	2	1	9	48	\N
218	99	2024-03-11	2	1	10	48	\N
219	83	2024-03-11	2	1	1	49	\N
220	93	2024-03-11	2	1	2	49	\N
221	65	2024-03-11	2	1	4	49	\N
222	80	2024-03-11	2	1	9	49	\N
223	71	2024-03-11	2	1	10	49	\N
224	62	2024-03-11	2	1	3	50	\N
225	84	2024-03-11	2	1	2	50	\N
226	83	2024-03-11	2	1	4	50	\N
227	83	2024-03-11	2	1	9	50	\N
228	50	2024-03-11	2	1	10	50	\N
229	56	2024-03-11	2	1	3	51	\N
230	69	2024-03-11	2	1	2	51	\N
231	90	2024-03-11	2	1	11	51	\N
232	63	2024-03-11	2	1	9	51	\N
233	97	2024-03-11	2	1	10	51	\N
234	100	2024-03-11	2	1	1	52	\N
235	52	2024-03-11	2	1	2	52	\N
236	70	2024-03-11	2	1	11	52	\N
237	99	2024-03-11	2	1	9	52	\N
238	79	2024-03-11	2	1	10	52	\N
239	50	2024-03-11	2	1	3	53	\N
240	63	2024-03-11	2	1	2	53	\N
241	72	2024-03-11	2	1	11	53	\N
242	52	2024-03-11	2	1	9	53	\N
243	87	2024-03-11	2	1	10	53	\N
244	65	2024-03-11	2	1	3	54	\N
245	69	2024-03-11	2	1	2	54	\N
246	57	2024-03-11	2	1	4	54	\N
247	87	2024-03-11	2	1	9	54	\N
248	99	2024-03-11	2	1	10	54	\N
249	55	2024-03-11	2	1	3	55	\N
250	63	2024-03-11	2	1	2	55	\N
251	73	2024-03-11	2	1	11	55	\N
252	94	2024-03-11	2	1	9	55	\N
253	68	2024-03-11	2	1	10	55	\N
254	98	2024-03-11	2	1	1	56	\N
255	55	2024-03-11	2	1	2	56	\N
256	75	2024-03-11	2	1	4	56	\N
257	72	2024-03-11	2	1	9	56	\N
258	97	2024-03-11	2	1	10	56	\N
259	55	2024-03-11	2	1	1	57	\N
260	57	2024-03-11	2	1	2	57	\N
261	70	2024-03-11	2	1	4	57	\N
262	66	2024-03-11	2	1	9	57	\N
263	89	2024-03-11	2	1	10	57	\N
264	97	2024-03-11	2	1	1	58	\N
265	97	2024-03-11	2	1	2	58	\N
266	70	2024-03-11	2	1	11	58	\N
267	82	2024-03-11	2	1	9	58	\N
268	61	2024-03-11	2	1	10	58	\N
269	66	2024-03-11	2	1	3	59	\N
270	68	2024-03-11	2	1	2	59	\N
271	97	2024-03-11	2	1	11	59	\N
272	91	2024-03-11	2	1	9	59	\N
273	75	2024-03-11	2	1	10	59	\N
274	90	2024-03-11	2	1	3	60	\N
275	87	2024-03-11	2	1	2	60	\N
276	60	2024-03-11	2	1	4	60	\N
277	94	2024-03-11	2	1	9	60	\N
278	87	2024-03-11	2	1	10	60	\N
279	58	2024-03-11	2	1	1	61	\N
280	84	2024-03-11	2	1	2	61	\N
281	78	2024-03-11	2	1	4	61	\N
282	69	2024-03-11	2	1	9	61	\N
283	66	2024-03-11	2	1	10	61	\N
284	72	2024-03-11	2	1	1	62	\N
285	100	2024-03-11	2	1	2	62	\N
286	60	2024-03-11	2	1	4	62	\N
287	78	2024-03-11	2	1	9	62	\N
288	67	2024-03-11	2	1	10	62	\N
289	81	2024-03-11	2	1	3	63	\N
290	89	2024-03-11	2	1	2	63	\N
291	54	2024-03-11	2	1	11	63	\N
292	96	2024-03-11	2	1	9	63	\N
293	69	2024-03-11	2	1	10	63	\N
294	62	2024-03-11	2	1	3	64	\N
295	65	2024-03-11	2	1	2	64	\N
296	59	2024-03-11	2	1	4	64	\N
297	93	2024-03-11	2	1	9	64	\N
298	62	2024-03-11	2	1	10	64	\N
299	73	2024-03-11	2	1	1	65	\N
300	70	2024-03-11	2	1	2	65	\N
301	86	2024-03-11	2	1	4	65	\N
302	61	2024-03-11	2	1	9	65	\N
303	78	2024-03-11	2	1	10	65	\N
304	64	2024-03-11	2	1	1	66	\N
305	82	2024-03-11	2	1	2	66	\N
306	64	2024-03-11	2	1	4	66	\N
307	98	2024-03-11	2	1	9	66	\N
308	89	2024-03-11	2	1	10	66	\N
309	65	2024-03-11	2	1	3	67	\N
310	61	2024-03-11	2	1	2	67	\N
311	89	2024-03-11	2	1	4	67	\N
312	72	2024-03-11	2	1	9	67	\N
313	72	2024-03-11	2	1	10	67	\N
314	70	2024-03-11	2	1	1	68	\N
315	54	2024-03-11	2	1	2	68	\N
316	88	2024-03-11	2	1	4	68	\N
317	73	2024-03-11	2	1	9	68	\N
318	83	2024-03-11	2	1	10	68	\N
319	98	2024-03-11	2	1	1	69	\N
320	84	2024-03-11	2	1	2	69	\N
321	74	2024-03-11	2	1	11	69	\N
322	63	2024-03-11	2	1	9	69	\N
323	63	2024-03-11	2	1	10	69	\N
324	51	2024-03-11	2	1	1	70	\N
325	57	2024-03-11	2	1	2	70	\N
326	76	2024-03-11	2	1	4	70	\N
327	60	2024-03-11	2	1	9	70	\N
328	93	2024-03-11	2	1	10	70	\N
329	86	2024-03-11	2	1	3	71	\N
330	69	2024-03-11	2	1	2	71	\N
331	75	2024-03-11	2	1	4	71	\N
332	65	2024-03-11	2	1	9	71	\N
333	67	2024-03-11	2	1	10	71	\N
334	63	2024-03-11	2	1	3	72	\N
335	97	2024-03-11	2	1	2	72	\N
336	66	2024-03-11	2	1	4	72	\N
337	81	2024-03-11	2	1	9	72	\N
338	98	2024-03-11	2	1	10	72	\N
339	85	2024-03-11	2	1	3	73	\N
340	100	2024-03-11	2	1	2	73	\N
341	53	2024-03-11	2	1	11	73	\N
342	63	2024-03-11	2	1	9	73	\N
343	95	2024-03-11	2	1	10	73	\N
344	80	2024-03-11	2	1	3	74	\N
345	75	2024-03-11	2	1	2	74	\N
346	93	2024-03-11	2	1	4	74	\N
347	79	2024-03-11	2	1	9	74	\N
348	83	2024-03-11	2	1	10	74	\N
349	60	2024-03-11	2	1	3	75	\N
350	74	2024-03-11	2	1	2	75	\N
351	98	2024-03-11	2	1	11	75	\N
352	66	2024-03-11	2	1	9	75	\N
353	69	2024-03-11	2	1	10	75	\N
354	96	2024-03-11	2	1	1	76	\N
355	67	2024-03-11	2	1	2	76	\N
356	76	2024-03-11	2	1	4	76	\N
357	68	2024-03-11	2	1	9	76	\N
358	52	2024-03-11	2	1	10	76	\N
359	95	2024-03-11	2	1	3	77	\N
360	63	2024-03-11	2	1	2	77	\N
361	79	2024-03-11	2	1	4	77	\N
362	72	2024-03-11	2	1	9	77	\N
363	100	2024-03-11	2	1	10	77	\N
364	62	2024-03-11	2	1	3	78	\N
365	51	2024-03-11	2	1	2	78	\N
366	98	2024-03-11	2	1	11	78	\N
367	73	2024-03-11	2	1	9	78	\N
368	83	2024-03-11	2	1	10	78	\N
369	80	2024-03-11	2	1	1	79	\N
370	71	2024-03-11	2	1	2	79	\N
371	84	2024-03-11	2	1	4	79	\N
372	65	2024-03-11	2	1	9	79	\N
373	99	2024-03-11	2	1	10	79	\N
374	51	2024-03-11	2	1	3	80	\N
375	58	2024-03-11	2	1	2	80	\N
376	72	2024-03-11	2	1	4	80	\N
377	72	2024-03-11	2	1	9	80	\N
378	75	2024-03-11	2	1	10	80	\N
379	54	2024-03-11	2	1	1	81	\N
380	69	2024-03-11	2	1	2	81	\N
381	83	2024-03-11	2	1	11	81	\N
382	51	2024-03-11	2	1	9	81	\N
383	54	2024-03-11	2	1	10	81	\N
384	63	2024-03-11	2	1	3	82	\N
385	62	2024-03-11	2	1	2	82	\N
386	95	2024-03-11	2	1	11	82	\N
387	60	2024-03-11	2	1	9	82	\N
388	86	2024-03-11	2	1	10	82	\N
389	79	2024-03-11	2	1	1	83	\N
390	98	2024-03-11	2	1	2	83	\N
391	94	2024-03-11	2	1	11	83	\N
392	52	2024-03-11	2	1	9	83	\N
393	86	2024-03-11	2	1	10	83	\N
394	85	2024-03-11	2	1	1	84	\N
395	54	2024-03-11	2	1	2	84	\N
396	65	2024-03-11	2	1	4	84	\N
397	65	2024-03-11	2	1	9	84	\N
398	92	2024-03-11	2	1	10	84	\N
399	96	2024-03-11	2	1	3	85	\N
400	64	2024-03-11	2	1	2	85	\N
401	97	2024-03-11	2	1	11	85	\N
402	54	2024-03-11	2	1	9	85	\N
403	52	2024-03-11	2	1	10	85	\N
404	57	2024-03-11	2	1	3	86	\N
405	78	2024-03-11	2	1	2	86	\N
406	66	2024-03-11	2	1	11	86	\N
407	71	2024-03-11	2	1	9	86	\N
408	74	2024-03-11	2	1	10	86	\N
409	58	2024-03-11	2	1	3	87	\N
410	65	2024-03-11	2	1	2	87	\N
411	74	2024-03-11	2	1	11	87	\N
412	56	2024-03-11	2	1	9	87	\N
413	88	2024-03-11	2	1	10	87	\N
414	98	2024-03-11	2	1	1	88	\N
415	79	2024-03-11	2	1	2	88	\N
416	54	2024-03-11	2	1	4	88	\N
417	54	2024-03-11	2	1	9	88	\N
418	61	2024-03-11	2	1	10	88	\N
419	65	2024-03-11	2	1	1	89	\N
420	69	2024-03-11	2	1	2	89	\N
421	91	2024-03-11	2	1	4	89	\N
422	72	2024-03-11	2	1	9	89	\N
423	96	2024-03-11	2	1	10	89	\N
424	70	2024-03-11	2	1	1	90	\N
425	62	2024-03-11	2	1	2	90	\N
426	78	2024-03-11	2	1	4	90	\N
427	60	2024-03-11	2	1	9	90	\N
428	66	2024-03-11	2	1	10	90	\N
429	62	2024-03-11	2	1	1	91	\N
430	52	2024-03-11	2	1	2	91	\N
431	95	2024-03-11	2	1	11	91	\N
432	65	2024-03-11	2	1	9	91	\N
433	100	2024-03-11	2	1	10	91	\N
434	53	2024-03-11	2	1	3	92	\N
435	83	2024-03-11	2	1	2	92	\N
436	99	2024-03-11	2	1	4	92	\N
437	84	2024-03-11	2	1	9	92	\N
438	61	2024-03-11	2	1	10	92	\N
439	63	2024-03-11	2	1	1	93	\N
440	92	2024-03-11	2	1	2	93	\N
441	84	2024-03-11	2	1	11	93	\N
442	65	2024-03-11	2	1	9	93	\N
443	55	2024-03-11	2	1	10	93	\N
444	98	2024-03-11	2	1	3	94	\N
445	72	2024-03-11	2	1	2	94	\N
446	60	2024-03-11	2	1	11	94	\N
447	97	2024-03-11	2	1	9	94	\N
448	74	2024-03-11	2	1	10	94	\N
449	91	2024-03-11	2	1	1	95	\N
450	58	2024-03-11	2	1	2	95	\N
451	67	2024-03-11	2	1	11	95	\N
452	86	2024-03-11	2	1	9	95	\N
453	85	2024-03-11	2	1	10	95	\N
454	82	2024-03-11	2	1	3	96	\N
455	87	2024-03-11	2	1	2	96	\N
456	89	2024-03-11	2	1	4	96	\N
457	52	2024-03-11	2	1	9	96	\N
458	88	2024-03-11	2	1	10	96	\N
459	80	2024-03-11	2	1	1	97	\N
460	88	2024-03-11	2	1	2	97	\N
461	58	2024-03-11	2	1	4	97	\N
462	84	2024-03-11	2	1	9	97	\N
463	62	2024-03-11	2	1	10	97	\N
464	95	2024-03-11	2	1	1	98	\N
465	56	2024-03-11	2	1	2	98	\N
466	81	2024-03-11	2	1	11	98	\N
467	59	2024-03-11	2	1	9	98	\N
468	82	2024-03-11	2	1	10	98	\N
469	56	2024-03-11	2	1	3	99	\N
470	55	2024-03-11	2	1	2	99	\N
471	95	2024-03-11	2	1	11	99	\N
472	94	2024-03-11	2	1	9	99	\N
473	63	2024-03-11	2	1	10	99	\N
474	81	2024-03-11	2	1	1	100	\N
475	92	2024-03-11	2	1	2	100	\N
476	92	2024-03-11	2	1	11	100	\N
477	90	2024-03-11	2	1	9	100	\N
478	66	2024-03-11	2	1	10	100	\N
479	61	2024-03-11	2	1	3	101	\N
480	74	2024-03-11	2	1	2	101	\N
481	58	2024-03-11	2	1	4	101	\N
482	93	2024-03-11	2	1	9	101	\N
483	81	2024-03-11	2	1	10	101	\N
484	80	2024-03-11	2	1	1	102	\N
485	68	2024-03-11	2	1	2	102	\N
486	60	2024-03-11	2	1	11	102	\N
487	76	2024-03-11	2	1	9	102	\N
488	66	2024-03-11	2	1	10	102	\N
489	84	2024-03-11	2	1	3	103	\N
490	50	2024-03-11	2	1	2	103	\N
491	90	2024-03-11	2	1	4	103	\N
492	51	2024-03-11	2	1	9	103	\N
493	96	2024-03-11	2	1	10	103	\N
494	74	2024-03-11	2	1	1	104	\N
495	71	2024-03-11	2	1	2	104	\N
496	57	2024-03-11	2	1	11	104	\N
497	62	2024-03-11	2	1	9	104	\N
498	84	2024-03-11	2	1	10	104	\N
499	90	2024-03-11	2	1	3	105	\N
500	95	2024-03-11	2	1	2	105	\N
501	98	2024-03-11	2	1	4	105	\N
502	99	2024-03-11	2	1	9	105	\N
503	78	2024-03-11	2	1	10	105	\N
504	77	2024-03-11	2	1	3	106	\N
505	82	2024-03-11	2	1	2	106	\N
506	88	2024-03-11	2	1	11	106	\N
507	73	2024-03-11	2	1	9	106	\N
508	84	2024-03-11	2	1	10	106	\N
509	78	2024-03-11	2	1	3	107	\N
510	66	2024-03-11	2	1	2	107	\N
511	84	2024-03-11	2	1	4	107	\N
512	80	2024-03-11	2	1	9	107	\N
513	50	2024-03-11	2	1	10	107	\N
514	76	2024-03-11	2	1	3	108	\N
515	76	2024-03-11	2	1	2	108	\N
516	51	2024-03-11	2	1	4	108	\N
517	92	2024-03-11	2	1	9	108	\N
518	57	2024-03-11	2	1	10	108	\N
519	81	2024-03-11	2	1	1	109	\N
520	57	2024-03-11	2	1	2	109	\N
521	61	2024-03-11	2	1	11	109	\N
522	98	2024-03-11	2	1	9	109	\N
523	79	2024-03-11	2	1	10	109	\N
524	96	2024-03-11	2	1	1	110	\N
525	96	2024-03-11	2	1	2	110	\N
526	89	2024-03-11	2	1	4	110	\N
527	100	2024-03-11	2	1	9	110	\N
528	91	2024-03-11	2	1	10	110	\N
529	88	2024-03-11	2	1	3	111	\N
530	74	2024-03-11	2	1	2	111	\N
531	89	2024-03-11	2	1	11	111	\N
532	66	2024-03-11	2	1	9	111	\N
533	89	2024-03-11	2	1	10	111	\N
534	88	2024-03-11	2	1	1	112	\N
535	93	2024-03-11	2	1	2	112	\N
536	88	2024-03-11	2	1	11	112	\N
537	83	2024-03-11	2	1	9	112	\N
538	61	2024-03-11	2	1	10	112	\N
539	54	2024-03-11	2	1	3	113	\N
540	55	2024-03-11	2	1	2	113	\N
541	58	2024-03-11	2	1	4	113	\N
542	66	2024-03-11	2	1	9	113	\N
543	66	2024-03-11	2	1	10	113	\N
544	73	2024-03-11	2	1	3	114	\N
545	69	2024-03-11	2	1	2	114	\N
546	80	2024-03-11	2	1	4	114	\N
547	78	2024-03-11	2	1	9	114	\N
548	74	2024-03-11	2	1	10	114	\N
549	62	2024-03-11	2	1	1	115	\N
550	72	2024-03-11	2	1	2	115	\N
551	55	2024-03-11	2	1	4	115	\N
552	85	2024-03-11	2	1	9	115	\N
553	87	2024-03-11	2	1	10	115	\N
554	95	2024-03-11	2	1	1	116	\N
555	84	2024-03-11	2	1	2	116	\N
556	87	2024-03-11	2	1	4	116	\N
557	61	2024-03-11	2	1	9	116	\N
558	67	2024-03-11	2	1	10	116	\N
559	91	2024-03-11	2	1	3	117	\N
560	89	2024-03-11	2	1	2	117	\N
561	95	2024-03-11	2	1	11	117	\N
562	75	2024-03-11	2	1	9	117	\N
563	83	2024-03-11	2	1	10	117	\N
564	100	2024-03-11	2	1	1	118	\N
565	87	2024-03-11	2	1	2	118	\N
566	73	2024-03-11	2	1	4	118	\N
567	66	2024-03-11	2	1	9	118	\N
568	80	2024-03-11	2	1	10	118	\N
569	78	2024-03-11	2	1	1	119	\N
570	81	2024-03-11	2	1	2	119	\N
571	87	2024-03-11	2	1	11	119	\N
572	73	2024-03-11	2	1	9	119	\N
573	80	2024-03-11	2	1	10	119	\N
574	88	2024-03-11	2	1	3	120	\N
575	53	2024-03-11	2	1	2	120	\N
576	99	2024-03-11	2	1	4	120	\N
577	84	2024-03-11	2	1	9	120	\N
578	59	2024-03-11	2	1	10	120	\N
579	95	2024-03-11	2	1	1	121	\N
580	64	2024-03-11	2	1	2	121	\N
581	56	2024-03-11	2	1	11	121	\N
582	57	2024-03-11	2	1	9	121	\N
583	83	2024-03-11	2	1	10	121	\N
584	99	2024-03-11	2	1	3	122	\N
585	61	2024-03-11	2	1	2	122	\N
586	58	2024-03-11	2	1	4	122	\N
587	76	2024-03-11	2	1	9	122	\N
588	77	2024-03-11	2	1	10	122	\N
589	56	2024-03-11	2	1	3	123	\N
590	86	2024-03-11	2	1	2	123	\N
591	72	2024-03-11	2	1	4	123	\N
592	70	2024-03-11	2	1	9	123	\N
593	89	2024-03-11	2	1	10	123	\N
594	63	2024-03-11	2	1	1	124	\N
595	57	2024-03-11	2	1	2	124	\N
596	68	2024-03-11	2	1	11	124	\N
597	59	2024-03-11	2	1	9	124	\N
598	58	2024-03-11	2	1	10	124	\N
599	100	2024-03-11	2	1	3	125	\N
600	58	2024-03-11	2	1	2	125	\N
601	51	2024-03-11	2	1	11	125	\N
602	99	2024-03-11	2	1	9	125	\N
603	58	2024-03-11	2	1	10	125	\N
604	100	2024-03-11	2	1	3	126	\N
605	79	2024-03-11	2	1	2	126	\N
606	71	2024-03-11	2	1	11	126	\N
607	72	2024-03-11	2	1	9	126	\N
608	58	2024-03-11	2	1	10	126	\N
\.


--
-- Name: studenthistory_course_idCourse_seq; Type: SEQUENCE SET; Schema: public; Owner: django
--

SELECT pg_catalog.setval('public."studenthistory_course_idCourse_seq"', 608, true);


--
-- Name: studenthistory_course studenthistory_course_pkey; Type: CONSTRAINT; Schema: public; Owner: django
--

ALTER TABLE ONLY public.studenthistory_course
    ADD CONSTRAINT studenthistory_course_pkey PRIMARY KEY ("idCourse");


--
-- Name: studenthistory_course_grade_period_id_da6f1a31; Type: INDEX; Schema: public; Owner: django
--

CREATE INDEX studenthistory_course_grade_period_id_da6f1a31 ON public.studenthistory_course USING btree (grade_period_id);


--
-- Name: studenthistory_course_school_cycle_id_6624fb48; Type: INDEX; Schema: public; Owner: django
--

CREATE INDEX studenthistory_course_school_cycle_id_6624fb48 ON public.studenthistory_course USING btree (school_cycle_id);


--
-- Name: studenthistory_course_section_id_90b650b2; Type: INDEX; Schema: public; Owner: django
--

CREATE INDEX studenthistory_course_section_id_90b650b2 ON public.studenthistory_course USING btree (section_id);


--
-- Name: studenthistory_course_student_id_a2360c8b; Type: INDEX; Schema: public; Owner: django
--

CREATE INDEX studenthistory_course_student_id_a2360c8b ON public.studenthistory_course USING btree (student_id);


--
-- Name: studenthistory_course studenthistory_cours_grade_period_id_da6f1a31_fk_studenthi; Type: FK CONSTRAINT; Schema: public; Owner: django
--

ALTER TABLE ONLY public.studenthistory_course
    ADD CONSTRAINT studenthistory_cours_grade_period_id_da6f1a31_fk_studenthi FOREIGN KEY (grade_period_id) REFERENCES public.studenthistory_gradeperiod("idGradePeriod") DEFERRABLE INITIALLY DEFERRED;


--
-- Name: studenthistory_course studenthistory_cours_school_cycle_id_6624fb48_fk_studentfo; Type: FK CONSTRAINT; Schema: public; Owner: django
--

ALTER TABLE ONLY public.studenthistory_course
    ADD CONSTRAINT studenthistory_cours_school_cycle_id_6624fb48_fk_studentfo FOREIGN KEY (school_cycle_id) REFERENCES public.studentform_school_cycle("idCycle") DEFERRABLE INITIALLY DEFERRED;


--
-- Name: studenthistory_course studenthistory_cours_section_id_90b650b2_fk_studenthi; Type: FK CONSTRAINT; Schema: public; Owner: django
--

ALTER TABLE ONLY public.studenthistory_course
    ADD CONSTRAINT studenthistory_cours_section_id_90b650b2_fk_studenthi FOREIGN KEY (section_id) REFERENCES public.studenthistory_section("idSection") DEFERRABLE INITIALLY DEFERRED;


--
-- Name: studenthistory_course studenthistory_cours_student_id_a2360c8b_fk_studentfo; Type: FK CONSTRAINT; Schema: public; Owner: django
--

ALTER TABLE ONLY public.studenthistory_course
    ADD CONSTRAINT studenthistory_cours_student_id_a2360c8b_fk_studentfo FOREIGN KEY (student_id) REFERENCES public.studentform_student("idStudent") DEFERRABLE INITIALLY DEFERRED;


--
-- PostgreSQL database dump complete
--

--
-- PostgreSQL database dump
--

-- Dumped from database version 16.1
-- Dumped by pg_dump version 16.1

SET statement_timeout = 0;
SET lock_timeout = 0;
SET idle_in_transaction_session_timeout = 0;
SET client_encoding = 'UTF8';
SET standard_conforming_strings = on;
SELECT pg_catalog.set_config('search_path', '', false);
SET check_function_bodies = false;
SET xmloption = content;
SET client_min_messages = warning;
SET row_security = off;

SET default_tablespace = '';

SET default_table_access_method = heap;

--
-- Name: studenthistory_careersubject; Type: TABLE; Schema: public; Owner: django
--

CREATE TABLE public.studenthistory_careersubject (
    id bigint NOT NULL,
    career_id integer NOT NULL,
    subject_id integer NOT NULL,
    deleted_at timestamp with time zone
);


ALTER TABLE public.studenthistory_careersubject OWNER TO django;

--
-- Name: studenthistory_careersubject_id_seq; Type: SEQUENCE; Schema: public; Owner: django
--

ALTER TABLE public.studenthistory_careersubject ALTER COLUMN id ADD GENERATED BY DEFAULT AS IDENTITY (
    SEQUENCE NAME public.studenthistory_careersubject_id_seq
    START WITH 1
    INCREMENT BY 1
    NO MINVALUE
    NO MAXVALUE
    CACHE 1
);


--
-- Data for Name: studenthistory_careersubject; Type: TABLE DATA; Schema: public; Owner: django
--

COPY public.studenthistory_careersubject (id, career_id, subject_id, deleted_at) FROM stdin;
1	1	1	\N
2	1	2	\N
3	1	3	\N
4	1	4	\N
5	1	5	\N
6	1	6	\N
7	1	7	\N
8	1	8	\N
9	1	9	\N
10	2	10	\N
11	2	11	\N
12	2	12	\N
13	2	13	\N
14	2	14	\N
15	2	15	\N
16	2	16	\N
17	2	17	\N
18	2	18	\N
\.


--
-- Name: studenthistory_careersubject_id_seq; Type: SEQUENCE SET; Schema: public; Owner: django
--

SELECT pg_catalog.setval('public.studenthistory_careersubject_id_seq', 18, true);


--
-- Name: studenthistory_careersubject studenthistory_careersubject_career_id_subject_id_594e0df2_uniq; Type: CONSTRAINT; Schema: public; Owner: django
--

ALTER TABLE ONLY public.studenthistory_careersubject
    ADD CONSTRAINT studenthistory_careersubject_career_id_subject_id_594e0df2_uniq UNIQUE (career_id, subject_id);


--
-- Name: studenthistory_careersubject studenthistory_careersubject_pkey; Type: CONSTRAINT; Schema: public; Owner: django
--

ALTER TABLE ONLY public.studenthistory_careersubject
    ADD CONSTRAINT studenthistory_careersubject_pkey PRIMARY KEY (id);


--
-- Name: studenthistory_careersubject_career_id_9a490b26; Type: INDEX; Schema: public; Owner: django
--

CREATE INDEX studenthistory_careersubject_career_id_9a490b26 ON public.studenthistory_careersubject USING btree (career_id);


--
-- Name: studenthistory_careersubject_subject_id_09f729e5; Type: INDEX; Schema: public; Owner: django
--

CREATE INDEX studenthistory_careersubject_subject_id_09f729e5 ON public.studenthistory_careersubject USING btree (subject_id);


--
-- Name: studenthistory_careersubject studenthistory_caree_career_id_9a490b26_fk_studentfo; Type: FK CONSTRAINT; Schema: public; Owner: django
--

ALTER TABLE ONLY public.studenthistory_careersubject
    ADD CONSTRAINT studenthistory_caree_career_id_9a490b26_fk_studentfo FOREIGN KEY (career_id) REFERENCES public.studentform_career("idCareer") DEFERRABLE INITIALLY DEFERRED;


--
-- Name: studenthistory_careersubject studenthistory_caree_subject_id_09f729e5_fk_studentfo; Type: FK CONSTRAINT; Schema: public; Owner: django
--

ALTER TABLE ONLY public.studenthistory_careersubject
    ADD CONSTRAINT studenthistory_caree_subject_id_09f729e5_fk_studentfo FOREIGN KEY (subject_id) REFERENCES public.studentform_subject("idSubject") DEFERRABLE INITIALLY DEFERRED;


--
-- PostgreSQL database dump complete
--

