--
-- PostgreSQL database dump
--

-- Dumped from database version 16.0
-- Dumped by pg_dump version 16.0

SET statement_timeout = 0;
SET lock_timeout = 0;
SET idle_in_transaction_session_timeout = 0;
SET client_encoding = 'UTF8';
SET standard_conforming_strings = on;
SELECT pg_catalog.set_config('search_path', '', false);
SET check_function_bodies = false;
SET xmloption = content;
SET client_min_messages = warning;
SET row_security = off;

SET default_tablespace = '';

SET default_table_access_method = heap;

--
-- Name: auth_group; Type: TABLE; Schema: public; Owner: django
--

CREATE TABLE public.auth_group (
    id integer NOT NULL,
    name character varying(150) NOT NULL
);


ALTER TABLE public.auth_group OWNER TO django;

--
-- Name: auth_group_id_seq; Type: SEQUENCE; Schema: public; Owner: django
--

ALTER TABLE public.auth_group ALTER COLUMN id ADD GENERATED BY DEFAULT AS IDENTITY (
    SEQUENCE NAME public.auth_group_id_seq
    START WITH 1
    INCREMENT BY 1
    NO MINVALUE
    NO MAXVALUE
    CACHE 1
);


--
-- Name: auth_group_permissions; Type: TABLE; Schema: public; Owner: django
--

CREATE TABLE public.auth_group_permissions (
    id bigint NOT NULL,
    group_id integer NOT NULL,
    permission_id integer NOT NULL
);


ALTER TABLE public.auth_group_permissions OWNER TO django;

--
-- Name: auth_group_permissions_id_seq; Type: SEQUENCE; Schema: public; Owner: django
--

ALTER TABLE public.auth_group_permissions ALTER COLUMN id ADD GENERATED BY DEFAULT AS IDENTITY (
    SEQUENCE NAME public.auth_group_permissions_id_seq
    START WITH 1
    INCREMENT BY 1
    NO MINVALUE
    NO MAXVALUE
    CACHE 1
);


--
-- Name: auth_permission; Type: TABLE; Schema: public; Owner: django
--

CREATE TABLE public.auth_permission (
    id integer NOT NULL,
    name character varying(255) NOT NULL,
    content_type_id integer NOT NULL,
    codename character varying(100) NOT NULL
);


ALTER TABLE public.auth_permission OWNER TO django;

--
-- Name: auth_permission_id_seq; Type: SEQUENCE; Schema: public; Owner: django
--

ALTER TABLE public.auth_permission ALTER COLUMN id ADD GENERATED BY DEFAULT AS IDENTITY (
    SEQUENCE NAME public.auth_permission_id_seq
    START WITH 1
    INCREMENT BY 1
    NO MINVALUE
    NO MAXVALUE
    CACHE 1
);


--
-- Name: auth_user; Type: TABLE; Schema: public; Owner: django
--

CREATE TABLE public.auth_user (
    id integer NOT NULL,
    password character varying(128) NOT NULL,
    last_login timestamp with time zone,
    is_superuser boolean NOT NULL,
    username character varying(150) NOT NULL,
    first_name character varying(150) NOT NULL,
    last_name character varying(150) NOT NULL,
    email character varying(254) NOT NULL,
    is_staff boolean NOT NULL,
    is_active boolean NOT NULL,
    date_joined timestamp with time zone NOT NULL
);


ALTER TABLE public.auth_user OWNER TO django;

--
-- Name: auth_user_groups; Type: TABLE; Schema: public; Owner: django
--

CREATE TABLE public.auth_user_groups (
    id bigint NOT NULL,
    user_id integer NOT NULL,
    group_id integer NOT NULL
);


ALTER TABLE public.auth_user_groups OWNER TO django;

--
-- Name: auth_user_groups_id_seq; Type: SEQUENCE; Schema: public; Owner: django
--

ALTER TABLE public.auth_user_groups ALTER COLUMN id ADD GENERATED BY DEFAULT AS IDENTITY (
    SEQUENCE NAME public.auth_user_groups_id_seq
    START WITH 1
    INCREMENT BY 1
    NO MINVALUE
    NO MAXVALUE
    CACHE 1
);


--
-- Name: auth_user_id_seq; Type: SEQUENCE; Schema: public; Owner: django
--

ALTER TABLE public.auth_user ALTER COLUMN id ADD GENERATED BY DEFAULT AS IDENTITY (
    SEQUENCE NAME public.auth_user_id_seq
    START WITH 1
    INCREMENT BY 1
    NO MINVALUE
    NO MAXVALUE
    CACHE 1
);


--
-- Name: auth_user_user_permissions; Type: TABLE; Schema: public; Owner: django
--

CREATE TABLE public.auth_user_user_permissions (
    id bigint NOT NULL,
    user_id integer NOT NULL,
    permission_id integer NOT NULL
);


ALTER TABLE public.auth_user_user_permissions OWNER TO django;

--
-- Name: auth_user_user_permissions_id_seq; Type: SEQUENCE; Schema: public; Owner: django
--

ALTER TABLE public.auth_user_user_permissions ALTER COLUMN id ADD GENERATED BY DEFAULT AS IDENTITY (
    SEQUENCE NAME public.auth_user_user_permissions_id_seq
    START WITH 1
    INCREMENT BY 1
    NO MINVALUE
    NO MAXVALUE
    CACHE 1
);


--
-- Name: django_admin_log; Type: TABLE; Schema: public; Owner: django
--

CREATE TABLE public.django_admin_log (
    id integer NOT NULL,
    action_time timestamp with time zone NOT NULL,
    object_id text,
    object_repr character varying(200) NOT NULL,
    action_flag smallint NOT NULL,
    change_message text NOT NULL,
    content_type_id integer,
    user_id integer NOT NULL,
    CONSTRAINT django_admin_log_action_flag_check CHECK ((action_flag >= 0))
);


ALTER TABLE public.django_admin_log OWNER TO django;

--
-- Name: django_admin_log_id_seq; Type: SEQUENCE; Schema: public; Owner: django
--

ALTER TABLE public.django_admin_log ALTER COLUMN id ADD GENERATED BY DEFAULT AS IDENTITY (
    SEQUENCE NAME public.django_admin_log_id_seq
    START WITH 1
    INCREMENT BY 1
    NO MINVALUE
    NO MAXVALUE
    CACHE 1
);


--
-- Name: django_content_type; Type: TABLE; Schema: public; Owner: django
--

CREATE TABLE public.django_content_type (
    id integer NOT NULL,
    app_label character varying(100) NOT NULL,
    model character varying(100) NOT NULL
);


ALTER TABLE public.django_content_type OWNER TO django;

--
-- Name: django_content_type_id_seq; Type: SEQUENCE; Schema: public; Owner: django
--

ALTER TABLE public.django_content_type ALTER COLUMN id ADD GENERATED BY DEFAULT AS IDENTITY (
    SEQUENCE NAME public.django_content_type_id_seq
    START WITH 1
    INCREMENT BY 1
    NO MINVALUE
    NO MAXVALUE
    CACHE 1
);


--
-- Name: django_migrations; Type: TABLE; Schema: public; Owner: django
--

CREATE TABLE public.django_migrations (
    id bigint NOT NULL,
    app character varying(255) NOT NULL,
    name character varying(255) NOT NULL,
    applied timestamp with time zone NOT NULL
);


ALTER TABLE public.django_migrations OWNER TO django;

--
-- Name: django_migrations_id_seq; Type: SEQUENCE; Schema: public; Owner: django
--

ALTER TABLE public.django_migrations ALTER COLUMN id ADD GENERATED BY DEFAULT AS IDENTITY (
    SEQUENCE NAME public.django_migrations_id_seq
    START WITH 1
    INCREMENT BY 1
    NO MINVALUE
    NO MAXVALUE
    CACHE 1
);


--
-- Name: django_session; Type: TABLE; Schema: public; Owner: django
--

CREATE TABLE public.django_session (
    session_key character varying(40) NOT NULL,
    session_data text NOT NULL,
    expire_date timestamp with time zone NOT NULL
);


ALTER TABLE public.django_session OWNER TO django;

--
-- Name: studentform_contact; Type: TABLE; Schema: public; Owner: django
--

CREATE TABLE public.studentform_contact (
    "idContact" bigint NOT NULL,
    phone character varying(25) NOT NULL,
    email character varying(254) NOT NULL,
    udg_email character varying(254) NOT NULL,
    emergency_phone character varying(25) NOT NULL,
    url_socialnet character varying(200),
    "idStudent_id" bigint NOT NULL
);


ALTER TABLE public.studentform_contact OWNER TO django;

--
-- Name: studentform_contact_contact_id_seq; Type: SEQUENCE; Schema: public; Owner: django
--

ALTER TABLE public.studentform_contact ALTER COLUMN "idContact" ADD GENERATED BY DEFAULT AS IDENTITY (
    SEQUENCE NAME public.studentform_contact_contact_id_seq
    START WITH 1
    INCREMENT BY 1
    NO MINVALUE
    NO MAXVALUE
    CACHE 1
);


--
-- Name: studentform_school_cycle; Type: TABLE; Schema: public; Owner: django
--

CREATE TABLE public.studentform_school_cycle (
    "idCycle" integer NOT NULL,
    period character varying(5) NOT NULL
);


ALTER TABLE public.studentform_school_cycle OWNER TO django;

--
-- Name: studentform_school_cycle_cycle_id_seq; Type: SEQUENCE; Schema: public; Owner: django
--

ALTER TABLE public.studentform_school_cycle ALTER COLUMN "idCycle" ADD GENERATED BY DEFAULT AS IDENTITY (
    SEQUENCE NAME public.studentform_school_cycle_cycle_id_seq
    START WITH 1
    INCREMENT BY 1
    NO MINVALUE
    NO MAXVALUE
    CACHE 1
);


--
-- Name: studentform_student; Type: TABLE; Schema: public; Owner: django
--

CREATE TABLE public.studentform_student (
    "idStudent" bigint NOT NULL,
    code character varying(9) NOT NULL,
    name character varying(100) NOT NULL,
    status character varying(10) NOT NULL,
    admission_cycle character varying(5)
);


ALTER TABLE public.studentform_student OWNER TO django;

--
-- Name: studentform_student_student_id_seq; Type: SEQUENCE; Schema: public; Owner: django
--

ALTER TABLE public.studentform_student ALTER COLUMN "idStudent" ADD GENERATED BY DEFAULT AS IDENTITY (
    SEQUENCE NAME public.studentform_student_student_id_seq
    START WITH 1
    INCREMENT BY 1
    NO MINVALUE
    NO MAXVALUE
    CACHE 1
);


--
-- Data for Name: auth_group; Type: TABLE DATA; Schema: public; Owner: django
--

COPY public.auth_group (id, name) FROM stdin;
\.


--
-- Data for Name: auth_group_permissions; Type: TABLE DATA; Schema: public; Owner: django
--

COPY public.auth_group_permissions (id, group_id, permission_id) FROM stdin;
\.


--
-- Data for Name: auth_permission; Type: TABLE DATA; Schema: public; Owner: django
--

COPY public.auth_permission (id, name, content_type_id, codename) FROM stdin;
1	Can add log entry	1	add_logentry
2	Can change log entry	1	change_logentry
3	Can delete log entry	1	delete_logentry
4	Can view log entry	1	view_logentry
5	Can add permission	2	add_permission
6	Can change permission	2	change_permission
7	Can delete permission	2	delete_permission
8	Can view permission	2	view_permission
9	Can add group	3	add_group
10	Can change group	3	change_group
11	Can delete group	3	delete_group
12	Can view group	3	view_group
13	Can add user	4	add_user
14	Can change user	4	change_user
15	Can delete user	4	delete_user
16	Can view user	4	view_user
17	Can add content type	5	add_contenttype
18	Can change content type	5	change_contenttype
19	Can delete content type	5	delete_contenttype
20	Can view content type	5	view_contenttype
21	Can add session	6	add_session
22	Can change session	6	change_session
23	Can delete session	6	delete_session
24	Can view session	6	view_session
25	Can add school_ cycle	7	add_school_cycle
26	Can change school_ cycle	7	change_school_cycle
27	Can delete school_ cycle	7	delete_school_cycle
28	Can view school_ cycle	7	view_school_cycle
29	Can add student	8	add_student
30	Can change student	8	change_student
31	Can delete student	8	delete_student
32	Can view student	8	view_student
33	Can add contact	9	add_contact
34	Can change contact	9	change_contact
35	Can delete contact	9	delete_contact
36	Can view contact	9	view_contact
\.


--
-- Data for Name: auth_user; Type: TABLE DATA; Schema: public; Owner: django
--

COPY public.auth_user (id, password, last_login, is_superuser, username, first_name, last_name, email, is_staff, is_active, date_joined) FROM stdin;
1	pbkdf2_sha256$600000$Sbv5cGR0uZurL1txHDwjPc$D3ke3jnkQG0YADfhcfzhEYgsQXnGiTe4zkQEvW+ehXA=	2023-10-13 16:05:38.473369+02	t	admin			admin@test.com	t	t	2023-10-13 16:05:03.130984+02
\.


--
-- Data for Name: auth_user_groups; Type: TABLE DATA; Schema: public; Owner: django
--

COPY public.auth_user_groups (id, user_id, group_id) FROM stdin;
\.


--
-- Data for Name: auth_user_user_permissions; Type: TABLE DATA; Schema: public; Owner: django
--

COPY public.auth_user_user_permissions (id, user_id, permission_id) FROM stdin;
\.


--
-- Data for Name: django_admin_log; Type: TABLE DATA; Schema: public; Owner: django
--

COPY public.django_admin_log (id, action_time, object_id, object_repr, action_flag, change_message, content_type_id, user_id) FROM stdin;
1	2023-10-13 22:48:40.312633+02	1	23A	1	[{"added": {}}]	7	1
2	2023-10-13 22:48:49.265063+02	2	23B	1	[{"added": {}}]	7	1
\.


--
-- Data for Name: django_content_type; Type: TABLE DATA; Schema: public; Owner: django
--

COPY public.django_content_type (id, app_label, model) FROM stdin;
1	admin	logentry
2	auth	permission
3	auth	group
4	auth	user
5	contenttypes	contenttype
6	sessions	session
7	studentform	school_cycle
8	studentform	student
9	studentform	contact
\.


--
-- Data for Name: django_migrations; Type: TABLE DATA; Schema: public; Owner: django
--

COPY public.django_migrations (id, app, name, applied) FROM stdin;
1	contenttypes	0001_initial	2023-10-13 16:00:44.132821+02
2	auth	0001_initial	2023-10-13 16:00:44.299761+02
3	admin	0001_initial	2023-10-13 16:00:44.340497+02
4	admin	0002_logentry_remove_auto_add	2023-10-13 16:00:44.348533+02
5	admin	0003_logentry_add_action_flag_choices	2023-10-13 16:00:44.362715+02
6	contenttypes	0002_remove_content_type_name	2023-10-13 16:00:44.386714+02
7	auth	0002_alter_permission_name_max_length	2023-10-13 16:00:44.398598+02
8	auth	0003_alter_user_email_max_length	2023-10-13 16:00:44.410783+02
9	auth	0004_alter_user_username_opts	2023-10-13 16:00:44.425859+02
10	auth	0005_alter_user_last_login_null	2023-10-13 16:00:44.437639+02
11	auth	0006_require_contenttypes_0002	2023-10-13 16:00:44.437639+02
12	auth	0007_alter_validators_add_error_messages	2023-10-13 16:00:44.456487+02
13	auth	0008_alter_user_username_max_length	2023-10-13 16:00:44.478351+02
14	auth	0009_alter_user_last_name_max_length	2023-10-13 16:00:44.488119+02
15	auth	0010_alter_group_name_max_length	2023-10-13 16:00:44.506704+02
16	auth	0011_update_proxy_permissions	2023-10-13 16:00:44.516577+02
17	auth	0012_alter_user_first_name_max_length	2023-10-13 16:00:44.528062+02
18	sessions	0001_initial	2023-10-13 16:00:44.55575+02
19	studentform	0001_initial	2023-10-13 16:00:44.606449+02
20	studentform	0002_rename_contact_id_contact_idcontact_and_more	2023-10-13 16:00:44.654825+02
21	studentform	0003_alter_contact_emergency_phone_alter_contact_phone	2023-10-13 22:46:10.59036+02
\.


--
-- Data for Name: django_session; Type: TABLE DATA; Schema: public; Owner: django
--

COPY public.django_session (session_key, session_data, expire_date) FROM stdin;
qsiyt5t3yotbussv5bvro99ho8ntwtg7	.eJxVjEEOwiAQRe_C2pBhKAVcuvcMhBlAqoYmpV0Z765NutDtf-_9lwhxW2vYel7ClMRZKHH63SjyI7cdpHtst1ny3NZlIrkr8qBdXueUn5fD_TuosddvTdFy1kNkIpsMI2jjHCRNkHwxxfiMDgsURoLRWT96UKgQXdE8WGvE-wP2GTd0:1qrInK:ffInZrGRWly6biElbQc7hBJAfVAgM8HlBQbmPUpQ4vs	2023-10-27 16:05:38.479896+02
\.


--
-- Data for Name: studentform_contact; Type: TABLE DATA; Schema: public; Owner: django
--

COPY public.studentform_contact ("idContact", phone, email, udg_email, emergency_phone, url_socialnet, "idStudent_id") FROM stdin;
1	9389577996	rodriguezkaren@example.net	emiller@example.net	592-557-5809	https://linkedin.com	36
2	+1-426-308-2244x68881	tmitchell@example.org	jamesanthony@example.org	560-378-0736x481	\N	38
3	980.363.7348x151	johncurtis@example.org	gsimpson@example.com	515.730.9894x9242	\N	39
4	941-898-6053x29052	chelsea83@example.org	nconway@example.net	305.569.6259x1500	\N	40
5	(365)458-4389x839	daniel18@example.com	audreytaylor@example.net	001-671-985-5562x6373	\N	41
6	+1-864-546-3039x3831	jmorton@example.net	dakota92@example.org	001-589-496-2261	\N	42
7	691.389.6064x2241	cynthia29@example.com	kmartinez@example.com	560-317-9541	\N	43
8	001-836-684-4321	james28@example.com	evaughn@example.net	(715)330-8028x938	\N	44
9	509.876.7958	carolyn49@example.com	tlewis@example.com	836-258-0124	\N	45
10	+1-963-935-3270x46730	cwood@example.org	sethwatkins@example.com	487.472.8950x27072	\N	46
11	387-748-6907x7539	becky87@example.net	katherine88@example.com	4733673515	\N	47
12	716.655.9053	figueroacarlos@example.org	christopher30@example.org	641.942.3280	\N	48
13	+1-536-377-1350x24778	juliabrooks@example.com	anthonyjenkins@example.net	001-744-310-1975x925	\N	49
14	2589411101	wwalker@example.com	diazderek@example.net	307-956-9230x41866	\N	50
15	754.779.2797x01023	hernandeztammy@example.org	anne40@example.org	(458)385-6883x3789	\N	51
16	424.736.3071x11489	jamesjohnson@example.org	thompsonrobert@example.com	(926)382-0744x597	\N	52
17	882.423.0339x3491	xthompson@example.net	collinslaura@example.org	507.491.3770x56325	\N	53
18	728.419.8396x7638	nyoung@example.org	vwheeler@example.com	356.216.6637x09359	\N	54
19	2927697919	anthonypatton@example.net	justin61@example.net	227.570.7474	\N	55
20	938.848.1999x44406	morganeric@example.net	alyssalang@example.net	7638472769	\N	56
21	+1-699-940-9499	tcaldwell@example.net	jacobsroger@example.net	235.360.6029x349	\N	57
22	001-877-579-2549x07055	svillarreal@example.com	lisa88@example.com	+1-893-572-2684	\N	58
\.


--
-- Data for Name: studentform_school_cycle; Type: TABLE DATA; Schema: public; Owner: django
--

COPY public.studentform_school_cycle ("idCycle", period) FROM stdin;
1	23A
2	23B
\.


--
-- Data for Name: studentform_student; Type: TABLE DATA; Schema: public; Owner: django
--

COPY public.studentform_student ("idStudent", code, name, status, admission_cycle) FROM stdin;
1	271093612	Jamie Allen	inactivo	2015A
2	220662881	Richard Wood	art 35	2011A
3	259151979	Michelle Williams	activo	2012B
4	234337188	David Bryant	activo	2022B
5	239101723	Brittany Rodriguez	inactivo	2018B
6	214075479	Allison Nelson	inactivo	2023B
7	221526448	Kevin James	art 34	2023B
8	292416039	David Fowler	art 35	2012B
9	279701815	Paula Potter	inactivo	2013A
10	275833139	Daniel Harper	art 35	2019B
11	263225626	Ryan Ross	activo	2011A
12	221339070	Kristy Gonzalez	art 35	2012B
13	223528479	Jacqueline Armstrong	activo	2013A
14	248330065	Katrina Barnett	art 35	2014B
15	260632821	Kimberly White	activo	2011A
16	274435101	Bradley Owens	activo	2010A
17	253610123	Amanda Bullock	inactivo	2012A
18	229468742	Elizabeth Lindsey	activo	2014B
19	297114483	Brittney Dawson	art 34	2021B
20	276983280	Katherine Conley	art 34	2020A
21	233369934	Kayla Chang	art 34	2014A
22	225025122	Tyler Rodriguez	art 35	2013B
23	245589925	Mark Mcguire MD	art 35	2017B
24	272590631	Nancy Rivera	art 34	2016B
25	235639299	Brenda Porter	inactivo	2014A
26	266386068	Eric Dunn	activo	2015B
27	288641324	William Anderson	inactivo	2011A
28	254086281	Amanda Jones	art 34	2010A
29	210736361	Michael Carter	activo	2020B
30	249993867	Kristin Santos DDS	inactivo	2022A
31	250297626	Nancy Smith	inactivo	2010B
34	261879839	John Young	inactivo	2014A
35	255094409	Christina Bell	art 35	2020B
36	275343923	John Long	inactivo	2021B
38	294722274	Claudia Cruz	art 34	2014A
39	234642657	Tracey Sandoval	inactivo	2018A
40	245217191	Jason Clark	art 35	2023B
41	210589061	Robert Nelson	art 35	2017A
42	258703199	Teresa Boyer	art 35	2022B
43	296434999	Drew Olsen	inactivo	2018A
44	228716472	Jeffrey Oliver	inactivo	2016B
45	212575176	Linda Jones	inactivo	2011B
46	225046924	Lucas Berry	inactivo	2023B
47	268253377	Ashley Roberts	art 35	2011B
48	251994072	Kim Cruz	art 34	2010B
49	290338930	Donald Murphy	activo	2014B
50	263583339	Jessica Rivera	art 34	2022A
51	236228286	Patrick Moody	activo	2022B
52	294919224	Edward Cole	art 34	2021A
53	255006338	Lauren Cardenas	art 35	2011B
54	212726773	Jose Myers	art 35	2016B
55	213103189	Edward Meyer	art 35	2016B
56	285589664	Steven May	art 35	2013A
57	233120523	Robert Perez	inactivo	2017B
58	267123963	Ashley Kelly	art 34	2014B
\.


--
-- Name: auth_group_id_seq; Type: SEQUENCE SET; Schema: public; Owner: django
--

SELECT pg_catalog.setval('public.auth_group_id_seq', 1, false);


--
-- Name: auth_group_permissions_id_seq; Type: SEQUENCE SET; Schema: public; Owner: django
--

SELECT pg_catalog.setval('public.auth_group_permissions_id_seq', 1, false);


--
-- Name: auth_permission_id_seq; Type: SEQUENCE SET; Schema: public; Owner: django
--

SELECT pg_catalog.setval('public.auth_permission_id_seq', 36, true);


--
-- Name: auth_user_groups_id_seq; Type: SEQUENCE SET; Schema: public; Owner: django
--

SELECT pg_catalog.setval('public.auth_user_groups_id_seq', 1, false);


--
-- Name: auth_user_id_seq; Type: SEQUENCE SET; Schema: public; Owner: django
--

SELECT pg_catalog.setval('public.auth_user_id_seq', 1, true);


--
-- Name: auth_user_user_permissions_id_seq; Type: SEQUENCE SET; Schema: public; Owner: django
--

SELECT pg_catalog.setval('public.auth_user_user_permissions_id_seq', 1, false);


--
-- Name: django_admin_log_id_seq; Type: SEQUENCE SET; Schema: public; Owner: django
--

SELECT pg_catalog.setval('public.django_admin_log_id_seq', 2, true);


--
-- Name: django_content_type_id_seq; Type: SEQUENCE SET; Schema: public; Owner: django
--

SELECT pg_catalog.setval('public.django_content_type_id_seq', 9, true);


--
-- Name: django_migrations_id_seq; Type: SEQUENCE SET; Schema: public; Owner: django
--

SELECT pg_catalog.setval('public.django_migrations_id_seq', 21, true);


--
-- Name: studentform_contact_contact_id_seq; Type: SEQUENCE SET; Schema: public; Owner: django
--

SELECT pg_catalog.setval('public.studentform_contact_contact_id_seq', 22, true);


--
-- Name: studentform_school_cycle_cycle_id_seq; Type: SEQUENCE SET; Schema: public; Owner: django
--

SELECT pg_catalog.setval('public.studentform_school_cycle_cycle_id_seq', 2, true);


--
-- Name: studentform_student_student_id_seq; Type: SEQUENCE SET; Schema: public; Owner: django
--

SELECT pg_catalog.setval('public.studentform_student_student_id_seq', 58, true);


--
-- Name: auth_group auth_group_name_key; Type: CONSTRAINT; Schema: public; Owner: django
--

ALTER TABLE ONLY public.auth_group
    ADD CONSTRAINT auth_group_name_key UNIQUE (name);


--
-- Name: auth_group_permissions auth_group_permissions_group_id_permission_id_0cd325b0_uniq; Type: CONSTRAINT; Schema: public; Owner: django
--

ALTER TABLE ONLY public.auth_group_permissions
    ADD CONSTRAINT auth_group_permissions_group_id_permission_id_0cd325b0_uniq UNIQUE (group_id, permission_id);


--
-- Name: auth_group_permissions auth_group_permissions_pkey; Type: CONSTRAINT; Schema: public; Owner: django
--

ALTER TABLE ONLY public.auth_group_permissions
    ADD CONSTRAINT auth_group_permissions_pkey PRIMARY KEY (id);


--
-- Name: auth_group auth_group_pkey; Type: CONSTRAINT; Schema: public; Owner: django
--

ALTER TABLE ONLY public.auth_group
    ADD CONSTRAINT auth_group_pkey PRIMARY KEY (id);


--
-- Name: auth_permission auth_permission_content_type_id_codename_01ab375a_uniq; Type: CONSTRAINT; Schema: public; Owner: django
--

ALTER TABLE ONLY public.auth_permission
    ADD CONSTRAINT auth_permission_content_type_id_codename_01ab375a_uniq UNIQUE (content_type_id, codename);


--
-- Name: auth_permission auth_permission_pkey; Type: CONSTRAINT; Schema: public; Owner: django
--

ALTER TABLE ONLY public.auth_permission
    ADD CONSTRAINT auth_permission_pkey PRIMARY KEY (id);


--
-- Name: auth_user_groups auth_user_groups_pkey; Type: CONSTRAINT; Schema: public; Owner: django
--

ALTER TABLE ONLY public.auth_user_groups
    ADD CONSTRAINT auth_user_groups_pkey PRIMARY KEY (id);


--
-- Name: auth_user_groups auth_user_groups_user_id_group_id_94350c0c_uniq; Type: CONSTRAINT; Schema: public; Owner: django
--

ALTER TABLE ONLY public.auth_user_groups
    ADD CONSTRAINT auth_user_groups_user_id_group_id_94350c0c_uniq UNIQUE (user_id, group_id);


--
-- Name: auth_user auth_user_pkey; Type: CONSTRAINT; Schema: public; Owner: django
--

ALTER TABLE ONLY public.auth_user
    ADD CONSTRAINT auth_user_pkey PRIMARY KEY (id);


--
-- Name: auth_user_user_permissions auth_user_user_permissions_pkey; Type: CONSTRAINT; Schema: public; Owner: django
--

ALTER TABLE ONLY public.auth_user_user_permissions
    ADD CONSTRAINT auth_user_user_permissions_pkey PRIMARY KEY (id);


--
-- Name: auth_user_user_permissions auth_user_user_permissions_user_id_permission_id_14a6b632_uniq; Type: CONSTRAINT; Schema: public; Owner: django
--

ALTER TABLE ONLY public.auth_user_user_permissions
    ADD CONSTRAINT auth_user_user_permissions_user_id_permission_id_14a6b632_uniq UNIQUE (user_id, permission_id);


--
-- Name: auth_user auth_user_username_key; Type: CONSTRAINT; Schema: public; Owner: django
--

ALTER TABLE ONLY public.auth_user
    ADD CONSTRAINT auth_user_username_key UNIQUE (username);


--
-- Name: django_admin_log django_admin_log_pkey; Type: CONSTRAINT; Schema: public; Owner: django
--

ALTER TABLE ONLY public.django_admin_log
    ADD CONSTRAINT django_admin_log_pkey PRIMARY KEY (id);


--
-- Name: django_content_type django_content_type_app_label_model_76bd3d3b_uniq; Type: CONSTRAINT; Schema: public; Owner: django
--

ALTER TABLE ONLY public.django_content_type
    ADD CONSTRAINT django_content_type_app_label_model_76bd3d3b_uniq UNIQUE (app_label, model);


--
-- Name: django_content_type django_content_type_pkey; Type: CONSTRAINT; Schema: public; Owner: django
--

ALTER TABLE ONLY public.django_content_type
    ADD CONSTRAINT django_content_type_pkey PRIMARY KEY (id);


--
-- Name: django_migrations django_migrations_pkey; Type: CONSTRAINT; Schema: public; Owner: django
--

ALTER TABLE ONLY public.django_migrations
    ADD CONSTRAINT django_migrations_pkey PRIMARY KEY (id);


--
-- Name: django_session django_session_pkey; Type: CONSTRAINT; Schema: public; Owner: django
--

ALTER TABLE ONLY public.django_session
    ADD CONSTRAINT django_session_pkey PRIMARY KEY (session_key);


--
-- Name: studentform_contact studentform_contact_pkey; Type: CONSTRAINT; Schema: public; Owner: django
--

ALTER TABLE ONLY public.studentform_contact
    ADD CONSTRAINT studentform_contact_pkey PRIMARY KEY ("idContact");


--
-- Name: studentform_contact studentform_contact_student_id_id_key; Type: CONSTRAINT; Schema: public; Owner: django
--

ALTER TABLE ONLY public.studentform_contact
    ADD CONSTRAINT studentform_contact_student_id_id_key UNIQUE ("idStudent_id");


--
-- Name: studentform_school_cycle studentform_school_cycle_pkey; Type: CONSTRAINT; Schema: public; Owner: django
--

ALTER TABLE ONLY public.studentform_school_cycle
    ADD CONSTRAINT studentform_school_cycle_pkey PRIMARY KEY ("idCycle");


--
-- Name: studentform_student studentform_student_code_key; Type: CONSTRAINT; Schema: public; Owner: django
--

ALTER TABLE ONLY public.studentform_student
    ADD CONSTRAINT studentform_student_code_key UNIQUE (code);


--
-- Name: studentform_student studentform_student_pkey; Type: CONSTRAINT; Schema: public; Owner: django
--

ALTER TABLE ONLY public.studentform_student
    ADD CONSTRAINT studentform_student_pkey PRIMARY KEY ("idStudent");


--
-- Name: auth_group_name_a6ea08ec_like; Type: INDEX; Schema: public; Owner: django
--

CREATE INDEX auth_group_name_a6ea08ec_like ON public.auth_group USING btree (name varchar_pattern_ops);


--
-- Name: auth_group_permissions_group_id_b120cbf9; Type: INDEX; Schema: public; Owner: django
--

CREATE INDEX auth_group_permissions_group_id_b120cbf9 ON public.auth_group_permissions USING btree (group_id);


--
-- Name: auth_group_permissions_permission_id_84c5c92e; Type: INDEX; Schema: public; Owner: django
--

CREATE INDEX auth_group_permissions_permission_id_84c5c92e ON public.auth_group_permissions USING btree (permission_id);


--
-- Name: auth_permission_content_type_id_2f476e4b; Type: INDEX; Schema: public; Owner: django
--

CREATE INDEX auth_permission_content_type_id_2f476e4b ON public.auth_permission USING btree (content_type_id);


--
-- Name: auth_user_groups_group_id_97559544; Type: INDEX; Schema: public; Owner: django
--

CREATE INDEX auth_user_groups_group_id_97559544 ON public.auth_user_groups USING btree (group_id);


--
-- Name: auth_user_groups_user_id_6a12ed8b; Type: INDEX; Schema: public; Owner: django
--

CREATE INDEX auth_user_groups_user_id_6a12ed8b ON public.auth_user_groups USING btree (user_id);


--
-- Name: auth_user_user_permissions_permission_id_1fbb5f2c; Type: INDEX; Schema: public; Owner: django
--

CREATE INDEX auth_user_user_permissions_permission_id_1fbb5f2c ON public.auth_user_user_permissions USING btree (permission_id);


--
-- Name: auth_user_user_permissions_user_id_a95ead1b; Type: INDEX; Schema: public; Owner: django
--

CREATE INDEX auth_user_user_permissions_user_id_a95ead1b ON public.auth_user_user_permissions USING btree (user_id);


--
-- Name: auth_user_username_6821ab7c_like; Type: INDEX; Schema: public; Owner: django
--

CREATE INDEX auth_user_username_6821ab7c_like ON public.auth_user USING btree (username varchar_pattern_ops);


--
-- Name: django_admin_log_content_type_id_c4bce8eb; Type: INDEX; Schema: public; Owner: django
--

CREATE INDEX django_admin_log_content_type_id_c4bce8eb ON public.django_admin_log USING btree (content_type_id);


--
-- Name: django_admin_log_user_id_c564eba6; Type: INDEX; Schema: public; Owner: django
--

CREATE INDEX django_admin_log_user_id_c564eba6 ON public.django_admin_log USING btree (user_id);


--
-- Name: django_session_expire_date_a5c62663; Type: INDEX; Schema: public; Owner: django
--

CREATE INDEX django_session_expire_date_a5c62663 ON public.django_session USING btree (expire_date);


--
-- Name: django_session_session_key_c0390e0f_like; Type: INDEX; Schema: public; Owner: django
--

CREATE INDEX django_session_session_key_c0390e0f_like ON public.django_session USING btree (session_key varchar_pattern_ops);


--
-- Name: studentform_student_code_211806d6_like; Type: INDEX; Schema: public; Owner: django
--

CREATE INDEX studentform_student_code_211806d6_like ON public.studentform_student USING btree (code varchar_pattern_ops);


--
-- Name: auth_group_permissions auth_group_permissio_permission_id_84c5c92e_fk_auth_perm; Type: FK CONSTRAINT; Schema: public; Owner: django
--

ALTER TABLE ONLY public.auth_group_permissions
    ADD CONSTRAINT auth_group_permissio_permission_id_84c5c92e_fk_auth_perm FOREIGN KEY (permission_id) REFERENCES public.auth_permission(id) DEFERRABLE INITIALLY DEFERRED;


--
-- Name: auth_group_permissions auth_group_permissions_group_id_b120cbf9_fk_auth_group_id; Type: FK CONSTRAINT; Schema: public; Owner: django
--

ALTER TABLE ONLY public.auth_group_permissions
    ADD CONSTRAINT auth_group_permissions_group_id_b120cbf9_fk_auth_group_id FOREIGN KEY (group_id) REFERENCES public.auth_group(id) DEFERRABLE INITIALLY DEFERRED;


--
-- Name: auth_permission auth_permission_content_type_id_2f476e4b_fk_django_co; Type: FK CONSTRAINT; Schema: public; Owner: django
--

ALTER TABLE ONLY public.auth_permission
    ADD CONSTRAINT auth_permission_content_type_id_2f476e4b_fk_django_co FOREIGN KEY (content_type_id) REFERENCES public.django_content_type(id) DEFERRABLE INITIALLY DEFERRED;


--
-- Name: auth_user_groups auth_user_groups_group_id_97559544_fk_auth_group_id; Type: FK CONSTRAINT; Schema: public; Owner: django
--

ALTER TABLE ONLY public.auth_user_groups
    ADD CONSTRAINT auth_user_groups_group_id_97559544_fk_auth_group_id FOREIGN KEY (group_id) REFERENCES public.auth_group(id) DEFERRABLE INITIALLY DEFERRED;


--
-- Name: auth_user_groups auth_user_groups_user_id_6a12ed8b_fk_auth_user_id; Type: FK CONSTRAINT; Schema: public; Owner: django
--

ALTER TABLE ONLY public.auth_user_groups
    ADD CONSTRAINT auth_user_groups_user_id_6a12ed8b_fk_auth_user_id FOREIGN KEY (user_id) REFERENCES public.auth_user(id) DEFERRABLE INITIALLY DEFERRED;


--
-- Name: auth_user_user_permissions auth_user_user_permi_permission_id_1fbb5f2c_fk_auth_perm; Type: FK CONSTRAINT; Schema: public; Owner: django
--

ALTER TABLE ONLY public.auth_user_user_permissions
    ADD CONSTRAINT auth_user_user_permi_permission_id_1fbb5f2c_fk_auth_perm FOREIGN KEY (permission_id) REFERENCES public.auth_permission(id) DEFERRABLE INITIALLY DEFERRED;


--
-- Name: auth_user_user_permissions auth_user_user_permissions_user_id_a95ead1b_fk_auth_user_id; Type: FK CONSTRAINT; Schema: public; Owner: django
--

ALTER TABLE ONLY public.auth_user_user_permissions
    ADD CONSTRAINT auth_user_user_permissions_user_id_a95ead1b_fk_auth_user_id FOREIGN KEY (user_id) REFERENCES public.auth_user(id) DEFERRABLE INITIALLY DEFERRED;


--
-- Name: django_admin_log django_admin_log_content_type_id_c4bce8eb_fk_django_co; Type: FK CONSTRAINT; Schema: public; Owner: django
--

ALTER TABLE ONLY public.django_admin_log
    ADD CONSTRAINT django_admin_log_content_type_id_c4bce8eb_fk_django_co FOREIGN KEY (content_type_id) REFERENCES public.django_content_type(id) DEFERRABLE INITIALLY DEFERRED;


--
-- Name: django_admin_log django_admin_log_user_id_c564eba6_fk_auth_user_id; Type: FK CONSTRAINT; Schema: public; Owner: django
--

ALTER TABLE ONLY public.django_admin_log
    ADD CONSTRAINT django_admin_log_user_id_c564eba6_fk_auth_user_id FOREIGN KEY (user_id) REFERENCES public.auth_user(id) DEFERRABLE INITIALLY DEFERRED;


--
-- Name: studentform_contact studentform_contact_idStudent_id_18474103_fk_studentfo; Type: FK CONSTRAINT; Schema: public; Owner: django
--

ALTER TABLE ONLY public.studentform_contact
    ADD CONSTRAINT "studentform_contact_idStudent_id_18474103_fk_studentfo" FOREIGN KEY ("idStudent_id") REFERENCES public.studentform_student("idStudent") DEFERRABLE INITIALLY DEFERRED;


--
-- PostgreSQL database dump complete
--

