--
-- PostgreSQL database dump
--

-- Dumped from database version 16.0
-- Dumped by pg_dump version 16.0

SET statement_timeout = 0;
SET lock_timeout = 0;
SET idle_in_transaction_session_timeout = 0;
SET client_encoding = 'UTF8';
SET standard_conforming_strings = on;
SELECT pg_catalog.set_config('search_path', '', false);
SET check_function_bodies = false;
SET xmloption = content;
SET client_min_messages = warning;
SET row_security = off;

SET default_tablespace = '';

SET default_table_access_method = heap;

--
-- Name: auth_group; Type: TABLE; Schema: public; Owner: django
--

CREATE TABLE public.auth_group (
    id integer NOT NULL,
    name character varying(150) NOT NULL
);


ALTER TABLE public.auth_group OWNER TO django;

--
-- Name: auth_group_id_seq; Type: SEQUENCE; Schema: public; Owner: django
--

ALTER TABLE public.auth_group ALTER COLUMN id ADD GENERATED BY DEFAULT AS IDENTITY (
    SEQUENCE NAME public.auth_group_id_seq
    START WITH 1
    INCREMENT BY 1
    NO MINVALUE
    NO MAXVALUE
    CACHE 1
);


--
-- Name: auth_group_permissions; Type: TABLE; Schema: public; Owner: django
--

CREATE TABLE public.auth_group_permissions (
    id bigint NOT NULL,
    group_id integer NOT NULL,
    permission_id integer NOT NULL
);


ALTER TABLE public.auth_group_permissions OWNER TO django;

--
-- Name: auth_group_permissions_id_seq; Type: SEQUENCE; Schema: public; Owner: django
--

ALTER TABLE public.auth_group_permissions ALTER COLUMN id ADD GENERATED BY DEFAULT AS IDENTITY (
    SEQUENCE NAME public.auth_group_permissions_id_seq
    START WITH 1
    INCREMENT BY 1
    NO MINVALUE
    NO MAXVALUE
    CACHE 1
);


--
-- Name: auth_permission; Type: TABLE; Schema: public; Owner: django
--

CREATE TABLE public.auth_permission (
    id integer NOT NULL,
    name character varying(255) NOT NULL,
    content_type_id integer NOT NULL,
    codename character varying(100) NOT NULL
);


ALTER TABLE public.auth_permission OWNER TO django;

--
-- Name: auth_permission_id_seq; Type: SEQUENCE; Schema: public; Owner: django
--

ALTER TABLE public.auth_permission ALTER COLUMN id ADD GENERATED BY DEFAULT AS IDENTITY (
    SEQUENCE NAME public.auth_permission_id_seq
    START WITH 1
    INCREMENT BY 1
    NO MINVALUE
    NO MAXVALUE
    CACHE 1
);


--
-- Name: auth_user; Type: TABLE; Schema: public; Owner: django
--

CREATE TABLE public.auth_user (
    id integer NOT NULL,
    password character varying(128) NOT NULL,
    last_login timestamp with time zone,
    is_superuser boolean NOT NULL,
    username character varying(150) NOT NULL,
    first_name character varying(150) NOT NULL,
    last_name character varying(150) NOT NULL,
    email character varying(254) NOT NULL,
    is_staff boolean NOT NULL,
    is_active boolean NOT NULL,
    date_joined timestamp with time zone NOT NULL
);


ALTER TABLE public.auth_user OWNER TO django;

--
-- Name: auth_user_groups; Type: TABLE; Schema: public; Owner: django
--

CREATE TABLE public.auth_user_groups (
    id bigint NOT NULL,
    user_id integer NOT NULL,
    group_id integer NOT NULL
);


ALTER TABLE public.auth_user_groups OWNER TO django;

--
-- Name: auth_user_groups_id_seq; Type: SEQUENCE; Schema: public; Owner: django
--

ALTER TABLE public.auth_user_groups ALTER COLUMN id ADD GENERATED BY DEFAULT AS IDENTITY (
    SEQUENCE NAME public.auth_user_groups_id_seq
    START WITH 1
    INCREMENT BY 1
    NO MINVALUE
    NO MAXVALUE
    CACHE 1
);


--
-- Name: auth_user_id_seq; Type: SEQUENCE; Schema: public; Owner: django
--

ALTER TABLE public.auth_user ALTER COLUMN id ADD GENERATED BY DEFAULT AS IDENTITY (
    SEQUENCE NAME public.auth_user_id_seq
    START WITH 1
    INCREMENT BY 1
    NO MINVALUE
    NO MAXVALUE
    CACHE 1
);


--
-- Name: auth_user_user_permissions; Type: TABLE; Schema: public; Owner: django
--

CREATE TABLE public.auth_user_user_permissions (
    id bigint NOT NULL,
    user_id integer NOT NULL,
    permission_id integer NOT NULL
);


ALTER TABLE public.auth_user_user_permissions OWNER TO django;

--
-- Name: auth_user_user_permissions_id_seq; Type: SEQUENCE; Schema: public; Owner: django
--

ALTER TABLE public.auth_user_user_permissions ALTER COLUMN id ADD GENERATED BY DEFAULT AS IDENTITY (
    SEQUENCE NAME public.auth_user_user_permissions_id_seq
    START WITH 1
    INCREMENT BY 1
    NO MINVALUE
    NO MAXVALUE
    CACHE 1
);


--
-- Name: django_admin_log; Type: TABLE; Schema: public; Owner: django
--

CREATE TABLE public.django_admin_log (
    id integer NOT NULL,
    action_time timestamp with time zone NOT NULL,
    object_id text,
    object_repr character varying(200) NOT NULL,
    action_flag smallint NOT NULL,
    change_message text NOT NULL,
    content_type_id integer,
    user_id integer NOT NULL,
    CONSTRAINT django_admin_log_action_flag_check CHECK ((action_flag >= 0))
);


ALTER TABLE public.django_admin_log OWNER TO django;

--
-- Name: django_admin_log_id_seq; Type: SEQUENCE; Schema: public; Owner: django
--

ALTER TABLE public.django_admin_log ALTER COLUMN id ADD GENERATED BY DEFAULT AS IDENTITY (
    SEQUENCE NAME public.django_admin_log_id_seq
    START WITH 1
    INCREMENT BY 1
    NO MINVALUE
    NO MAXVALUE
    CACHE 1
);


--
-- Name: django_content_type; Type: TABLE; Schema: public; Owner: django
--

CREATE TABLE public.django_content_type (
    id integer NOT NULL,
    app_label character varying(100) NOT NULL,
    model character varying(100) NOT NULL
);


ALTER TABLE public.django_content_type OWNER TO django;

--
-- Name: django_content_type_id_seq; Type: SEQUENCE; Schema: public; Owner: django
--

ALTER TABLE public.django_content_type ALTER COLUMN id ADD GENERATED BY DEFAULT AS IDENTITY (
    SEQUENCE NAME public.django_content_type_id_seq
    START WITH 1
    INCREMENT BY 1
    NO MINVALUE
    NO MAXVALUE
    CACHE 1
);


--
-- Name: django_migrations; Type: TABLE; Schema: public; Owner: django
--

CREATE TABLE public.django_migrations (
    id bigint NOT NULL,
    app character varying(255) NOT NULL,
    name character varying(255) NOT NULL,
    applied timestamp with time zone NOT NULL
);


ALTER TABLE public.django_migrations OWNER TO django;

--
-- Name: django_migrations_id_seq; Type: SEQUENCE; Schema: public; Owner: django
--

ALTER TABLE public.django_migrations ALTER COLUMN id ADD GENERATED BY DEFAULT AS IDENTITY (
    SEQUENCE NAME public.django_migrations_id_seq
    START WITH 1
    INCREMENT BY 1
    NO MINVALUE
    NO MAXVALUE
    CACHE 1
);


--
-- Name: django_session; Type: TABLE; Schema: public; Owner: django
--

CREATE TABLE public.django_session (
    session_key character varying(40) NOT NULL,
    session_data text NOT NULL,
    expire_date timestamp with time zone NOT NULL
);


ALTER TABLE public.django_session OWNER TO django;

--
-- Name: studentform_career; Type: TABLE; Schema: public; Owner: django
--

CREATE TABLE public.studentform_career (
    "idCareer" integer NOT NULL,
    code_name character varying(5) NOT NULL,
    name character varying(100) NOT NULL,
    deleted_at timestamp with time zone
);


ALTER TABLE public.studentform_career OWNER TO django;

--
-- Name: studentform_career_idCareer_seq; Type: SEQUENCE; Schema: public; Owner: django
--

ALTER TABLE public.studentform_career ALTER COLUMN "idCareer" ADD GENERATED BY DEFAULT AS IDENTITY (
    SEQUENCE NAME public."studentform_career_idCareer_seq"
    START WITH 1
    INCREMENT BY 1
    NO MINVALUE
    NO MAXVALUE
    CACHE 1
);


--
-- Name: studentform_contact; Type: TABLE; Schema: public; Owner: django
--

CREATE TABLE public.studentform_contact (
    "idContact" bigint NOT NULL,
    phone character varying(25) NOT NULL,
    email character varying(254) NOT NULL,
    udg_email character varying(254) NOT NULL,
    emergency_phone character varying(25) NOT NULL,
    url_socialnet character varying(200),
    "idStudent_id" bigint NOT NULL,
    company character varying(50),
    "position" character varying(50)
);


ALTER TABLE public.studentform_contact OWNER TO django;

--
-- Name: studentform_contact_contact_id_seq; Type: SEQUENCE; Schema: public; Owner: django
--

ALTER TABLE public.studentform_contact ALTER COLUMN "idContact" ADD GENERATED BY DEFAULT AS IDENTITY (
    SEQUENCE NAME public.studentform_contact_contact_id_seq
    START WITH 1
    INCREMENT BY 1
    NO MINVALUE
    NO MAXVALUE
    CACHE 1
);


--
-- Name: studentform_school_cycle; Type: TABLE; Schema: public; Owner: django
--

CREATE TABLE public.studentform_school_cycle (
    "idCycle" integer NOT NULL,
    cycle_period character varying(1) NOT NULL,
    end_date date NOT NULL,
    start_date date NOT NULL,
    year character varying(5) NOT NULL,
    deleted_at timestamp with time zone
);


ALTER TABLE public.studentform_school_cycle OWNER TO django;

--
-- Name: studentform_school_cycle_cycle_id_seq; Type: SEQUENCE; Schema: public; Owner: django
--

ALTER TABLE public.studentform_school_cycle ALTER COLUMN "idCycle" ADD GENERATED BY DEFAULT AS IDENTITY (
    SEQUENCE NAME public.studentform_school_cycle_cycle_id_seq
    START WITH 1
    INCREMENT BY 1
    NO MINVALUE
    NO MAXVALUE
    CACHE 1
);


--
-- Name: studentform_semester; Type: TABLE; Schema: public; Owner: django
--

CREATE TABLE public.studentform_semester (
    "idSemester" integer NOT NULL,
    number smallint NOT NULL,
    syllabus_id integer NOT NULL,
    subject_id integer,
    deleted_at timestamp with time zone,
    CONSTRAINT studentform_semester_number_check CHECK ((number >= 0))
);


ALTER TABLE public.studentform_semester OWNER TO django;

--
-- Name: studentform_semester_idSemester_seq; Type: SEQUENCE; Schema: public; Owner: django
--

ALTER TABLE public.studentform_semester ALTER COLUMN "idSemester" ADD GENERATED BY DEFAULT AS IDENTITY (
    SEQUENCE NAME public."studentform_semester_idSemester_seq"
    START WITH 1
    INCREMENT BY 1
    NO MINVALUE
    NO MAXVALUE
    CACHE 1
);


--
-- Name: studentform_status; Type: TABLE; Schema: public; Owner: django
--

CREATE TABLE public.studentform_status (
    "idStatus" integer NOT NULL,
    code_name character varying(3) NOT NULL,
    status character varying(40) NOT NULL
);


ALTER TABLE public.studentform_status OWNER TO django;

--
-- Name: studentform_status_idStatus_seq; Type: SEQUENCE; Schema: public; Owner: django
--

ALTER TABLE public.studentform_status ALTER COLUMN "idStatus" ADD GENERATED BY DEFAULT AS IDENTITY (
    SEQUENCE NAME public."studentform_status_idStatus_seq"
    START WITH 1
    INCREMENT BY 1
    NO MINVALUE
    NO MAXVALUE
    CACHE 1
);


--
-- Name: studentform_student; Type: TABLE; Schema: public; Owner: django
--

CREATE TABLE public.studentform_student (
    "idStudent" bigint NOT NULL,
    code character varying(9) NOT NULL,
    name character varying(50) NOT NULL,
    status_id integer NOT NULL,
    admission_cycle_id integer NOT NULL,
    first_last_name character varying(30) NOT NULL,
    last_cycle_id integer NOT NULL,
    second_last_name character varying(30) NOT NULL,
    "idCareer_id" integer NOT NULL,
    exchange boolean NOT NULL,
    syllabus_id integer,
    deleted_at timestamp with time zone
);


ALTER TABLE public.studentform_student OWNER TO django;

--
-- Name: studentform_student_student_id_seq; Type: SEQUENCE; Schema: public; Owner: django
--

ALTER TABLE public.studentform_student ALTER COLUMN "idStudent" ADD GENERATED BY DEFAULT AS IDENTITY (
    SEQUENCE NAME public.studentform_student_student_id_seq
    START WITH 1
    INCREMENT BY 1
    NO MINVALUE
    NO MAXVALUE
    CACHE 1
);


--
-- Name: studentform_subject; Type: TABLE; Schema: public; Owner: django
--

CREATE TABLE public.studentform_subject (
    "idSubject" integer NOT NULL,
    key_subject character varying(7) NOT NULL,
    name character varying(80) NOT NULL,
    credits smallint NOT NULL,
    has_extraordinary boolean NOT NULL,
    deleted_at timestamp with time zone,
    CONSTRAINT studentform_subject_credits_check CHECK ((credits >= 0))
);


ALTER TABLE public.studentform_subject OWNER TO django;

--
-- Name: studentform_subject_idSubject_seq; Type: SEQUENCE; Schema: public; Owner: django
--

ALTER TABLE public.studentform_subject ALTER COLUMN "idSubject" ADD GENERATED BY DEFAULT AS IDENTITY (
    SEQUENCE NAME public."studentform_subject_idSubject_seq"
    START WITH 1
    INCREMENT BY 1
    NO MINVALUE
    NO MAXVALUE
    CACHE 1
);


--
-- Name: studentform_syllabus; Type: TABLE; Schema: public; Owner: django
--

CREATE TABLE public.studentform_syllabus (
    "idSyllabus" integer NOT NULL,
    name character varying(45) NOT NULL,
    semesters smallint NOT NULL,
    needed_credits smallint NOT NULL,
    career_id integer NOT NULL,
    deleted_at timestamp with time zone,
    CONSTRAINT studentform_syllabus_needed_credits_check CHECK ((needed_credits >= 0)),
    CONSTRAINT studentform_syllabus_semesters_check CHECK ((semesters >= 0))
);


ALTER TABLE public.studentform_syllabus OWNER TO django;

--
-- Name: studentform_syllabus_idSyllabus_seq; Type: SEQUENCE; Schema: public; Owner: django
--

ALTER TABLE public.studentform_syllabus ALTER COLUMN "idSyllabus" ADD GENERATED BY DEFAULT AS IDENTITY (
    SEQUENCE NAME public."studentform_syllabus_idSyllabus_seq"
    START WITH 1
    INCREMENT BY 1
    NO MINVALUE
    NO MAXVALUE
    CACHE 1
);


--
-- Name: studenthistory_careersubject; Type: TABLE; Schema: public; Owner: django
--

CREATE TABLE public.studenthistory_careersubject (
    id bigint NOT NULL,
    career_id integer NOT NULL,
    subject_id integer NOT NULL,
    deleted_at timestamp with time zone
);


ALTER TABLE public.studenthistory_careersubject OWNER TO django;

--
-- Name: studenthistory_careersubject_id_seq; Type: SEQUENCE; Schema: public; Owner: django
--

ALTER TABLE public.studenthistory_careersubject ALTER COLUMN id ADD GENERATED BY DEFAULT AS IDENTITY (
    SEQUENCE NAME public.studenthistory_careersubject_id_seq
    START WITH 1
    INCREMENT BY 1
    NO MINVALUE
    NO MAXVALUE
    CACHE 1
);


--
-- Name: studenthistory_course; Type: TABLE; Schema: public; Owner: django
--

CREATE TABLE public.studenthistory_course (
    "idCourse" integer NOT NULL,
    grade character varying(5) NOT NULL,
    upload_date date NOT NULL,
    grade_period_id integer NOT NULL,
    school_cycle_id integer NOT NULL,
    section_id integer NOT NULL,
    student_id bigint NOT NULL,
    deleted_at timestamp with time zone
);


ALTER TABLE public.studenthistory_course OWNER TO django;

--
-- Name: studenthistory_course_idCourse_seq; Type: SEQUENCE; Schema: public; Owner: django
--

ALTER TABLE public.studenthistory_course ALTER COLUMN "idCourse" ADD GENERATED BY DEFAULT AS IDENTITY (
    SEQUENCE NAME public."studenthistory_course_idCourse_seq"
    START WITH 1
    INCREMENT BY 1
    NO MINVALUE
    NO MAXVALUE
    CACHE 1
);


--
-- Name: studenthistory_gradeperiod; Type: TABLE; Schema: public; Owner: django
--

CREATE TABLE public.studenthistory_gradeperiod (
    "idGradePeriod" integer NOT NULL,
    code_name character varying(3) NOT NULL,
    grade_period character varying(30) NOT NULL
);


ALTER TABLE public.studenthistory_gradeperiod OWNER TO django;

--
-- Name: studenthistory_gradeperiod_idGradePeriod_seq; Type: SEQUENCE; Schema: public; Owner: django
--

ALTER TABLE public.studenthistory_gradeperiod ALTER COLUMN "idGradePeriod" ADD GENERATED BY DEFAULT AS IDENTITY (
    SEQUENCE NAME public."studenthistory_gradeperiod_idGradePeriod_seq"
    START WITH 1
    INCREMENT BY 1
    NO MINVALUE
    NO MAXVALUE
    CACHE 1
);


--
-- Name: studenthistory_section; Type: TABLE; Schema: public; Owner: django
--

CREATE TABLE public.studenthistory_section (
    "idSection" integer NOT NULL,
    nrc character varying(15) NOT NULL,
    section character varying(5) NOT NULL,
    subject_id integer NOT NULL,
    deleted_at timestamp with time zone
);


ALTER TABLE public.studenthistory_section OWNER TO django;

--
-- Name: studenthistory_section_idSection_seq; Type: SEQUENCE; Schema: public; Owner: django
--

ALTER TABLE public.studenthistory_section ALTER COLUMN "idSection" ADD GENERATED BY DEFAULT AS IDENTITY (
    SEQUENCE NAME public."studenthistory_section_idSection_seq"
    START WITH 1
    INCREMENT BY 1
    NO MINVALUE
    NO MAXVALUE
    CACHE 1
);


--
-- Data for Name: auth_group; Type: TABLE DATA; Schema: public; Owner: django
--

COPY public.auth_group (id, name) FROM stdin;
2	Usuarios
1	Administradores
\.


--
-- Data for Name: auth_group_permissions; Type: TABLE DATA; Schema: public; Owner: django
--

COPY public.auth_group_permissions (id, group_id, permission_id) FROM stdin;
1	1	1
2	1	2
3	1	3
4	1	4
5	1	5
6	1	6
7	1	7
8	1	8
9	1	9
10	1	10
11	1	11
12	1	12
13	1	13
14	1	14
15	1	15
16	1	16
17	1	17
18	1	18
19	1	19
20	1	20
21	1	21
22	1	22
23	1	23
24	1	24
25	1	25
26	1	26
27	1	27
28	1	28
29	1	37
30	1	38
31	1	39
32	1	40
33	1	41
34	1	42
35	1	43
36	1	44
37	1	65
38	1	66
39	1	67
40	1	68
41	1	73
42	1	74
43	1	75
44	1	76
45	1	69
46	1	70
47	1	71
48	1	72
49	1	29
50	1	30
51	1	31
52	1	32
53	1	33
54	1	34
55	1	35
56	1	36
57	1	53
58	1	54
59	1	55
60	1	56
61	1	45
62	1	46
63	1	47
64	1	48
65	1	57
66	1	58
67	1	59
68	1	60
69	1	61
70	1	62
71	1	63
72	1	64
73	2	33
74	2	34
75	2	36
76	2	4
77	2	8
78	2	12
79	2	16
80	2	20
81	2	24
82	2	28
83	2	40
84	2	44
85	2	68
86	2	76
87	2	72
88	2	32
89	2	56
90	2	48
91	2	60
92	2	64
\.


--
-- Data for Name: auth_permission; Type: TABLE DATA; Schema: public; Owner: django
--

COPY public.auth_permission (id, name, content_type_id, codename) FROM stdin;
1	Can add log entry	1	add_logentry
2	Can change log entry	1	change_logentry
3	Can delete log entry	1	delete_logentry
4	Can view log entry	1	view_logentry
5	Can add permission	2	add_permission
6	Can change permission	2	change_permission
7	Can delete permission	2	delete_permission
8	Can view permission	2	view_permission
9	Can add group	3	add_group
10	Can change group	3	change_group
11	Can delete group	3	delete_group
12	Can view group	3	view_group
13	Can add user	4	add_user
14	Can change user	4	change_user
15	Can delete user	4	delete_user
16	Can view user	4	view_user
17	Can add content type	5	add_contenttype
18	Can change content type	5	change_contenttype
19	Can delete content type	5	delete_contenttype
20	Can view content type	5	view_contenttype
21	Can add session	6	add_session
22	Can change session	6	change_session
23	Can delete session	6	delete_session
24	Can view session	6	view_session
25	Can add school_ cycle	7	add_school_cycle
26	Can change school_ cycle	7	change_school_cycle
27	Can delete school_ cycle	7	delete_school_cycle
28	Can view school_ cycle	7	view_school_cycle
29	Can add student	8	add_student
30	Can change student	8	change_student
31	Can delete student	8	delete_student
32	Can view student	8	view_student
33	Can add contact	9	add_contact
34	Can change contact	9	change_contact
35	Can delete contact	9	delete_contact
36	Can view contact	9	view_contact
37	Can add career	10	add_career
38	Can change career	10	change_career
39	Can delete career	10	delete_career
40	Can view career	10	view_career
41	Can add status	11	add_status
42	Can change status	11	change_status
43	Can delete status	11	delete_status
44	Can view status	11	view_status
45	Can add grade period	12	add_gradeperiod
46	Can change grade period	12	change_gradeperiod
47	Can delete grade period	12	delete_gradeperiod
48	Can view grade period	12	view_gradeperiod
49	Can add subject	13	add_subject
50	Can change subject	13	change_subject
51	Can delete subject	13	delete_subject
52	Can view subject	13	view_subject
53	Can add section	14	add_section
54	Can change section	14	change_section
55	Can delete section	14	delete_section
56	Can view section	14	view_section
57	Can add course	15	add_course
58	Can change course	15	change_course
59	Can delete course	15	delete_course
60	Can view course	15	view_course
61	Can add career subject	16	add_careersubject
62	Can change career subject	16	change_careersubject
63	Can delete career subject	16	delete_careersubject
64	Can view career subject	16	view_careersubject
65	Can add syllabus	17	add_syllabus
66	Can change syllabus	17	change_syllabus
67	Can delete syllabus	17	delete_syllabus
68	Can view syllabus	17	view_syllabus
69	Can add semester	18	add_semester
70	Can change semester	18	change_semester
71	Can delete semester	18	delete_semester
72	Can view semester	18	view_semester
73	Can add subject	19	add_subject
74	Can change subject	19	change_subject
75	Can delete subject	19	delete_subject
76	Can view subject	19	view_subject
\.


--
-- Data for Name: auth_user; Type: TABLE DATA; Schema: public; Owner: django
--

COPY public.auth_user (id, password, last_login, is_superuser, username, first_name, last_name, email, is_staff, is_active, date_joined) FROM stdin;
2	pbkdf2_sha256$600000$plQKjgnQUZXoi7ftaNcv0a$VqdmiQIeyZ4ELPR+L1Fg1V8XVTS62tKYbIa7jkgDVhI=	2024-03-07 15:58:23.745296+01	f	user1				f	t	2024-01-17 10:34:13+01
1	pbkdf2_sha256$600000$jEO903YbYYy2DSrCR2fdXx$sOWEPqglPJeC6u1wTerd8OW5Wttwgjp/jTzPtJijdow=	2024-03-07 16:02:09.29378+01	t	admin			admin@test.com	t	t	2023-10-31 16:47:29+01
\.


--
-- Data for Name: auth_user_groups; Type: TABLE DATA; Schema: public; Owner: django
--

COPY public.auth_user_groups (id, user_id, group_id) FROM stdin;
2	1	1
3	2	2
\.


--
-- Data for Name: auth_user_user_permissions; Type: TABLE DATA; Schema: public; Owner: django
--

COPY public.auth_user_user_permissions (id, user_id, permission_id) FROM stdin;
\.


--
-- Data for Name: django_admin_log; Type: TABLE DATA; Schema: public; Owner: django
--

COPY public.django_admin_log (id, action_time, object_id, object_repr, action_flag, change_message, content_type_id, user_id) FROM stdin;
1	2023-10-31 16:48:13.952385+01	1	2023A	1	[{"added": {}}]	7	1
2	2023-10-31 16:48:14.107571+01	2	2023A	1	[{"added": {}}]	7	1
3	2023-10-31 16:48:39.002774+01	1	2023B	2	[{"changed": {"fields": ["Cycle period", "Start date", "End date"]}}]	7	1
4	2023-11-01 14:31:19.941205+01	1	INCO	1	[{"added": {}}]	10	1
5	2023-11-01 14:44:00.568614+01	1	AC	1	[{"added": {}}]	11	1
6	2023-11-01 14:44:09.368064+01	2	IN	1	[{"added": {}}]	11	1
7	2023-11-01 14:44:38.59351+01	3	GD	1	[{"added": {}}]	11	1
8	2023-11-01 14:45:05.604032+01	4	TT	1	[{"added": {}}]	11	1
9	2023-11-01 14:45:51.028929+01	5	BC	1	[{"added": {}}]	11	1
10	2023-11-01 14:46:32.576239+01	6	B4	1	[{"added": {}}]	11	1
11	2023-11-01 14:46:42.270229+01	7	B5	1	[{"added": {}}]	11	1
12	2023-11-01 14:51:32.205805+01	1	Manuel Gerardo	1	[{"added": {}}]	8	1
13	2023-11-01 15:23:50.099903+01	2	Hernandez	1	[{"added": {}}]	8	1
14	2023-11-06 16:30:03.8523+01	3	Israel Huerta	1	[{"added": {}}]	8	1
15	2023-11-07 13:54:45.577641+01	4	Gebara	1	[{"added": {}}]	8	1
16	2023-11-09 15:22:52.259208+01	1	INCO	2	[]	10	1
17	2023-11-21 15:32:21.937323+01	2	OE	1	[{"added": {}}]	14	1
18	2023-11-21 15:33:22.789863+01	3	EXTRAORDINARIO (E)	1	[{"added": {}}]	14	1
19	2023-11-21 15:42:11.827692+01	1	ALGORITMIA	1	[{"added": {}}]	12	1
20	2023-11-21 15:42:18.40829+01	1	ALGORITMIA	2	[]	12	1
21	2023-11-21 15:45:53.599402+01	2	I7022 - FUNDAMENTOS FILOSOFICOS DE LA COMPUTACION	1	[{"added": {}}]	12	1
22	2023-11-21 15:46:15.221495+01	3	I6123 - INTRODUCCION A LA FISICA	1	[{"added": {}}]	12	1
23	2023-11-21 15:46:40.41987+01	4	I5892 - MATEMATICA DISCRETA	1	[{"added": {}}]	12	1
24	2023-11-21 15:46:59.844003+01	5	I5893 - METODOS MATEMATICOS I	1	[{"added": {}}]	12	1
25	2023-11-21 15:47:27.812568+01	6	I5894 - SEMINARIO DE SOLUCION DE PROBLEMAS DE METODOS MATE	1	[{"added": {}}]	12	1
26	2023-11-21 15:47:55.733316+01	7	I5882 - PROGRAMACION	1	[{"added": {}}]	12	1
27	2023-11-21 15:48:03.414164+01	8	I7023 - ARQUITECTURA DE COMPUTADORAS	1	[{"added": {}}]	12	1
28	2023-11-21 15:49:18.495693+01	9	I5895 - METODOS MATEMATICOS II	1	[{"added": {}}]	12	1
29	2023-11-22 13:47:34.821594+01	1	D01	1	[{"added": {}}]	16	1
30	2023-11-22 13:47:55.744929+01	2	D03	1	[{"added": {}}]	16	1
31	2023-11-22 13:48:08.017558+01	3	D03	1	[{"added": {}}]	16	1
32	2023-11-22 13:48:25.443726+01	4	D07	1	[{"added": {}}]	16	1
33	2023-11-22 13:48:45.773369+01	5	D02	1	[{"added": {}}]	16	1
34	2023-11-22 13:48:59.091783+01	6	D09	1	[{"added": {}}]	16	1
35	2023-11-22 13:49:20.589131+01	1	CareerSubject object (1)	1	[{"added": {}}]	13	1
36	2023-11-22 13:49:27.069086+01	2	CareerSubject object (2)	1	[{"added": {}}]	13	1
37	2023-11-22 13:49:34.116793+01	3	CareerSubject object (3)	1	[{"added": {}}]	13	1
38	2023-11-22 13:49:39.629412+01	4	CareerSubject object (4)	1	[{"added": {}}]	13	1
39	2023-11-22 13:49:46.193521+01	5	CareerSubject object (5)	1	[{"added": {}}]	13	1
40	2023-11-22 13:49:51.4491+01	6	CareerSubject object (6)	1	[{"added": {}}]	13	1
41	2023-11-22 13:50:00.91196+01	7	CareerSubject object (7)	1	[{"added": {}}]	13	1
42	2023-11-22 13:50:06.49707+01	8	CareerSubject object (8)	1	[{"added": {}}]	13	1
43	2023-11-22 13:50:12.262259+01	9	CareerSubject object (9)	1	[{"added": {}}]	13	1
44	2023-11-22 13:51:55.83369+01	1	2023A - D01	1	[{"added": {}}]	15	1
45	2023-11-22 13:52:59.894655+01	2	2023A - D03 - I7022 - FUNDAMENTOS FILOSOFICOS DE LA COMPUTACION	1	[{"added": {}}]	15	1
46	2023-11-22 13:53:18.869839+01	3	2023B - D07 - I6123 - INTRODUCCION A LA FISICA	1	[{"added": {}}]	15	1
47	2023-11-22 13:53:38.290083+01	4	2023B - D02 - I5882 - PROGRAMACION	1	[{"added": {}}]	15	1
48	2023-11-22 13:54:06.978348+01	5	2023B - D09 - I7023 - ARQUITECTURA DE COMPUTADORAS	1	[{"added": {}}]	15	1
49	2023-11-22 14:03:30.644344+01	1	2023A - D01 - I5884 - ALGORITMIA	2	[]	15	1
50	2023-11-22 14:03:34.899318+01	2	2023A - D03 - I7022 - FUNDAMENTOS FILOSOFICOS DE LA COMPUTACION	2	[]	15	1
51	2023-11-22 14:03:51.422969+01	3	2023B - D07 - I6123 - INTRODUCCION A LA FISICA	2	[]	15	1
52	2023-11-22 14:04:15.412041+01	6	2023B - D07 - I6123 - INTRODUCCION A LA FISICA	1	[{"added": {}}]	15	1
53	2023-11-23 14:57:08.446607+01	7	2023B - D03 - I5884 - ALGORITMIA	1	[{"added": {}}]	15	1
54	2023-11-23 14:57:45.029546+01	8	2023B - D03 - I7022 - FUNDAMENTOS FILOSOFICOS DE LA COMPUTACION	1	[{"added": {}}]	15	1
55	2023-11-23 14:58:02.941023+01	9	2023B - D07 - I6123 - INTRODUCCION A LA FISICA	1	[{"added": {}}]	15	1
56	2023-11-23 14:58:24.271367+01	10	2023B - D02 - I5882 - PROGRAMACION	1	[{"added": {}}]	15	1
57	2023-11-23 14:58:50.052273+01	11	2023B - D03 - I7022 - FUNDAMENTOS FILOSOFICOS DE LA COMPUTACION	1	[{"added": {}}]	15	1
58	2023-11-23 15:21:42.252268+01	6	2023B - D07 - I6123 - INTRODUCCION A LA FISICA	2	[]	15	1
59	2023-11-24 13:56:02.587076+01	3	2022A	1	[{"added": {}}]	7	1
60	2023-11-24 13:57:02.490733+01	4	2022B	1	[{"added": {}}]	7	1
61	2023-11-24 13:59:23.97066+01	12	2022A - D01 - I5884 - ALGORITMIA	1	[{"added": {}}]	15	1
62	2023-11-24 13:59:57.8916+01	13	2022A - D01 - I5884 - ALGORITMIA	1	[{"added": {}}]	15	1
63	2023-11-24 14:00:19.167664+01	14	2022A - D02 - I5882 - PROGRAMACION	1	[{"added": {}}]	15	1
64	2023-11-24 14:01:17.160386+01	15	2022B - D03 - I5884 - ALGORITMIA	1	[{"added": {}}]	15	1
65	2023-11-24 14:01:56.519747+01	16	2022B - D03 - I5884 - ALGORITMIA	1	[{"added": {}}]	15	1
66	2023-11-24 14:02:47.522309+01	17	2022B - D07 - I6123 - INTRODUCCION A LA FISICA	1	[{"added": {}}]	15	1
67	2023-11-24 14:03:04.760572+01	18	2022B - D07 - I6123 - INTRODUCCION A LA FISICA	1	[{"added": {}}]	15	1
68	2023-11-24 14:27:51.638537+01	2	Hernandez	2	[{"changed": {"fields": ["Admission cycle"]}}]	8	1
69	2023-11-27 12:42:29.980882+01	9	I5895 - METODOS MATEMATICOS II	2	[]	12	1
70	2023-11-27 12:42:42.003066+01	9	I5895 - METODOS MATEMATICOS II	2	[]	12	1
71	2023-11-27 12:42:55.652301+01	6	I5894 - SEMINARIO DE SOLUCION DE PROBLEMAS DE METODOS MATE	2	[{"changed": {"fields": ["Has extraordinary"]}}]	12	1
72	2023-11-27 12:43:01.4763+01	6	I5894 - SEMINARIO DE SOLUCION DE PROBLEMAS DE METODOS MATE	2	[]	12	1
73	2023-11-27 12:54:58.086371+01	6	I5894 - SEMINARIO DE SOLUCION DE PROBLEMAS DE METODOS MATEMATICOS I	2	[{"changed": {"fields": ["Name"]}}]	12	1
74	2023-11-27 12:57:35.756219+01	6	I5894 - SEMINARIO DE SOLUCION DE PROBLEMAS DE METODOS MATEMATICOS I	2	[]	12	1
75	2023-11-27 12:57:41.291631+01	4	I5892 - MATEMATICA DISCRETA	2	[]	12	1
76	2023-11-28 15:55:19.821241+01	18	2022B - D07 - I6123 - INTRODUCCION A LA FISICA	3		15	1
77	2023-11-28 15:58:50.198706+01	19	2022B - D03 - I7022 - FUNDAMENTOS FILOSOFICOS DE LA COMPUTACION	1	[{"added": {}}]	15	1
78	2023-11-28 15:59:03.548642+01	19	2022B - D07 - I6123 - INTRODUCCION A LA FISICA	2	[{"changed": {"fields": ["Section"]}}]	15	1
79	2023-11-28 16:01:21.038164+01	16	2022B - D03 - I5884 - ALGORITMIA	3		15	1
80	2023-11-28 16:03:16.546994+01	20	2022B - D03 - I5884 - ALGORITMIA	1	[{"added": {}}]	15	1
81	2023-11-28 16:04:27.059374+01	13	2022A - D01 - I5884 - ALGORITMIA	3		15	1
82	2023-11-28 16:05:22.556936+01	20	2022B - D03 - I5884 - ALGORITMIA	3		15	1
83	2023-11-28 16:13:13.649586+01	21	2022A - D01 - I5884 - ALGORITMIA - Hernandez Castro Mercado	1	[{"added": {}}]	15	1
84	2023-11-28 16:14:48.631546+01	22	2022B - D03 - I5884 - ALGORITMIA - Hernandez Castro Mercado	1	[{"added": {}}]	15	1
85	2023-11-28 16:15:40.505672+01	21	2022A - D01 - I5884 - ALGORITMIA - Hernandez Castro Mercado	3		15	1
86	2023-11-29 15:59:29.388104+01	7	D01 - I5894 - SEMINARIO DE SOLUCION DE PROBLEMAS DE METODOS MATEMATICOS I	1	[{"added": {}}]	16	1
87	2023-11-29 16:00:06.363582+01	23	2022A - D01 - I5894 - SEMINARIO DE SOLUCION DE PROBLEMAS DE METODOS MATEMATICOS I - Hernandez Castro Mercado	1	[{"added": {}}]	15	1
88	2023-11-29 16:02:45.670372+01	24	2022B - D01 - I5894 - SEMINARIO DE SOLUCION DE PROBLEMAS DE METODOS MATEMATICOS I - Hernandez Castro Mercado	1	[{"added": {}}]	15	1
89	2023-11-29 16:06:45.846568+01	22	2022B - D03 - I5884 - ALGORITMIA - Hernandez Castro Mercado	3		15	1
90	2023-11-29 16:06:59.504125+01	15	2022B - D03 - I5884 - ALGORITMIA - Hernandez Castro Mercado	3		15	1
91	2023-11-29 16:13:50.180783+01	25	2023A - D01 - I5884 - ALGORITMIA - Hernandez Castro Mercado	1	[{"added": {}}]	15	1
92	2023-11-29 16:21:52.066325+01	26	2022B - D03 - I5884 - ALGORITMIA - Hernandez Castro Mercado	1	[{"added": {}}]	15	1
93	2023-11-29 16:22:26.850506+01	27	2022B - D03 - I5884 - ALGORITMIA - Hernandez Castro Mercado	1	[{"added": {}}]	15	1
94	2023-11-29 16:23:43.053101+01	28	2023A - D01 - I5894 - SEMINARIO DE SOLUCION DE PROBLEMAS DE METODOS MATEMATICOS I - Hernandez Castro Mercado	1	[{"added": {}}]	15	1
95	2023-11-29 16:32:59.284725+01	28	2023A - D01 - I5894 - SEMINARIO DE SOLUCION DE PROBLEMAS DE METODOS MATEMATICOS I - Hernandez Castro Mercado	3		15	1
96	2023-12-01 14:29:34.401973+01	2	INDU	1	[{"added": {}}]	10	1
97	2023-12-01 14:29:39.792833+01	2	INDU	2	[]	10	1
98	2023-12-01 14:35:13.684831+01	2	INDU	2	[{"changed": {"fields": ["Needed credits"]}}]	10	1
99	2023-12-01 14:38:48.244083+01	10	I7365 - PSICOLOGÍA INDUSTRIAL	1	[{"added": {}}]	12	1
100	2023-12-01 14:39:26.686218+01	11	I7367 - TALLER DE REDACCIÓN TÉCNICA	1	[{"added": {}}]	12	1
101	2023-12-01 14:40:12.40096+01	12	I7356 - QUÍMICA BÁSICA	1	[{"added": {}}]	12	1
102	2023-12-01 14:40:50.186592+01	13	I7391 - DISEÑO ASISTIDO POR COMPUTADORA	1	[{"added": {}}]	12	1
103	2023-12-01 14:41:22.863941+01	14	I7393 - GESTIÓN AMBIENTAL	1	[{"added": {}}]	12	1
104	2023-12-01 14:41:43.319518+01	15	I7370 - ADMINISTRACIÓN	1	[{"added": {}}]	12	1
105	2023-12-01 14:42:13.35333+01	16	I7340 - INTRODUCCIÓN A LA INGENIERÍA INDUSTRIAL	1	[{"added": {}}]	12	1
106	2023-12-01 14:42:37.105176+01	17	I7344 - CÁLCULO DIFERENCIAL	1	[{"added": {}}]	12	1
107	2023-12-01 14:42:58.680517+01	18	I7349 - INTRODUCCIÓN A LAS MATEMÁTICAS DISCRETAS	1	[{"added": {}}]	12	1
108	2023-12-01 14:43:17.135944+01	10	CareerSubject object (10)	1	[{"added": {}}]	13	1
109	2023-12-01 14:43:25.025872+01	11	CareerSubject object (11)	1	[{"added": {}}]	13	1
110	2023-12-01 14:43:33.815295+01	12	CareerSubject object (12)	1	[{"added": {}}]	13	1
111	2023-12-01 14:43:42.241049+01	13	CareerSubject object (13)	1	[{"added": {}}]	13	1
112	2023-12-01 14:43:50.903683+01	14	CareerSubject object (14)	1	[{"added": {}}]	13	1
113	2023-12-01 14:43:58.233648+01	15	CareerSubject object (15)	1	[{"added": {}}]	13	1
114	2023-12-01 14:44:21.354001+01	16	CareerSubject object (16)	1	[{"added": {}}]	13	1
115	2023-12-01 14:44:29.899841+01	17	CareerSubject object (17)	1	[{"added": {}}]	13	1
116	2023-12-01 14:44:35.455367+01	18	CareerSubject object (18)	1	[{"added": {}}]	13	1
117	2023-12-05 13:34:09.684714+01	29	2023A - D01 - I5894 - SEMINARIO DE SOLUCION DE PROBLEMAS DE METODOS MATEMATICOS I - Hernandez Castro Mercado	1	[{"added": {}}]	15	1
118	2023-12-05 13:34:50.459226+01	29	2023A - D01 - I5894 - SEMINARIO DE SOLUCION DE PROBLEMAS DE METODOS MATEMATICOS I - Hernandez Castro Mercado	3		15	1
119	2023-12-05 13:39:44.621832+01	2	Hernandez Castro Mercado	2	[{"changed": {"fields": ["Status", "Exchange"]}}]	8	1
120	2023-12-05 13:41:06.612403+01	2	Hernandez Castro Mercado	2	[{"changed": {"fields": ["Status"]}}]	8	1
121	2023-12-05 13:41:35.467033+01	2	Hernandez Castro Mercado	2	[{"changed": {"fields": ["Status"]}}]	8	1
122	2023-12-05 15:35:17.396253+01	27	2022B - D03 - I5884 - ALGORITMIA - Hernandez Castro Mercado	3		15	1
123	2023-12-05 15:36:35.955831+01	25	2023A - D01 - I5884 - ALGORITMIA - Hernandez Castro Mercado	3		15	1
124	2023-12-06 13:04:04.119747+01	4	Gebara Zandivar Ortega	2	[{"changed": {"fields": ["Status", "Admission cycle"]}}]	8	1
125	2023-12-06 13:04:54.79075+01	30	2022A - D03 - I7022 - FUNDAMENTOS FILOSOFICOS DE LA COMPUTACION - Gebara Zandivar Ortega	1	[{"added": {}}]	15	1
126	2023-12-06 13:05:18.428869+01	31	2022A - D01 - I5894 - SEMINARIO DE SOLUCION DE PROBLEMAS DE METODOS MATEMATICOS I - Gebara Zandivar Ortega	1	[{"added": {}}]	15	1
127	2023-12-06 13:05:39.767809+01	32	2022A - D07 - I6123 - INTRODUCCION A LA FISICA - Gebara Zandivar Ortega	1	[{"added": {}}]	15	1
128	2023-12-06 13:06:56.216797+01	33	2023A - D01 - I5884 - ALGORITMIA - Gebara Zandivar Ortega	1	[{"added": {}}]	15	1
129	2023-12-06 13:08:52.94337+01	34	2022B - D07 - I6123 - INTRODUCCION A LA FISICA - Gebara Zandivar Ortega	1	[{"added": {}}]	15	1
130	2023-12-06 13:09:32.417694+01	35	2022B - D07 - I6123 - INTRODUCCION A LA FISICA - Gebara Zandivar Ortega	1	[{"added": {}}]	15	1
131	2023-12-06 13:10:13.193726+01	36	2023A - D01 - I5894 - SEMINARIO DE SOLUCION DE PROBLEMAS DE METODOS MATEMATICOS I - Gebara Zandivar Ortega	1	[{"added": {}}]	15	1
132	2023-12-06 13:11:15.886543+01	37	2023A - D07 - I6123 - INTRODUCCION A LA FISICA - Gebara Zandivar Ortega	1	[{"added": {}}]	15	1
133	2023-12-06 13:11:39.942328+01	37	2023A - D07 - I6123 - INTRODUCCION A LA FISICA - Gebara Zandivar Ortega	2	[{"changed": {"fields": ["Grade"]}}]	15	1
134	2023-12-06 13:12:03.57002+01	38	2023A - D07 - I6123 - INTRODUCCION A LA FISICA - Gebara Zandivar Ortega	1	[{"added": {}}]	15	1
135	2023-12-06 13:14:28.270506+01	19	PRACT - PRACTICAS PROFESIONALES	1	[{"added": {}}]	12	1
136	2023-12-06 13:15:47.943739+01	8	D01 - PRACT - PRACTICAS PROFESIONALES	1	[{"added": {}}]	16	1
137	2023-12-06 13:18:10.886408+01	39	2023A - D01 - PRACT - PRACTICAS PROFESIONALES - Gebara Zandivar Ortega	1	[{"added": {}}]	15	1
138	2023-12-06 15:25:36.253049+01	38	2023A - D07 - I6123 - INTRODUCCION A LA FISICA - Gebara Zandivar Ortega	2	[{"changed": {"fields": ["Grade"]}}]	15	1
139	2023-12-06 15:30:59.157006+01	38	2023A - D07 - I6123 - INTRODUCCION A LA FISICA - Gebara Zandivar Ortega	2	[{"changed": {"fields": ["Grade"]}}]	15	1
140	2023-12-06 15:34:11.449727+01	38	2023A - D07 - I6123 - INTRODUCCION A LA FISICA - Gebara Zandivar Ortega	2	[{"changed": {"fields": ["Grade"]}}]	15	1
208	2023-12-24 02:36:42.997433+01	9	2023B - D07 - I5892 - MATEMÁTICA DISCRETA - Israel Huerta Muñoz Velázquez	3		15	1
141	2023-12-06 15:46:04.349575+01	40	2023B - D01 - I5894 - SEMINARIO DE SOLUCION DE PROBLEMAS DE METODOS MATEMATICOS I - Manuel Gerardo Perez Perez	1	[{"added": {}}]	15	1
142	2023-12-06 16:05:00.429796+01	40	2023B - D01 - I5894 - SEMINARIO DE SOLUCION DE PROBLEMAS DE METODOS MATEMATICOS I - Manuel Gerardo Perez Perez	2	[{"changed": {"fields": ["Grade"]}}]	15	1
143	2023-12-06 16:16:07.559751+01	3	2023B - D07 - I6123 - INTRODUCCION A LA FISICA - Manuel Gerardo Perez Perez	2	[{"changed": {"fields": ["Grade"]}}]	15	1
144	2023-12-06 16:16:44.97986+01	3	2023B - D07 - I6123 - INTRODUCCION A LA FISICA - Manuel Gerardo Perez Perez	2	[{"changed": {"fields": ["Grade"]}}]	15	1
145	2023-12-08 16:37:40.97997+01	3	GD	2	[]	11	1
146	2023-12-08 16:37:45.381591+01	4	TT	2	[]	11	1
147	2023-12-11 13:50:44.440952+01	4	Gebara Zandivar Ortega	2	[{"changed": {"fields": ["Status"]}}]	8	1
148	2023-12-11 13:53:54.402948+01	4	Gebara Zandivar Ortega	2	[{"changed": {"fields": ["Status"]}}]	8	1
149	2023-12-11 14:16:30.220197+01	4	Gebara Zandivar Ortega	2	[{"changed": {"fields": ["Status"]}}]	8	1
150	2023-12-11 14:16:46.935659+01	4	Gebara Zandivar Ortega	2	[{"changed": {"fields": ["Status"]}}]	8	1
151	2023-12-12 13:52:30.632266+01	4	Gebara Zandivar Ortega	2	[{"changed": {"fields": ["Status"]}}]	8	1
152	2023-12-12 13:53:09.194711+01	4	Gebara Zandivar Ortega	2	[{"changed": {"fields": ["Status"]}}]	8	1
153	2023-12-12 15:13:44.456546+01	4	Gebara Zandivar Ortega	2	[{"changed": {"fields": ["Status"]}}]	8	1
154	2023-12-13 13:56:01.380325+01	1	AC	2	[]	11	1
155	2023-12-19 23:38:46.462164+01	1	2018_a	1	[{"added": {}}]	17	1
156	2023-12-19 23:43:31.192227+01	2	INCO - 2013	1	[{"added": {}}]	17	1
157	2023-12-19 23:44:41.916149+01	3	INCO - 2016	1	[{"added": {}}]	17	1
158	2023-12-19 23:49:22.293266+01	1	INCO - 2016 - 1	1	[{"added": {}}]	18	1
159	2023-12-19 23:49:38.162139+01	2	INCO - 2016 - 2	1	[{"added": {}}]	18	1
160	2023-12-19 23:49:43.882405+01	3	INCO - 2016 - 3	1	[{"added": {}}]	18	1
161	2023-12-19 23:50:38.03781+01	5	I5893 - METODOS MATEMATICOS I	2	[{"changed": {"fields": ["Semester"]}}]	13	1
162	2023-12-19 23:50:53.296522+01	6	I5894 - SEMINARIO DE SOLUCION DE PROBLEMAS DE METODOS MATEMATICOS I	2	[{"changed": {"fields": ["Semester"]}}]	13	1
163	2023-12-19 23:51:09.616597+01	2	I7022 - FUNDAMENTOS FILOSOFICOS DE LA COMPUTACION	2	[{"changed": {"fields": ["Semester"]}}]	13	1
164	2023-12-19 23:51:24.651301+01	3	I6123 - INTRODUCCION A LA FISICA	2	[{"changed": {"fields": ["Semester"]}}]	13	1
165	2023-12-19 23:51:42.125776+01	4	I5892 - MATEMATICA DISCRETA	2	[{"changed": {"fields": ["Semester"]}}]	13	1
166	2023-12-19 23:52:13.50566+01	9	I5895 - METODOS MATEMATICOS II	2	[{"changed": {"fields": ["Semester"]}}]	13	1
167	2023-12-19 23:52:47.477924+01	1	Manuel Gerardo Perez Perez	2	[{"changed": {"fields": ["Syllabus"]}}]	8	1
168	2023-12-19 23:52:50.764686+01	2	Hernandez Castro Mercado	2	[{"changed": {"fields": ["Syllabus"]}}]	8	1
169	2023-12-19 23:52:54.196003+01	3	Israel Huerta Muñoz Velázquez	2	[{"changed": {"fields": ["Syllabus"]}}]	8	1
170	2023-12-19 23:52:57.641845+01	4	Gebara Zandivar Ortega	2	[{"changed": {"fields": ["Syllabus"]}}]	8	1
171	2023-12-19 23:53:00.941745+01	1	Manuel Gerardo Perez Perez	2	[]	8	1
172	2023-12-19 23:57:47.425677+01	4	INDU - Semestre 1	1	[{"added": {}}]	18	1
173	2023-12-19 23:57:59.320041+01	5	INDU - Semestre 2	1	[{"added": {}}]	18	1
174	2023-12-19 23:58:34.450166+01	15	I7370 - ADMINISTRACIÓN	2	[]	13	1
175	2023-12-19 23:58:43.614082+01	18	I7349 - INTRODUCCIÓN A LAS MATEMÁTICAS DISCRETAS	2	[{"changed": {"fields": ["Semester"]}}]	13	1
176	2023-12-20 00:08:33.157354+01	18	I7349 - INTRODUCCIÓN A LAS MATEMÁTICAS DISCRETAS	2	[]	13	1
177	2023-12-20 01:55:56.033293+01	1	I5893 - METODOS MATEMATICOS I	1	[{"added": {}}]	19	1
178	2023-12-20 01:56:47.638298+01	2	I5894 - SEMINARIO DE SOLUCIÓN DE PROBLEMAS DE MÉTODOS MATEMATICOS I	1	[{"added": {}}]	19	1
179	2023-12-20 01:57:11.720897+01	3	I5892 - MATEMÁTICA DISCRETA	1	[{"added": {}}]	19	1
180	2023-12-20 01:57:48.534063+01	4	I7022 - FUNDAMENTOS FILOSÓFICOS DE LA COMPUTACIÓN	1	[{"added": {}}]	19	1
181	2023-12-20 01:58:49.799276+01	5	I6123 - INTRODUCCIÓN A LA FÍSICA	1	[{"added": {}}]	19	1
182	2023-12-20 01:59:54.208402+01	6	I5895 - MÉTODOS MATEMATICOS II	1	[{"added": {}}]	19	1
183	2023-12-20 02:00:23.81329+01	7	I5896 - SEMINARIO DE SOLUCIÓN DE PROBLEMAS DE MÉTODOS MATEMATICOS II	1	[{"added": {}}]	19	1
184	2023-12-20 02:00:41.176033+01	8	I5882 - PROGRAMACIÓN	1	[{"added": {}}]	19	1
185	2023-12-20 02:01:19.942258+01	9	I5883 - SEMINARIO DE SOLUCIÓN DE PROBLEMAS DE PROGRAMACIÓN	1	[{"added": {}}]	19	1
186	2023-12-20 02:01:47.17953+01	10	I7023 - ARQUITECTURA DE COMPUTADORAS	1	[{"added": {}}]	19	1
187	2023-12-20 02:02:09.606105+01	11	I7024 - SEMINARIO DE SOLUCIÓN DE PROBLEMAS DE ARQUITECTURA DE COMPUTADORAS	1	[{"added": {}}]	19	1
188	2023-12-20 02:03:20.041589+01	12	I7020 - MÉTODOS MATEMATICOS III	1	[{"added": {}}]	19	1
189	2023-12-20 02:03:50.237592+01	13	I7021 - SEMINARIO DE SOLUCIÓN DE PROBLEMAS DE MÉTODOS MATEMATICOS III	1	[{"added": {}}]	19	1
190	2023-12-20 02:04:32.109835+01	14	I5897 - ESTADÍSTICA Y PROCESOS ESTOCÁSTICOS	1	[{"added": {}}]	19	1
191	2023-12-20 02:04:52.123402+01	15	I5886 - ESTRUCTURAS DE DATOS I	1	[{"added": {}}]	19	1
192	2023-12-20 02:05:20.175648+01	16	I5887 - SEMINARIO DE SOLUCIÓN DE PROBLEMAS DE ESTRUCTURAS DE DATOS I	1	[{"added": {}}]	19	1
193	2023-12-20 02:06:02.581878+01	17	I7031 - REDES DE COMPUTADORAS Y PROTOCOLOS DE COMUNICACIÓN	1	[{"added": {}}]	19	1
194	2023-12-20 02:07:15.346981+01	18	PRAC - PRACTICAS PROFESIONALES	1	[{"added": {}}]	19	1
195	2023-12-20 02:09:30.272804+01	19	IL349 - ADMINISTRACIÓN	1	[{"added": {}}]	19	1
196	2023-12-20 02:09:39.61951+01	8	D01 - PRAC - PRACTICAS PROFESIONALES	2	[{"changed": {"fields": ["Subject"]}}]	14	1
197	2023-12-20 02:23:15.027498+01	1	INCO - Semestre 1	2	[{"changed": {"fields": ["Subject"]}}]	18	1
198	2023-12-20 02:23:25.053899+01	1	INCO - Semestre 1	2	[]	18	1
199	2023-12-20 02:23:48.422671+01	2	INCO - Semestre 1	2	[{"changed": {"fields": ["Subject", "Number"]}}]	18	1
200	2023-12-20 02:24:00.723324+01	3	INCO - Semestre 1	2	[{"changed": {"fields": ["Subject", "Number"]}}]	18	1
201	2023-12-20 02:27:28.036736+01	5	INDU - Semestre 2	3		18	1
202	2023-12-20 02:27:28.040738+01	4	INDU - Semestre 1	3		18	1
203	2023-12-20 02:28:03.942037+01	4	INCO - Semestre 1	2	[{"changed": {"fields": ["Syllabus", "Subject"]}}]	18	1
204	2023-12-20 02:28:12.429243+01	3	INCO - Semestre 1	2	[]	18	1
205	2023-12-20 02:28:22.112976+01	5	INCO - Semestre 1	2	[{"changed": {"fields": ["Syllabus", "Subject", "Number"]}}]	18	1
206	2023-12-24 02:36:42.992433+01	11	2023B - D03 - I5894 - SEMINARIO DE SOLUCIÓN DE PROBLEMAS DE MÉTODOS MATEMATICOS I - Israel Huerta Muñoz Velázquez	3		15	1
207	2023-12-24 02:36:42.997433+01	10	2023B - D02 - I5896 - SEMINARIO DE SOLUCIÓN DE PROBLEMAS DE MÉTODOS MATEMATICOS II - Israel Huerta Muñoz Velázquez	3		15	1
209	2023-12-24 02:36:42.999434+01	8	2023B - D03 - I5894 - SEMINARIO DE SOLUCIÓN DE PROBLEMAS DE MÉTODOS MATEMATICOS I - Israel Huerta Muñoz Velázquez	3		15	1
210	2023-12-24 02:36:43.000432+01	7	2023B - D03 - I5893 - METODOS MATEMATICOS I - Israel Huerta Muñoz Velázquez	3		15	1
211	2023-12-24 02:38:01.140938+01	5	INCO - Semestre 1 - INTRODUCCIÓN A LA FÍSICA	2	[{"changed": {"fields": ["Subject"]}}]	18	1
212	2023-12-24 02:38:47.422494+01	41	2023B - D07 - I5892 - MATEMÁTICA DISCRETA - Israel Huerta Muñoz Velázquez	1	[{"added": {}}]	15	1
213	2023-12-24 02:39:11.174324+01	42	2023B - D03 - I5894 - SEMINARIO DE SOLUCIÓN DE PROBLEMAS DE MÉTODOS MATEMATICOS I - Israel Huerta Muñoz Velázquez	1	[{"added": {}}]	15	1
214	2023-12-24 02:39:39.799455+01	43	2023B - D03 - I5893 - METODOS MATEMATICOS I - Israel Huerta Muñoz Velázquez	1	[{"added": {}}]	15	1
215	2023-12-24 02:41:08.42843+01	9	D10 - I7022 - FUNDAMENTOS FILOSÓFICOS DE LA COMPUTACIÓN	1	[{"added": {}}]	14	1
216	2023-12-24 02:41:52.761836+01	10	D05 - I6123 - INTRODUCCIÓN A LA FÍSICA	1	[{"added": {}}]	14	1
217	2023-12-24 02:42:32.518349+01	44	2023B - D10 - I7022 - FUNDAMENTOS FILOSÓFICOS DE LA COMPUTACIÓN - Israel Huerta Muñoz Velázquez	1	[{"added": {}}]	15	1
218	2023-12-24 02:43:19.694997+01	45	2023B - D05 - I6123 - INTRODUCCIÓN A LA FÍSICA - Israel Huerta Muñoz Velázquez	1	[{"added": {}}]	15	1
219	2023-12-24 02:45:59.634503+01	46	2023B - D01 - I5895 - MÉTODOS MATEMATICOS II - Israel Huerta Muñoz Velázquez	1	[{"added": {}}]	15	1
220	2023-12-24 02:46:34.6768+01	46	2023B - D01 - I5895 - MÉTODOS MATEMATICOS II - Israel Huerta Muñoz Velázquez	3		15	1
221	2023-12-24 02:46:59.527359+01	45	2023B - D05 - I6123 - INTRODUCCIÓN A LA FÍSICA - Israel Huerta Muñoz Velázquez	2	[{"changed": {"fields": ["Grade"]}}]	15	1
222	2023-12-24 02:47:29.970995+01	47	2023B - D05 - I6123 - INTRODUCCIÓN A LA FÍSICA - Israel Huerta Muñoz Velázquez	1	[{"added": {}}]	15	1
223	2023-12-24 02:50:52.864578+01	44	2023B - D10 - I7022 - FUNDAMENTOS FILOSÓFICOS DE LA COMPUTACIÓN - Israel Huerta Muñoz Velázquez	3		15	1
224	2023-12-24 02:51:09.052076+01	48	2023B - D10 - I7022 - FUNDAMENTOS FILOSÓFICOS DE LA COMPUTACIÓN - Israel Huerta Muñoz Velázquez	1	[{"added": {}}]	15	1
225	2023-12-24 02:51:23.530624+01	49	2023B - D10 - I7022 - FUNDAMENTOS FILOSÓFICOS DE LA COMPUTACIÓN - Israel Huerta Muñoz Velázquez	1	[{"added": {}}]	15	1
226	2023-12-24 03:02:53.907737+01	49	2023B - D10 - I7022 - FUNDAMENTOS FILOSÓFICOS DE LA COMPUTACIÓN - Israel Huerta Muñoz Velázquez	3		15	1
227	2023-12-24 03:02:59.912598+01	48	2023B - D10 - I7022 - FUNDAMENTOS FILOSÓFICOS DE LA COMPUTACIÓN - Israel Huerta Muñoz Velázquez	2	[{"changed": {"fields": ["Grade"]}}]	15	1
228	2023-12-24 03:03:38.226792+01	50	2023B - D05 - I6123 - INTRODUCCIÓN A LA FÍSICA - Israel Huerta Muñoz Velázquez	1	[{"added": {}}]	15	1
229	2023-12-24 03:03:46.778603+01	50	2023B - D10 - I7022 - FUNDAMENTOS FILOSÓFICOS DE LA COMPUTACIÓN - Israel Huerta Muñoz Velázquez	2	[{"changed": {"fields": ["Section"]}}]	15	1
230	2023-12-26 00:01:24.784688+01	6	INCO - Semestre 2 - MÉTODOS MATEMATICOS II	1	[{"added": {}}]	18	1
231	2023-12-26 00:03:20.307861+01	7	INCO - Semestre 2 - SEMINARIO DE SOLUCIÓN DE PROBLEMAS DE MÉTODOS MATEMATICOS II	1	[{"added": {}}]	18	1
232	2023-12-26 00:03:35.610334+01	8	INCO - Semestre 2 - PROGRAMACIÓN	1	[{"added": {}}]	18	1
233	2023-12-26 00:08:06.877817+01	51	2023A - D10 - I7022 - FUNDAMENTOS FILOSÓFICOS DE LA COMPUTACIÓN - Manuel Gerardo Perez Perez	1	[{"added": {}}]	15	1
234	2023-12-26 00:10:42.316816+01	52	2023B - D05 - I6123 - INTRODUCCIÓN A LA FÍSICA - Manuel Gerardo Perez Perez	1	[{"added": {}}]	15	1
235	2023-12-26 00:12:46.557155+01	40	2023B - D01 - I5895 - MÉTODOS MATEMATICOS II - Manuel Gerardo Perez Perez	2	[{"changed": {"fields": ["Grade"]}}]	15	1
236	2023-12-26 00:20:04.738963+01	40	2023B - D01 - I5895 - MÉTODOS MATEMATICOS II - Manuel Gerardo Perez Perez	2	[{"changed": {"fields": ["Grade"]}}]	15	1
237	2023-12-26 00:20:51.13757+01	53	2023B - D01 - I5895 - MÉTODOS MATEMATICOS II - Manuel Gerardo Perez Perez	1	[{"added": {}}]	15	1
238	2023-12-30 02:18:23.823177+01	11	D03 - I5892 - MATEMÁTICA DISCRETA	1	[{"added": {}}]	14	1
239	2023-12-30 02:18:52.742404+01	41	2023B - D03 - I5892 - MATEMÁTICA DISCRETA - Israel Huerta Muñoz Velázquez	2	[{"changed": {"fields": ["Section"]}}]	15	1
240	2023-12-30 02:41:44.06411+01	50	2023B - D10 - I7022 - FUNDAMENTOS FILOSÓFICOS DE LA COMPUTACIÓN - Israel Huerta Muñoz Velázquez	2	[]	15	1
241	2023-12-30 02:55:01.429717+01	50	2023B - D10 - I7022 - FUNDAMENTOS FILOSÓFICOS DE LA COMPUTACIÓN - Israel Huerta Muñoz Velázquez	2	[]	15	1
242	2023-12-30 02:55:05.855509+01	48	2023B - D10 - I7022 - FUNDAMENTOS FILOSÓFICOS DE LA COMPUTACIÓN - Israel Huerta Muñoz Velázquez	2	[]	15	1
243	2023-12-30 03:06:00.439504+01	50	2023B - D10 - I7022 - FUNDAMENTOS FILOSÓFICOS DE LA COMPUTACIÓN - Israel Huerta Muñoz Velázquez	2	[{"changed": {"fields": ["Grade"]}}]	15	1
244	2023-12-30 03:11:51.958354+01	50	2023B - D10 - I7022 - FUNDAMENTOS FILOSÓFICOS DE LA COMPUTACIÓN - Israel Huerta Muñoz Velázquez	2	[{"changed": {"fields": ["Grade"]}}]	15	1
245	2023-12-30 03:15:23.392285+01	50	2023B - D10 - I7022 - FUNDAMENTOS FILOSÓFICOS DE LA COMPUTACIÓN - Israel Huerta Muñoz Velázquez	2	[{"changed": {"fields": ["Grade"]}}]	15	1
246	2023-12-30 03:16:25.652454+01	50	2023B - D10 - I7022 - FUNDAMENTOS FILOSÓFICOS DE LA COMPUTACIÓN - Israel Huerta Muñoz Velázquez	2	[{"changed": {"fields": ["Grade"]}}]	15	1
247	2023-12-30 04:46:34.593025+01	47	2023B - D05 - I6123 - INTRODUCCIÓN A LA FÍSICA - Israel Huerta Muñoz Velázquez	2	[{"changed": {"fields": ["Grade"]}}]	15	1
248	2023-12-30 04:47:37.27378+01	47	2023B - D05 - I6123 - INTRODUCCIÓN A LA FÍSICA - Israel Huerta Muñoz Velázquez	2	[{"changed": {"fields": ["Grade"]}}]	15	1
249	2024-01-17 10:30:20.710703+01	1	Administradores	2	[]	3	1
250	2024-01-17 10:30:25.349917+01	1	Administradores	2	[]	3	1
251	2024-01-17 10:34:14.164304+01	2	user1	1	[{"added": {}}]	4	1
252	2024-01-17 10:34:43.294151+01	2	user1	2	[{"changed": {"fields": ["Groups"]}}]	4	1
253	2024-01-17 10:43:58.416943+01	1	admin	2	[{"changed": {"fields": ["Groups"]}}]	4	1
254	2024-01-18 15:07:15.392488+01	54	2022B - D01 - I5893 - METODOS MATEMATICOS I - Hernandez Castro Mercado	1	[{"added": {}}]	15	1
255	2024-01-18 15:09:09.9593+01	54	2022B - D01 - I5893 - METODOS MATEMATICOS I - Hernandez Castro Mercado	2	[{"changed": {"fields": ["Grade"]}}]	15	1
256	2024-01-18 15:09:25.398353+01	54	2022B - D01 - I5895 - MÉTODOS MATEMATICOS II - Hernandez Castro Mercado	2	[{"changed": {"fields": ["Section"]}}]	15	1
257	2024-01-18 15:10:13.527526+01	54	2022B - D07 - I5892 - MATEMÁTICA DISCRETA - Hernandez Castro Mercado	2	[{"changed": {"fields": ["Section"]}}]	15	1
258	2024-01-18 15:10:37.639584+01	54	2022B - D07 - I5892 - MATEMÁTICA DISCRETA - Hernandez Castro Mercado	3		15	1
259	2024-01-18 15:11:08.143416+01	19	2022B - D07 - I5892 - MATEMÁTICA DISCRETA - Hernandez Castro Mercado	2	[{"changed": {"fields": ["Grade"]}}]	15	1
260	2024-01-18 15:16:51.279196+01	19	2022B - D07 - I5892 - MATEMÁTICA DISCRETA - Hernandez Castro Mercado	2	[{"changed": {"fields": ["Grade"]}}]	15	1
261	2024-01-19 11:27:01.006408+01	1	2023A - D01 - I5893 - METODOS MATEMATICOS I - Manuel Gerardo Perez Perez	3		15	1
262	2024-01-19 11:28:15.617068+01	55	2023A - D01 - I5893 - METODOS MATEMATICOS I - Manuel Gerardo Perez Perez	1	[{"added": {}}]	15	1
263	2024-01-19 11:28:49.260037+01	55	2023A - D01 - I5893 - METODOS MATEMATICOS I - Manuel Gerardo Perez Perez	2	[{"changed": {"fields": ["Deleted at"]}}]	15	1
264	2024-01-23 12:48:40.942537+01	56	2023A - D01 - I5893 - METODOS MATEMATICOS I - Manuel Gerardo Perez Perez	1	[{"added": {}}]	15	1
265	2024-01-23 12:48:56.182657+01	56	2023A - D01 - I5893 - METODOS MATEMATICOS I - Manuel Gerardo Perez Perez	2	[{"changed": {"fields": ["Grade"]}}]	15	1
266	2024-01-23 12:49:48.030608+01	56	2023A - D01 - I5893 - METODOS MATEMATICOS I - Manuel Gerardo Perez Perez	2	[{"changed": {"fields": ["Grade"]}}]	15	1
267	2024-01-23 12:50:00.474305+01	56	2023A - D01 - I5893 - METODOS MATEMATICOS I - Manuel Gerardo Perez Perez	2	[{"changed": {"fields": ["Grade"]}}]	15	1
268	2024-01-23 13:52:52.345726+01	56	2023A - D01 - I5893 - METODOS MATEMATICOS I - Manuel Gerardo Perez Perez	2	[{"changed": {"fields": ["Grade"]}}]	15	1
269	2024-01-23 13:53:06.717593+01	56	2023A - D01 - I5893 - METODOS MATEMATICOS I - Manuel Gerardo Perez Perez	2	[{"changed": {"fields": ["Grade"]}}]	15	1
270	2024-01-23 13:53:45.021206+01	57	2023B - D03 - I5893 - METODOS MATEMATICOS I - Manuel Gerardo Perez Perez	1	[{"added": {}}]	15	1
271	2024-01-23 13:54:11.327343+01	57	2023A - D03 - I5893 - METODOS MATEMATICOS I - Manuel Gerardo Perez Perez	2	[{"changed": {"fields": ["School cycle", "Grade period"]}}]	15	1
272	2024-02-14 15:02:16.005614+01	1	1	3		9	1
273	2024-02-14 15:20:20.76135+01	5	5	3		9	1
274	2024-02-26 15:58:17.575693+01	2	user1	2	[{"changed": {"fields": ["password"]}}]	4	1
275	2024-02-26 16:00:55.678442+01	2	user1	2	[{"changed": {"fields": ["Groups"]}}]	4	1
276	2024-02-29 14:31:58.704605+01	20	OPT - OPTATIVA ABIERTA	1	[{"added": {}}]	19	1
277	2024-02-29 14:32:54.70454+01	9	INCO - Semestre 1 - OPTATIVA ABIERTA	1	[{"added": {}}]	18	1
278	2024-02-29 14:59:52.7421+01	10	INCO - Semestre 2 - OPTATIVA ABIERTA	1	[{"added": {}}]	18	1
279	2024-02-29 15:01:17.644939+01	10	INCO - Semestre 2 - OPTATIVA ABIERTA	3		18	1
280	2024-02-29 15:52:40.328395+01	11	INCO - Semestre 1 - OPTATIVA ABIERTA	1	[{"added": {}}]	18	1
281	2024-02-29 15:52:49.809229+01	11	INCO - Semestre 1 - OPTATIVA ABIERTA	3		18	1
282	2024-03-05 15:07:07.835368+01	9	INCO - Semestre 1 - OPTATIVA ABIERTA	3		18	1
283	2024-03-05 15:07:38.961486+01	12	INCO - Semestre 1 - OPTATIVA ABIERTA	1	[{"added": {}}]	18	1
284	2024-03-05 15:10:44.707193+01	12	D10 - IL349 - ADMINISTRACIÓN	1	[{"added": {}}]	14	1
285	2024-03-05 15:11:34.063273+01	58	2023B - D10 - IL349 - ADMINISTRACIÓN - Manuel Gerardo Perez Perez	1	[{"added": {}}]	15	1
286	2024-03-05 15:51:37.784562+01	58	2023B - D10 - IL349 - ADMINISTRACIÓN - Manuel Gerardo Perez Perez	2	[{"changed": {"fields": ["Grade"]}}]	15	1
287	2024-03-05 15:52:52.309989+01	58	2023B - D10 - IL349 - ADMINISTRACIÓN - Manuel Gerardo Perez Perez	2	[]	15	1
288	2024-03-05 15:53:07.064998+01	58	2023B - D10 - IL349 - ADMINISTRACIÓN - Manuel Gerardo Perez Perez	2	[{"changed": {"fields": ["Grade"]}}]	15	1
289	2024-03-05 16:19:41.086424+01	13	INCO - Semestre 3 - REDES DE COMPUTADORAS Y PROTOCOLOS DE COMUNICACIÓN	1	[{"added": {}}]	18	1
290	2024-03-05 16:20:54.052883+01	13	D01 - I7031 - REDES DE COMPUTADORAS Y PROTOCOLOS DE COMUNICACIÓN	1	[{"added": {}}]	14	1
291	2024-03-05 16:21:23.090262+01	59	2023B - D01 - I7031 - REDES DE COMPUTADORAS Y PROTOCOLOS DE COMUNICACIÓN - Manuel Gerardo Perez Perez	1	[{"added": {}}]	15	1
292	2024-03-05 16:21:44.79777+01	58	2023B - D10 - IL349 - ADMINISTRACIÓN - Manuel Gerardo Perez Perez	3		15	1
293	2024-03-05 16:22:33.84916+01	60	2023B - D10 - IL349 - ADMINISTRACIÓN - Manuel Gerardo Perez Perez	1	[{"added": {}}]	15	1
294	2024-03-05 16:43:08.381158+01	59	2023B - D01 - I7031 - REDES DE COMPUTADORAS Y PROTOCOLOS DE COMUNICACIÓN - Manuel Gerardo Perez Perez	2	[]	15	1
295	2024-03-05 16:43:46.322238+01	14	INCO - Semestre 3 - OPTATIVA ABIERTA	1	[{"added": {}}]	18	1
296	2024-03-05 16:44:48.708093+01	14	INCO - Semestre 2 - OPTATIVA ABIERTA	2	[{"changed": {"fields": ["Number"]}}]	18	1
297	2024-03-05 16:45:20.56715+01	14	INCO - Semestre 3 - OPTATIVA ABIERTA	2	[{"changed": {"fields": ["Number"]}}]	18	1
298	2024-03-05 16:45:48.849608+01	14	INCO - Semestre 3 - OPTATIVA ABIERTA	3		18	1
299	2024-03-10 22:20:04.67196+01	5	Emmanuel Fernandez Pizano Guebara	1	[{"added": {}}]	8	1
300	2024-03-10 22:21:04.718394+01	6	Ismael Perez Del Salto	1	[{"added": {}}]	8	1
301	2024-03-10 22:22:03.078964+01	7	Fernando Avila Perez	1	[{"added": {}}]	8	1
302	2024-03-10 22:24:00.499838+01	8	Luis Fernandez Zandivar Huerta	1	[{"added": {}}]	8	1
303	2024-03-10 22:24:52.452815+01	9	Brandon Del Valle Perez	1	[{"added": {}}]	8	1
304	2024-03-10 22:26:26.840221+01	10	Alex Miguel Mercado Garibay	1	[{"added": {}}]	8	1
305	2024-03-10 22:30:17.137801+01	61	2023B - D01 - I5893 - METODOS MATEMATICOS I - Alex Miguel Mercado Garibay	1	[{"added": {}}]	15	1
306	2024-03-10 22:30:45.33248+01	62	2023B - D03 - I5894 - SEMINARIO DE SOLUCIÓN DE PROBLEMAS DE MÉTODOS MATEMATICOS I - Alex Miguel Mercado Garibay	1	[{"added": {}}]	15	1
307	2024-03-10 22:31:12.82475+01	63	2023B - D07 - I5892 - MATEMÁTICA DISCRETA - Alex Miguel Mercado Garibay	1	[{"added": {}}]	15	1
308	2024-03-10 22:31:36.071613+01	64	2023B - D10 - I7022 - FUNDAMENTOS FILOSÓFICOS DE LA COMPUTACIÓN - Alex Miguel Mercado Garibay	1	[{"added": {}}]	15	1
309	2024-03-10 22:31:57.731356+01	65	2023B - D10 - I7022 - FUNDAMENTOS FILOSÓFICOS DE LA COMPUTACIÓN - Alex Miguel Mercado Garibay	1	[{"added": {}}]	15	1
310	2024-03-10 22:32:28.411763+01	66	2023B - D05 - I6123 - INTRODUCCIÓN A LA FÍSICA - Alex Miguel Mercado Garibay	1	[{"added": {}}]	15	1
311	2024-03-10 22:34:00.166897+01	12	INCO - Semestre 1 - OPTATIVA ABIERTA	3		18	1
312	2024-03-10 22:39:57.606934+01	67	2023B - D03 - I5893 - METODOS MATEMATICOS I - Brandon Del Valle Perez	1	[{"added": {}}]	15	1
313	2024-03-10 22:40:18.498609+01	68	2023B - D03 - I5894 - SEMINARIO DE SOLUCIÓN DE PROBLEMAS DE MÉTODOS MATEMATICOS I - Brandon Del Valle Perez	1	[{"added": {}}]	15	1
314	2024-03-10 22:40:43.742888+01	69	2023B - D03 - I5892 - MATEMÁTICA DISCRETA - Brandon Del Valle Perez	1	[{"added": {}}]	15	1
315	2024-03-10 22:41:50.044715+01	70	2023B - D10 - I7022 - FUNDAMENTOS FILOSÓFICOS DE LA COMPUTACIÓN - Brandon Del Valle Perez	1	[{"added": {}}]	15	1
316	2024-03-10 22:42:09.448152+01	71	2023B - D05 - I6123 - INTRODUCCIÓN A LA FÍSICA - Brandon Del Valle Perez	1	[{"added": {}}]	15	1
317	2024-03-10 22:43:47.133267+01	72	2023B - D03 - I5893 - METODOS MATEMATICOS I - Luis Fernandez Zandivar Huerta	1	[{"added": {}}]	15	1
318	2024-03-10 22:44:05.575577+01	73	2023B - D03 - I5894 - SEMINARIO DE SOLUCIÓN DE PROBLEMAS DE MÉTODOS MATEMATICOS I - Luis Fernandez Zandivar Huerta	1	[{"added": {}}]	15	1
319	2024-03-10 22:44:36.182738+01	74	2023B - D10 - I7022 - FUNDAMENTOS FILOSÓFICOS DE LA COMPUTACIÓN - Luis Fernandez Zandivar Huerta	1	[{"added": {}}]	15	1
320	2024-03-10 22:45:25.529799+01	75	2023B - D03 - I5892 - MATEMÁTICA DISCRETA - Luis Fernandez Zandivar Huerta	1	[{"added": {}}]	15	1
321	2024-03-10 22:45:48.359649+01	76	2023B - D05 - I6123 - INTRODUCCIÓN A LA FÍSICA - Luis Fernandez Zandivar Huerta	1	[{"added": {}}]	15	1
322	2024-03-10 22:47:20.75317+01	77	2023B - D01 - I5893 - METODOS MATEMATICOS I - Fernando Avila Perez	1	[{"added": {}}]	15	1
323	2024-03-10 22:47:36.371783+01	78	2023B - D03 - I5894 - SEMINARIO DE SOLUCIÓN DE PROBLEMAS DE MÉTODOS MATEMATICOS I - Fernando Avila Perez	1	[{"added": {}}]	15	1
324	2024-03-10 22:47:54.46593+01	79	2023B - D07 - I5892 - MATEMÁTICA DISCRETA - Fernando Avila Perez	1	[{"added": {}}]	15	1
325	2024-03-10 22:48:21.963948+01	80	2023B - D10 - I7022 - FUNDAMENTOS FILOSÓFICOS DE LA COMPUTACIÓN - Fernando Avila Perez	1	[{"added": {}}]	15	1
326	2024-03-10 22:48:50.104845+01	81	2023B - D05 - I6123 - INTRODUCCIÓN A LA FÍSICA - Fernando Avila Perez	1	[{"added": {}}]	15	1
327	2024-03-10 22:50:01.255367+01	82	2023B - D01 - I5893 - METODOS MATEMATICOS I - Ismael Perez Del Salto	1	[{"added": {}}]	15	1
328	2024-03-10 22:50:17.094933+01	83	2023B - D03 - I5894 - SEMINARIO DE SOLUCIÓN DE PROBLEMAS DE MÉTODOS MATEMATICOS I - Ismael Perez Del Salto	1	[{"added": {}}]	15	1
329	2024-03-10 22:51:00.411341+01	84	2023B - D07 - I5892 - MATEMÁTICA DISCRETA - Ismael Perez Del Salto	1	[{"added": {}}]	15	1
330	2024-03-10 22:51:16.584834+01	85	2023B - D10 - I7022 - FUNDAMENTOS FILOSÓFICOS DE LA COMPUTACIÓN - Ismael Perez Del Salto	1	[{"added": {}}]	15	1
331	2024-03-10 22:51:41.335032+01	86	2023B - D05 - I6123 - INTRODUCCIÓN A LA FÍSICA - Ismael Perez Del Salto	1	[{"added": {}}]	15	1
332	2024-03-10 22:51:56.587772+01	87	2023B - D05 - I6123 - INTRODUCCIÓN A LA FÍSICA - Ismael Perez Del Salto	1	[{"added": {}}]	15	1
333	2024-03-10 22:53:50.869832+01	88	2023B - D03 - I5893 - METODOS MATEMATICOS I - Emmanuel Fernandez Pizano Guebara	1	[{"added": {}}]	15	1
334	2024-03-10 22:54:07.106907+01	89	2023B - D07 - I5892 - MATEMÁTICA DISCRETA - Emmanuel Fernandez Pizano Guebara	1	[{"added": {}}]	15	1
335	2024-03-10 22:54:27.500753+01	90	2023B - D03 - I5894 - SEMINARIO DE SOLUCIÓN DE PROBLEMAS DE MÉTODOS MATEMATICOS I - Emmanuel Fernandez Pizano Guebara	1	[{"added": {}}]	15	1
336	2024-03-10 22:55:25.448336+01	91	2023B - D10 - I7022 - FUNDAMENTOS FILOSÓFICOS DE LA COMPUTACIÓN - Emmanuel Fernandez Pizano Guebara	1	[{"added": {}}]	15	1
337	2024-03-10 22:55:40.262463+01	92	2023B - D05 - I6123 - INTRODUCCIÓN A LA FÍSICA - Emmanuel Fernandez Pizano Guebara	1	[{"added": {}}]	15	1
\.


--
-- Data for Name: django_content_type; Type: TABLE DATA; Schema: public; Owner: django
--

COPY public.django_content_type (id, app_label, model) FROM stdin;
1	admin	logentry
2	auth	permission
3	auth	group
4	auth	user
5	contenttypes	contenttype
6	sessions	session
7	studentform	school_cycle
8	studentform	student
9	studentform	contact
10	studentform	career
11	studentform	status
12	studenthistory	gradeperiod
13	studenthistory	subject
14	studenthistory	section
15	studenthistory	course
16	studenthistory	careersubject
17	studentform	syllabus
18	studentform	semester
19	studentform	subject
\.


--
-- Data for Name: django_migrations; Type: TABLE DATA; Schema: public; Owner: django
--

COPY public.django_migrations (id, app, name, applied) FROM stdin;
1	contenttypes	0001_initial	2023-12-19 00:25:22.594357+01
2	auth	0001_initial	2023-12-19 00:25:22.668586+01
3	admin	0001_initial	2023-12-19 00:25:22.689311+01
4	admin	0002_logentry_remove_auto_add	2023-12-19 00:25:22.695299+01
5	admin	0003_logentry_add_action_flag_choices	2023-12-19 00:25:22.703301+01
6	contenttypes	0002_remove_content_type_name	2023-12-19 00:25:22.715299+01
7	auth	0002_alter_permission_name_max_length	2023-12-19 00:25:22.7233+01
8	auth	0003_alter_user_email_max_length	2023-12-19 00:25:22.7303+01
9	auth	0004_alter_user_username_opts	2023-12-19 00:25:22.736299+01
10	auth	0005_alter_user_last_login_null	2023-12-19 00:25:22.743303+01
11	auth	0006_require_contenttypes_0002	2023-12-19 00:25:22.745299+01
12	auth	0007_alter_validators_add_error_messages	2023-12-19 00:25:22.752298+01
13	auth	0008_alter_user_username_max_length	2023-12-19 00:25:22.764301+01
14	auth	0009_alter_user_last_name_max_length	2023-12-19 00:25:22.802299+01
15	auth	0010_alter_group_name_max_length	2023-12-19 00:25:22.810299+01
16	auth	0011_update_proxy_permissions	2023-12-19 00:25:22.816299+01
17	auth	0012_alter_user_first_name_max_length	2023-12-19 00:25:22.822299+01
18	sessions	0001_initial	2023-12-19 00:25:22.8323+01
19	studentform	0001_initial	2023-12-19 00:25:22.854299+01
20	studentform	0002_rename_contact_id_contact_idcontact_and_more	2023-12-19 00:25:22.8743+01
21	studentform	0003_alter_contact_emergency_phone_alter_contact_phone	2023-12-19 00:25:22.8803+01
22	studentform	0004_contact_company_contact_position	2023-12-19 00:25:22.885299+01
23	studentform	0005_remove_school_cycle_period_school_cycle_cycle_period_and_more	2023-12-19 00:25:22.892299+01
24	studentform	0006_alter_school_cycle_cycle_period_and_more	2023-12-19 00:25:22.898301+01
25	studentform	0007_career_status_student_first_last_name_and_more	2023-12-19 00:25:22.9653+01
26	studentform	0008_alter_student_admission_cycle_and_more	2023-12-19 00:25:23.007299+01
27	studentform	0009_student_exchange	2023-12-19 00:25:23.014299+01
28	studenthistory	0001_initial	2023-12-19 00:25:23.0683+01
29	studenthistory	0002_subject_has_extraordinary	2023-12-19 00:25:23.073303+01
30	studenthistory	0003_alter_subject_name	2023-12-19 00:25:23.077299+01
31	studenthistory	0004_alter_course_grade	2023-12-19 00:25:23.098299+01
32	studentform	0010_remove_career_needed_credits_remove_career_semesters_and_more	2023-12-19 23:34:28.273691+01
33	studenthistory	0005_subject_semester	2023-12-19 23:34:28.286693+01
34	studentform	0011_subject_semester_subject	2023-12-20 00:32:30.572835+01
35	studenthistory	0006_alter_careersubject_subject_alter_section_subject_and_more	2023-12-21 20:47:46.926371+01
36	studentform	0012_career_deleted_at_school_cycle_deleted_at_and_more	2024-01-19 11:20:27.803806+01
37	studenthistory	0007_careersubject_deleted_at_course_deleted_at_and_more	2024-01-19 11:20:27.83486+01
\.


--
-- Data for Name: django_session; Type: TABLE DATA; Schema: public; Owner: django
--

COPY public.django_session (session_key, session_data, expire_date) FROM stdin;
eiomupiec6oxx858zyu8ej3iqjfqn63c	.eJxVjEEOwiAQRe_C2pBCGSgu3fcMZBimUjWQlHZlvLtt0oVu33v_v0XAbc1ha7yEOYmrUOLyyyLSk8sh0gPLvUqqZV3mKI9EnrbJsSZ-3c727yBjy_uaBkugfJcQrdKRQAN0ttcQBxc1GMPeTC5ZC4g97ASQ_MSW0XnjkcTnC8xzN6g:1qxqxu:W-JY5jdAeSYWYlWaKctsBrLTeim07ZKd6FU2sxsDhHQ	2023-11-14 16:47:38.7424+01
50e4ac01fg6lej4mae459f981j98p2di	.eJxVjEEOwiAQRe_C2pBCGSgu3fcMZBimUjWQlHZlvLtt0oVu33v_v0XAbc1ha7yEOYmrUOLyyyLSk8sh0gPLvUqqZV3mKI9EnrbJsSZ-3c727yBjy_uaBkugfJcQrdKRQAN0ttcQBxc1GMPeTC5ZC4g97ASQ_MSW0XnjkcTnC8xzN6g:1r5RhE:ke2THjS1kfhu6bG20shuQ4HQj3SowN4YqRA0hBGH8H0	2023-12-05 15:25:48.278587+01
xp7wzj7okb5o9otevigph4d9e3dw8t9s	.eJxVjEEOwiAQRe_C2pBCGSgu3fcMZBimUjWQlHZlvLtt0oVu33v_v0XAbc1ha7yEOYmrUOLyyyLSk8sh0gPLvUqqZV3mKI9EnrbJsSZ-3c727yBjy_uaBkugfJcQrdKRQAN0ttcQBxc1GMPeTC5ZC4g97ASQ_MSW0XnjkcTnC8xzN6g:1rAWVo:zTAMY22Q27tJIHQI5SpahZ3N_-rfMHOgyD7qlPMLuGs	2023-12-19 15:35:00.444548+01
n70cbz8f2j8zjwewximkjeoecgsugj37	.eJxVjEEOwiAQRe_C2pBCGSgu3fcMZBimUjWQlHZlvLtt0oVu33v_v0XAbc1ha7yEOYmrUOLyyyLSk8sh0gPLvUqqZV3mKI9EnrbJsSZ-3c727yBjy_uaBkugfJcQrdKRQAN0ttcQBxc1GMPeTC5ZC4g97ASQ_MSW0XnjkcTnC8xzN6g:1rFMzs:sxkmZX5EG-kJdK-UvVSvPbJKV4WCLTV_VY9szEk0rpQ	2024-01-02 00:26:04.941105+01
w7r5njxiw9s56lyv4wz2vv4wbi3lvus5	.eJzVlk1vozAQhv8K4swibDAfvVEgK6QQV0AOq90KOeC0tNlkFchhVfW_r3HSEFOq0LTZtsoheMY284zHw_sgZ2RT32abiq6zspAvZCArh7YZye_psnEUd2R5s1Lz1bJelzO1maLuvJUarQq6uNzNFTa4JdUtW53bZo6AoxWEmADOcgQR0kwdopltzSAyDOoYc6swTUSIjpgFkdyZU5MSyzEckrNN5-WipmtaZFW9KeiyruSLn7qCFFOxFFtxFKBdK_Ka3pQVm9Y4H-R7-jerNrM7mtcshhDZNmQbtZarGH-P3cj1wl8bTSv0SeNlrnK1ZF5fc9i4XtVkcfBOoMiJL19oiowDPgr4YIIzvH_aPiR-9oeuc7aMDVW-oDUAjZuCzhS-zXObaHpUnqGNdcMR0Fw_CidhksYvwQHty8Ah2zEFuCRgcG4cYskPpASPp3vGxsBO9XIcRG7SDKLGkTsp9nEiRW7K7Gnosecw7Bw2_Er50IV8REEPXwcP9ODpAp7-lfH0HjxDwDM-CR7rfyJeOElj7E-9tohdaexKI165RRJ6bocV9bDaAqvJWeGeFQ5ltVAHFaIe1r3xKKylQbHljqYT342CScrOcBSOcbJlHvFDZfeVgXs4upqmr-pb1pYeHhZyS2-8QA9tFVkivwFV2xQTsJ3UyQCyVGAMLmfj_bvXgPK3hJKwPkn5s3Qg8XYP7tB9LUzs0BqHBHtIMBSyi7iD7kC21iGYYuFzMo4KGJ4r-WHixUHavdt9B_lp2_RJhFYPIdoSgkNCcLR7wWeIZpcQ9iEagxktTQcCYxz4Ab-Zuybl45jd1B_NrU2xh8f4yTmdsBS8pCuPF_LHSA0moOuyXlAWJNSgfil9k3gHZ_-n9e1Ws9Pf9EmXA-Xgx15Z1aRmor3M3yzaszkpF9ma1HSH2JPkramZSAuezu1ju-rN6vpcUZxdBp8x8FcJuqNxWKfF8SbldTQo-7Sg3lchHUa5Uy5Hkwc7cfJ1HyBkznXspymOM16G1342D0MBw2oPdGIBUEX_5fv2Pmm7fvwHDIuR9A:1rjRAP:Slo1yoMJMm1Wa5xzOA2aoZmqD6vkqexgmZldQSJbS7Q	2024-03-24 22:57:13.937193+01
\.


--
-- Data for Name: studentform_school_cycle; Type: TABLE DATA; Schema: public; Owner: django
--

COPY public.studentform_school_cycle ("idCycle", cycle_period, end_date, start_date, year, deleted_at) FROM stdin;
2	A	2023-07-15	2023-01-16	2023	\N
1	B	2023-01-15	2023-07-16	2023	\N
3	A	2022-06-02	2022-01-16	2022	\N
4	B	2022-12-16	2022-07-16	2022	\N
\.


--
-- Data for Name: studentform_career; Type: TABLE DATA; Schema: public; Owner: django
--

COPY public.studentform_career ("idCareer", code_name, name, deleted_at) FROM stdin;
1	INCO	Ingeniería en Computación	\N
2	INDU	Ingeniería Industrial	\N
\.


--
-- Data for Name: studentform_status; Type: TABLE DATA; Schema: public; Owner: django
--

COPY public.studentform_status ("idStatus", code_name, status) FROM stdin;
2	IN	Inactivo
5	BC	Baja por Art 33
6	B4	Alumno en Art 34
7	B5	Baja por Art 35
3	GD	Graduado
4	TT	Titulado
1	AC	Activo
\.


--
-- Data for Name: studentform_syllabus; Type: TABLE DATA; Schema: public; Owner: django
--

COPY public.studentform_syllabus ("idSyllabus", name, semesters, needed_credits, career_id, deleted_at) FROM stdin;
1	2018_a	8	418	2	\N
2	2013	8	385	1	\N
3	2016	8	375	1	\N
\.


--
-- Data for Name: studentform_subject; Type: TABLE DATA; Schema: public; Owner: django
--

COPY public.studentform_subject ("idSubject", key_subject, name, credits, has_extraordinary, deleted_at) FROM stdin;
1	I5893	METODOS MATEMATICOS I	8	t	\N
2	I5894	SEMINARIO DE SOLUCIÓN DE PROBLEMAS DE MÉTODOS MATEMATICOS I	5	f	\N
3	I5892	MATEMÁTICA DISCRETA	8	t	\N
4	I7022	FUNDAMENTOS FILOSÓFICOS DE LA COMPUTACIÓN	8	t	\N
5	I6123	INTRODUCCIÓN A LA FÍSICA	7	t	\N
6	I5895	MÉTODOS MATEMATICOS II	8	t	\N
7	I5896	SEMINARIO DE SOLUCIÓN DE PROBLEMAS DE MÉTODOS MATEMATICOS II	5	f	\N
8	I5882	PROGRAMACIÓN	8	t	\N
9	I5883	SEMINARIO DE SOLUCIÓN DE PROBLEMAS DE PROGRAMACIÓN	5	f	\N
10	I7023	ARQUITECTURA DE COMPUTADORAS	8	t	\N
11	I7024	SEMINARIO DE SOLUCIÓN DE PROBLEMAS DE ARQUITECTURA DE COMPUTADORAS	8	f	\N
12	I7020	MÉTODOS MATEMATICOS III	8	t	\N
13	I7021	SEMINARIO DE SOLUCIÓN DE PROBLEMAS DE MÉTODOS MATEMATICOS III	5	f	\N
14	I5897	ESTADÍSTICA Y PROCESOS ESTOCÁSTICOS	8	t	\N
15	I5886	ESTRUCTURAS DE DATOS I	8	t	\N
16	I5887	SEMINARIO DE SOLUCIÓN DE PROBLEMAS DE ESTRUCTURAS DE DATOS I	5	f	\N
17	I7031	REDES DE COMPUTADORAS Y PROTOCOLOS DE COMUNICACIÓN	8	t	\N
18	PRAC	PRACTICAS PROFESIONALES	20	t	\N
19	IL349	ADMINISTRACIÓN	8	t	\N
20	OPT	OPTATIVA ABIERTA	0	t	\N
\.


--
-- Data for Name: studentform_semester; Type: TABLE DATA; Schema: public; Owner: django
--

COPY public.studentform_semester ("idSemester", number, syllabus_id, subject_id, deleted_at) FROM stdin;
1	1	3	1	\N
2	1	3	2	\N
4	1	3	4	\N
3	1	3	3	\N
5	1	3	5	\N
6	2	3	6	\N
7	2	3	7	\N
8	2	3	8	\N
10	2	3	20	2024-02-29 15:01:17.648037+01
11	1	3	20	2024-02-29 15:52:49.813746+01
9	1	3	20	2024-03-05 15:07:07.850696+01
13	3	3	17	\N
14	3	3	20	2024-03-05 16:45:48.853975+01
12	1	3	20	2024-03-10 22:34:00.166897+01
\.


--
-- Data for Name: studentform_student; Type: TABLE DATA; Schema: public; Owner: django
--

COPY public.studentform_student ("idStudent", code, name, status_id, admission_cycle_id, first_last_name, last_cycle_id, second_last_name, "idCareer_id", exchange, syllabus_id, deleted_at) FROM stdin;
2	123456789	Hernandez	6	3	Castro	2	Mercado	1	t	3	\N
3	210394857	Israel Huerta	1	1	Muñoz	1	Velázquez	1	f	3	\N
4	217391025	Gebara	1	3	Zandivar	1	Ortega	1	f	3	\N
1	218292955	Manuel Gerardo	1	2	Perez	1	Perez	1	f	3	\N
5	217533590	Emmanuel Fernandez	1	1	Pizano	1	Guebara	1	f	3	\N
6	212439772	Ismael	1	1	Perez	1	Del Salto	1	f	3	\N
7	219462957	Fernando	1	1	Avila	1	Perez	1	f	3	\N
8	219847293	Luis Fernandez	1	1	Zandivar	1	Huerta	1	f	3	\N
9	219179502	Brandon	1	1	Del Valle	1	Perez	1	f	3	\N
10	213624849	Alex Miguel	1	1	Mercado	1	Garibay	1	f	3	\N
\.


--
-- Data for Name: studentform_contact; Type: TABLE DATA; Schema: public; Owner: django
--

COPY public.studentform_contact ("idContact", phone, email, udg_email, emergency_phone, url_socialnet, "idStudent_id", company, "position") FROM stdin;
4	001-443-761-5558x832	ravenayers@example.org	oclark@example.org	001-695-491-7764x440	\N	4	\N	\N
3	001-522-572-4830	mjones@example.org	mckayelizabeth@example.net	938.972.8989x18998	https://google.com	3	\N	\N
2	(846)449-1500x2638	brodriguez@example.org	alexisleonard@example.net	920-965-4055x2754	http://facebook.com	2	Oracle	DevOps Developer
6	(411)315-2516x2103	stevendeleon@example.net	smithdominique@example.net	494.794.1506	\N	5	\N	\N
7	2479678395	halvarado@example.net	kevinli@example.com	239-345-1733	\N	6	\N	\N
8	001-979-910-8215	yeseniadavis@example.org	brandonvargas@example.net	(572)282-1633x7560	\N	7	\N	\N
9	+1-437-963-6584x8493	jesus13@example.org	markroberts@example.org	251-893-9667	\N	8	\N	\N
10	001-255-485-5075	alanwoods@example.com	rdonovan@example.com	(811)922-5301	\N	9	\N	\N
11	(911)518-8688	yfarmer@example.org	angelabaxter@example.org	+1-362-702-5963x3192	\N	10	\N	\N
\.


--
-- Data for Name: studenthistory_gradeperiod; Type: TABLE DATA; Schema: public; Owner: django
--

COPY public.studenthistory_gradeperiod ("idGradePeriod", code_name, grade_period) FROM stdin;
2	OE	ORDINARIO
3	E	EXTRAORDINARIO
\.


--
-- Data for Name: studenthistory_section; Type: TABLE DATA; Schema: public; Owner: django
--

COPY public.studenthistory_section ("idSection", nrc, section, subject_id, deleted_at) FROM stdin;
1	54123	D01	1	\N
2	53217	D03	2	\N
3	10375	D03	1	\N
4	94781	D07	3	\N
5	091795	D02	7	\N
6	086896	D09	8	\N
7	17354	D01	6	\N
8	1234512	D01	18	\N
9	11223344	D10	4	\N
10	96314	D05	5	\N
11	193556	D03	3	\N
12	51030	D10	19	\N
13	915450	D01	17	\N
\.


--
-- Data for Name: studenthistory_course; Type: TABLE DATA; Schema: public; Owner: django
--

COPY public.studenthistory_course ("idCourse", grade, upload_date, grade_period_id, school_cycle_id, section_id, student_id, deleted_at) FROM stdin;
4	76	2023-11-22	2	1	5	1	\N
5	97	2023-11-22	2	1	6	1	\N
2	90	2023-11-22	2	2	2	1	\N
6	35	2023-11-22	2	1	4	1	\N
12	17	2023-11-24	2	3	1	2	\N
14	60	2023-11-24	2	3	5	2	\N
17	55	2023-11-24	2	4	4	2	\N
23	41	2023-11-29	2	3	7	2	\N
24	14	2023-11-29	2	4	7	2	\N
26	33	2023-11-29	2	4	3	2	\N
30	98	2023-12-06	2	3	2	4	\N
31	39	2023-12-06	2	3	7	4	\N
32	52	2023-12-06	2	3	4	4	\N
33	74	2023-12-06	2	2	1	4	\N
34	56	2023-12-06	2	4	4	4	\N
35	13	2023-12-06	3	4	4	4	\N
36	60	2023-12-06	2	2	7	4	\N
37	59	2023-12-06	2	2	4	4	\N
39	100	2023-12-06	2	2	8	4	\N
38	79	2023-12-06	3	2	4	4	\N
3	60	2023-11-22	3	1	4	1	\N
42	95	2023-12-23	2	1	2	3	\N
43	61	2023-12-23	2	1	3	3	\N
45	10	2023-12-23	2	1	10	3	\N
51	93	2023-12-25	2	2	9	1	\N
52	79	2023-12-25	2	1	10	1	\N
40	SD	2023-12-06	2	1	7	1	\N
53	70	2023-12-25	3	1	7	1	\N
41	70	2023-12-23	2	1	11	3	\N
48	SD	2023-12-23	2	1	9	3	\N
50	100	2023-12-23	3	1	9	3	\N
47	100	2023-12-23	3	1	10	3	\N
19	59	2023-11-28	3	4	4	2	\N
1	86	2023-11-22	2	2	1	1	2024-01-19 11:27:01.006408+01
55	86	2024-01-19	2	2	1	1	2024-01-19 11:28:42+01
56	SD	2024-01-23	2	2	1	1	\N
57	70	2024-01-23	3	2	3	1	\N
58	100	2024-03-05	2	1	12	1	2024-03-05 16:21:44.802492+01
60	100	2024-03-05	2	1	12	1	\N
59	80	2024-03-05	2	1	13	1	\N
61	71	2024-03-10	2	1	1	10	\N
62	60	2024-03-10	2	1	2	10	\N
63	86	2024-03-10	2	1	4	10	\N
64	SD	2024-03-10	2	1	9	10	\N
65	79	2024-03-10	3	1	9	10	\N
66	61	2024-03-10	2	1	10	10	\N
67	99	2024-03-10	2	1	3	9	\N
68	94	2024-03-10	2	1	2	9	\N
69	92	2024-03-10	2	1	11	9	\N
70	SD	2024-03-10	2	1	9	9	\N
71	86	2024-03-10	2	1	10	9	\N
72	85	2024-03-10	2	1	3	8	\N
73	70	2024-03-10	2	1	2	8	\N
74	77	2024-03-10	2	1	9	8	\N
75	60	2024-03-10	2	1	11	8	\N
76	100	2024-03-10	2	1	10	8	\N
77	84	2024-03-10	2	1	1	7	\N
78	77	2024-03-10	2	1	2	7	\N
79	92	2024-03-10	2	1	4	7	\N
80	74	2024-03-10	2	1	9	7	\N
81	66	2024-03-10	2	1	10	7	\N
82	96	2024-03-10	2	1	1	6	\N
83	97	2024-03-10	2	1	2	6	\N
84	SD	2024-03-10	2	1	4	6	\N
85	SD	2024-03-10	2	1	9	6	\N
86	15	2024-03-10	2	1	10	6	\N
87	73	2024-03-10	3	1	10	6	\N
88	93	2024-03-10	2	1	3	5	\N
89	79	2024-03-10	2	1	4	5	\N
90	78	2024-03-10	2	1	2	5	\N
91	91	2024-03-10	2	1	9	5	\N
92	66	2024-03-10	2	1	10	5	\N
\.


--
-- Data for Name: studenthistory_careersubject; Type: TABLE DATA; Schema: public; Owner: django
--

COPY public.studenthistory_careersubject (id, career_id, subject_id, deleted_at) FROM stdin;
1	1	1	\N
2	1	2	\N
3	1	3	\N
4	1	4	\N
5	1	5	\N
6	1	6	\N
7	1	7	\N
8	1	8	\N
9	1	9	\N
10	2	10	\N
11	2	11	\N
12	2	12	\N
13	2	13	\N
14	2	14	\N
15	2	15	\N
16	2	16	\N
17	2	17	\N
18	2	18	\N
\.


--
-- Name: auth_group_id_seq; Type: SEQUENCE SET; Schema: public; Owner: django
--

SELECT pg_catalog.setval('public.auth_group_id_seq', 2, true);


--
-- Name: auth_group_permissions_id_seq; Type: SEQUENCE SET; Schema: public; Owner: django
--

SELECT pg_catalog.setval('public.auth_group_permissions_id_seq', 92, true);


--
-- Name: auth_permission_id_seq; Type: SEQUENCE SET; Schema: public; Owner: django
--

SELECT pg_catalog.setval('public.auth_permission_id_seq', 76, true);


--
-- Name: auth_user_groups_id_seq; Type: SEQUENCE SET; Schema: public; Owner: django
--

SELECT pg_catalog.setval('public.auth_user_groups_id_seq', 3, true);


--
-- Name: auth_user_id_seq; Type: SEQUENCE SET; Schema: public; Owner: django
--

SELECT pg_catalog.setval('public.auth_user_id_seq', 2, true);


--
-- Name: auth_user_user_permissions_id_seq; Type: SEQUENCE SET; Schema: public; Owner: django
--

SELECT pg_catalog.setval('public.auth_user_user_permissions_id_seq', 1, false);


--
-- Name: django_admin_log_id_seq; Type: SEQUENCE SET; Schema: public; Owner: django
--

SELECT pg_catalog.setval('public.django_admin_log_id_seq', 337, true);


--
-- Name: django_content_type_id_seq; Type: SEQUENCE SET; Schema: public; Owner: django
--

SELECT pg_catalog.setval('public.django_content_type_id_seq', 19, true);


--
-- Name: django_migrations_id_seq; Type: SEQUENCE SET; Schema: public; Owner: django
--

SELECT pg_catalog.setval('public.django_migrations_id_seq', 37, true);


--
-- Name: studentform_career_idCareer_seq; Type: SEQUENCE SET; Schema: public; Owner: django
--

SELECT pg_catalog.setval('public."studentform_career_idCareer_seq"', 2, true);


--
-- Name: studentform_contact_contact_id_seq; Type: SEQUENCE SET; Schema: public; Owner: django
--

SELECT pg_catalog.setval('public.studentform_contact_contact_id_seq', 11, true);


--
-- Name: studentform_school_cycle_cycle_id_seq; Type: SEQUENCE SET; Schema: public; Owner: django
--

SELECT pg_catalog.setval('public.studentform_school_cycle_cycle_id_seq', 4, true);


--
-- Name: studentform_semester_idSemester_seq; Type: SEQUENCE SET; Schema: public; Owner: django
--

SELECT pg_catalog.setval('public."studentform_semester_idSemester_seq"', 14, true);


--
-- Name: studentform_status_idStatus_seq; Type: SEQUENCE SET; Schema: public; Owner: django
--

SELECT pg_catalog.setval('public."studentform_status_idStatus_seq"', 7, true);


--
-- Name: studentform_student_student_id_seq; Type: SEQUENCE SET; Schema: public; Owner: django
--

SELECT pg_catalog.setval('public.studentform_student_student_id_seq', 10, true);


--
-- Name: studentform_subject_idSubject_seq; Type: SEQUENCE SET; Schema: public; Owner: django
--

SELECT pg_catalog.setval('public."studentform_subject_idSubject_seq"', 20, true);


--
-- Name: studentform_syllabus_idSyllabus_seq; Type: SEQUENCE SET; Schema: public; Owner: django
--

SELECT pg_catalog.setval('public."studentform_syllabus_idSyllabus_seq"', 3, true);


--
-- Name: studenthistory_careersubject_id_seq; Type: SEQUENCE SET; Schema: public; Owner: django
--

SELECT pg_catalog.setval('public.studenthistory_careersubject_id_seq', 18, true);


--
-- Name: studenthistory_course_idCourse_seq; Type: SEQUENCE SET; Schema: public; Owner: django
--

SELECT pg_catalog.setval('public."studenthistory_course_idCourse_seq"', 92, true);


--
-- Name: studenthistory_gradeperiod_idGradePeriod_seq; Type: SEQUENCE SET; Schema: public; Owner: django
--

SELECT pg_catalog.setval('public."studenthistory_gradeperiod_idGradePeriod_seq"', 3, true);


--
-- Name: studenthistory_section_idSection_seq; Type: SEQUENCE SET; Schema: public; Owner: django
--

SELECT pg_catalog.setval('public."studenthistory_section_idSection_seq"', 13, true);


--
-- Name: auth_group auth_group_name_key; Type: CONSTRAINT; Schema: public; Owner: django
--

ALTER TABLE ONLY public.auth_group
    ADD CONSTRAINT auth_group_name_key UNIQUE (name);


--
-- Name: auth_group_permissions auth_group_permissions_group_id_permission_id_0cd325b0_uniq; Type: CONSTRAINT; Schema: public; Owner: django
--

ALTER TABLE ONLY public.auth_group_permissions
    ADD CONSTRAINT auth_group_permissions_group_id_permission_id_0cd325b0_uniq UNIQUE (group_id, permission_id);


--
-- Name: auth_group_permissions auth_group_permissions_pkey; Type: CONSTRAINT; Schema: public; Owner: django
--

ALTER TABLE ONLY public.auth_group_permissions
    ADD CONSTRAINT auth_group_permissions_pkey PRIMARY KEY (id);


--
-- Name: auth_group auth_group_pkey; Type: CONSTRAINT; Schema: public; Owner: django
--

ALTER TABLE ONLY public.auth_group
    ADD CONSTRAINT auth_group_pkey PRIMARY KEY (id);


--
-- Name: auth_permission auth_permission_content_type_id_codename_01ab375a_uniq; Type: CONSTRAINT; Schema: public; Owner: django
--

ALTER TABLE ONLY public.auth_permission
    ADD CONSTRAINT auth_permission_content_type_id_codename_01ab375a_uniq UNIQUE (content_type_id, codename);


--
-- Name: auth_permission auth_permission_pkey; Type: CONSTRAINT; Schema: public; Owner: django
--

ALTER TABLE ONLY public.auth_permission
    ADD CONSTRAINT auth_permission_pkey PRIMARY KEY (id);


--
-- Name: auth_user_groups auth_user_groups_pkey; Type: CONSTRAINT; Schema: public; Owner: django
--

ALTER TABLE ONLY public.auth_user_groups
    ADD CONSTRAINT auth_user_groups_pkey PRIMARY KEY (id);


--
-- Name: auth_user_groups auth_user_groups_user_id_group_id_94350c0c_uniq; Type: CONSTRAINT; Schema: public; Owner: django
--

ALTER TABLE ONLY public.auth_user_groups
    ADD CONSTRAINT auth_user_groups_user_id_group_id_94350c0c_uniq UNIQUE (user_id, group_id);


--
-- Name: auth_user auth_user_pkey; Type: CONSTRAINT; Schema: public; Owner: django
--

ALTER TABLE ONLY public.auth_user
    ADD CONSTRAINT auth_user_pkey PRIMARY KEY (id);


--
-- Name: auth_user_user_permissions auth_user_user_permissions_pkey; Type: CONSTRAINT; Schema: public; Owner: django
--

ALTER TABLE ONLY public.auth_user_user_permissions
    ADD CONSTRAINT auth_user_user_permissions_pkey PRIMARY KEY (id);


--
-- Name: auth_user_user_permissions auth_user_user_permissions_user_id_permission_id_14a6b632_uniq; Type: CONSTRAINT; Schema: public; Owner: django
--

ALTER TABLE ONLY public.auth_user_user_permissions
    ADD CONSTRAINT auth_user_user_permissions_user_id_permission_id_14a6b632_uniq UNIQUE (user_id, permission_id);


--
-- Name: auth_user auth_user_username_key; Type: CONSTRAINT; Schema: public; Owner: django
--

ALTER TABLE ONLY public.auth_user
    ADD CONSTRAINT auth_user_username_key UNIQUE (username);


--
-- Name: django_admin_log django_admin_log_pkey; Type: CONSTRAINT; Schema: public; Owner: django
--

ALTER TABLE ONLY public.django_admin_log
    ADD CONSTRAINT django_admin_log_pkey PRIMARY KEY (id);


--
-- Name: django_content_type django_content_type_app_label_model_76bd3d3b_uniq; Type: CONSTRAINT; Schema: public; Owner: django
--

ALTER TABLE ONLY public.django_content_type
    ADD CONSTRAINT django_content_type_app_label_model_76bd3d3b_uniq UNIQUE (app_label, model);


--
-- Name: django_content_type django_content_type_pkey; Type: CONSTRAINT; Schema: public; Owner: django
--

ALTER TABLE ONLY public.django_content_type
    ADD CONSTRAINT django_content_type_pkey PRIMARY KEY (id);


--
-- Name: django_migrations django_migrations_pkey; Type: CONSTRAINT; Schema: public; Owner: django
--

ALTER TABLE ONLY public.django_migrations
    ADD CONSTRAINT django_migrations_pkey PRIMARY KEY (id);


--
-- Name: django_session django_session_pkey; Type: CONSTRAINT; Schema: public; Owner: django
--

ALTER TABLE ONLY public.django_session
    ADD CONSTRAINT django_session_pkey PRIMARY KEY (session_key);


--
-- Name: studentform_career studentform_career_pkey; Type: CONSTRAINT; Schema: public; Owner: django
--

ALTER TABLE ONLY public.studentform_career
    ADD CONSTRAINT studentform_career_pkey PRIMARY KEY ("idCareer");


--
-- Name: studentform_contact studentform_contact_pkey; Type: CONSTRAINT; Schema: public; Owner: django
--

ALTER TABLE ONLY public.studentform_contact
    ADD CONSTRAINT studentform_contact_pkey PRIMARY KEY ("idContact");


--
-- Name: studentform_contact studentform_contact_student_id_id_key; Type: CONSTRAINT; Schema: public; Owner: django
--

ALTER TABLE ONLY public.studentform_contact
    ADD CONSTRAINT studentform_contact_student_id_id_key UNIQUE ("idStudent_id");


--
-- Name: studentform_school_cycle studentform_school_cycle_pkey; Type: CONSTRAINT; Schema: public; Owner: django
--

ALTER TABLE ONLY public.studentform_school_cycle
    ADD CONSTRAINT studentform_school_cycle_pkey PRIMARY KEY ("idCycle");


--
-- Name: studentform_semester studentform_semester_pkey; Type: CONSTRAINT; Schema: public; Owner: django
--

ALTER TABLE ONLY public.studentform_semester
    ADD CONSTRAINT studentform_semester_pkey PRIMARY KEY ("idSemester");


--
-- Name: studentform_status studentform_status_pkey; Type: CONSTRAINT; Schema: public; Owner: django
--

ALTER TABLE ONLY public.studentform_status
    ADD CONSTRAINT studentform_status_pkey PRIMARY KEY ("idStatus");


--
-- Name: studentform_student studentform_student_code_key; Type: CONSTRAINT; Schema: public; Owner: django
--

ALTER TABLE ONLY public.studentform_student
    ADD CONSTRAINT studentform_student_code_key UNIQUE (code);


--
-- Name: studentform_student studentform_student_pkey; Type: CONSTRAINT; Schema: public; Owner: django
--

ALTER TABLE ONLY public.studentform_student
    ADD CONSTRAINT studentform_student_pkey PRIMARY KEY ("idStudent");


--
-- Name: studentform_subject studentform_subject_pkey; Type: CONSTRAINT; Schema: public; Owner: django
--

ALTER TABLE ONLY public.studentform_subject
    ADD CONSTRAINT studentform_subject_pkey PRIMARY KEY ("idSubject");


--
-- Name: studentform_syllabus studentform_syllabus_pkey; Type: CONSTRAINT; Schema: public; Owner: django
--

ALTER TABLE ONLY public.studentform_syllabus
    ADD CONSTRAINT studentform_syllabus_pkey PRIMARY KEY ("idSyllabus");


--
-- Name: studenthistory_careersubject studenthistory_careersubject_career_id_subject_id_594e0df2_uniq; Type: CONSTRAINT; Schema: public; Owner: django
--

ALTER TABLE ONLY public.studenthistory_careersubject
    ADD CONSTRAINT studenthistory_careersubject_career_id_subject_id_594e0df2_uniq UNIQUE (career_id, subject_id);


--
-- Name: studenthistory_careersubject studenthistory_careersubject_pkey; Type: CONSTRAINT; Schema: public; Owner: django
--

ALTER TABLE ONLY public.studenthistory_careersubject
    ADD CONSTRAINT studenthistory_careersubject_pkey PRIMARY KEY (id);


--
-- Name: studenthistory_course studenthistory_course_pkey; Type: CONSTRAINT; Schema: public; Owner: django
--

ALTER TABLE ONLY public.studenthistory_course
    ADD CONSTRAINT studenthistory_course_pkey PRIMARY KEY ("idCourse");


--
-- Name: studenthistory_gradeperiod studenthistory_gradeperiod_pkey; Type: CONSTRAINT; Schema: public; Owner: django
--

ALTER TABLE ONLY public.studenthistory_gradeperiod
    ADD CONSTRAINT studenthistory_gradeperiod_pkey PRIMARY KEY ("idGradePeriod");


--
-- Name: studenthistory_section studenthistory_section_pkey; Type: CONSTRAINT; Schema: public; Owner: django
--

ALTER TABLE ONLY public.studenthistory_section
    ADD CONSTRAINT studenthistory_section_pkey PRIMARY KEY ("idSection");


--
-- Name: auth_group_name_a6ea08ec_like; Type: INDEX; Schema: public; Owner: django
--

CREATE INDEX auth_group_name_a6ea08ec_like ON public.auth_group USING btree (name varchar_pattern_ops);


--
-- Name: auth_group_permissions_group_id_b120cbf9; Type: INDEX; Schema: public; Owner: django
--

CREATE INDEX auth_group_permissions_group_id_b120cbf9 ON public.auth_group_permissions USING btree (group_id);


--
-- Name: auth_group_permissions_permission_id_84c5c92e; Type: INDEX; Schema: public; Owner: django
--

CREATE INDEX auth_group_permissions_permission_id_84c5c92e ON public.auth_group_permissions USING btree (permission_id);


--
-- Name: auth_permission_content_type_id_2f476e4b; Type: INDEX; Schema: public; Owner: django
--

CREATE INDEX auth_permission_content_type_id_2f476e4b ON public.auth_permission USING btree (content_type_id);


--
-- Name: auth_user_groups_group_id_97559544; Type: INDEX; Schema: public; Owner: django
--

CREATE INDEX auth_user_groups_group_id_97559544 ON public.auth_user_groups USING btree (group_id);


--
-- Name: auth_user_groups_user_id_6a12ed8b; Type: INDEX; Schema: public; Owner: django
--

CREATE INDEX auth_user_groups_user_id_6a12ed8b ON public.auth_user_groups USING btree (user_id);


--
-- Name: auth_user_user_permissions_permission_id_1fbb5f2c; Type: INDEX; Schema: public; Owner: django
--

CREATE INDEX auth_user_user_permissions_permission_id_1fbb5f2c ON public.auth_user_user_permissions USING btree (permission_id);


--
-- Name: auth_user_user_permissions_user_id_a95ead1b; Type: INDEX; Schema: public; Owner: django
--

CREATE INDEX auth_user_user_permissions_user_id_a95ead1b ON public.auth_user_user_permissions USING btree (user_id);


--
-- Name: auth_user_username_6821ab7c_like; Type: INDEX; Schema: public; Owner: django
--

CREATE INDEX auth_user_username_6821ab7c_like ON public.auth_user USING btree (username varchar_pattern_ops);


--
-- Name: django_admin_log_content_type_id_c4bce8eb; Type: INDEX; Schema: public; Owner: django
--

CREATE INDEX django_admin_log_content_type_id_c4bce8eb ON public.django_admin_log USING btree (content_type_id);


--
-- Name: django_admin_log_user_id_c564eba6; Type: INDEX; Schema: public; Owner: django
--

CREATE INDEX django_admin_log_user_id_c564eba6 ON public.django_admin_log USING btree (user_id);


--
-- Name: django_session_expire_date_a5c62663; Type: INDEX; Schema: public; Owner: django
--

CREATE INDEX django_session_expire_date_a5c62663 ON public.django_session USING btree (expire_date);


--
-- Name: django_session_session_key_c0390e0f_like; Type: INDEX; Schema: public; Owner: django
--

CREATE INDEX django_session_session_key_c0390e0f_like ON public.django_session USING btree (session_key varchar_pattern_ops);


--
-- Name: studentform_semester_subject_id_1eab0a2f; Type: INDEX; Schema: public; Owner: django
--

CREATE INDEX studentform_semester_subject_id_1eab0a2f ON public.studentform_semester USING btree (subject_id);


--
-- Name: studentform_semester_syllabus_id_79ef65ac; Type: INDEX; Schema: public; Owner: django
--

CREATE INDEX studentform_semester_syllabus_id_79ef65ac ON public.studentform_semester USING btree (syllabus_id);


--
-- Name: studentform_student_admission_cycle_id_bac68801; Type: INDEX; Schema: public; Owner: django
--

CREATE INDEX studentform_student_admission_cycle_id_bac68801 ON public.studentform_student USING btree (admission_cycle_id);


--
-- Name: studentform_student_code_211806d6_like; Type: INDEX; Schema: public; Owner: django
--

CREATE INDEX studentform_student_code_211806d6_like ON public.studentform_student USING btree (code varchar_pattern_ops);


--
-- Name: studentform_student_idCareer_id_a6161880; Type: INDEX; Schema: public; Owner: django
--

CREATE INDEX "studentform_student_idCareer_id_a6161880" ON public.studentform_student USING btree ("idCareer_id");


--
-- Name: studentform_student_last_cycle_id_105fce98; Type: INDEX; Schema: public; Owner: django
--

CREATE INDEX studentform_student_last_cycle_id_105fce98 ON public.studentform_student USING btree (last_cycle_id);


--
-- Name: studentform_student_status_id_3376e934; Type: INDEX; Schema: public; Owner: django
--

CREATE INDEX studentform_student_status_id_3376e934 ON public.studentform_student USING btree (status_id);


--
-- Name: studentform_student_syllabus_id_0b502e81; Type: INDEX; Schema: public; Owner: django
--

CREATE INDEX studentform_student_syllabus_id_0b502e81 ON public.studentform_student USING btree (syllabus_id);


--
-- Name: studentform_syllabus_career_id_c1bd74a1; Type: INDEX; Schema: public; Owner: django
--

CREATE INDEX studentform_syllabus_career_id_c1bd74a1 ON public.studentform_syllabus USING btree (career_id);


--
-- Name: studenthistory_careersubject_career_id_9a490b26; Type: INDEX; Schema: public; Owner: django
--

CREATE INDEX studenthistory_careersubject_career_id_9a490b26 ON public.studenthistory_careersubject USING btree (career_id);


--
-- Name: studenthistory_careersubject_subject_id_09f729e5; Type: INDEX; Schema: public; Owner: django
--

CREATE INDEX studenthistory_careersubject_subject_id_09f729e5 ON public.studenthistory_careersubject USING btree (subject_id);


--
-- Name: studenthistory_course_grade_period_id_da6f1a31; Type: INDEX; Schema: public; Owner: django
--

CREATE INDEX studenthistory_course_grade_period_id_da6f1a31 ON public.studenthistory_course USING btree (grade_period_id);


--
-- Name: studenthistory_course_school_cycle_id_6624fb48; Type: INDEX; Schema: public; Owner: django
--

CREATE INDEX studenthistory_course_school_cycle_id_6624fb48 ON public.studenthistory_course USING btree (school_cycle_id);


--
-- Name: studenthistory_course_section_id_90b650b2; Type: INDEX; Schema: public; Owner: django
--

CREATE INDEX studenthistory_course_section_id_90b650b2 ON public.studenthistory_course USING btree (section_id);


--
-- Name: studenthistory_course_student_id_a2360c8b; Type: INDEX; Schema: public; Owner: django
--

CREATE INDEX studenthistory_course_student_id_a2360c8b ON public.studenthistory_course USING btree (student_id);


--
-- Name: studenthistory_section_subject_id_fbb8c1d2; Type: INDEX; Schema: public; Owner: django
--

CREATE INDEX studenthistory_section_subject_id_fbb8c1d2 ON public.studenthistory_section USING btree (subject_id);


--
-- Name: auth_group_permissions auth_group_permissio_permission_id_84c5c92e_fk_auth_perm; Type: FK CONSTRAINT; Schema: public; Owner: django
--

ALTER TABLE ONLY public.auth_group_permissions
    ADD CONSTRAINT auth_group_permissio_permission_id_84c5c92e_fk_auth_perm FOREIGN KEY (permission_id) REFERENCES public.auth_permission(id) DEFERRABLE INITIALLY DEFERRED;


--
-- Name: auth_group_permissions auth_group_permissions_group_id_b120cbf9_fk_auth_group_id; Type: FK CONSTRAINT; Schema: public; Owner: django
--

ALTER TABLE ONLY public.auth_group_permissions
    ADD CONSTRAINT auth_group_permissions_group_id_b120cbf9_fk_auth_group_id FOREIGN KEY (group_id) REFERENCES public.auth_group(id) DEFERRABLE INITIALLY DEFERRED;


--
-- Name: auth_permission auth_permission_content_type_id_2f476e4b_fk_django_co; Type: FK CONSTRAINT; Schema: public; Owner: django
--

ALTER TABLE ONLY public.auth_permission
    ADD CONSTRAINT auth_permission_content_type_id_2f476e4b_fk_django_co FOREIGN KEY (content_type_id) REFERENCES public.django_content_type(id) DEFERRABLE INITIALLY DEFERRED;


--
-- Name: auth_user_groups auth_user_groups_group_id_97559544_fk_auth_group_id; Type: FK CONSTRAINT; Schema: public; Owner: django
--

ALTER TABLE ONLY public.auth_user_groups
    ADD CONSTRAINT auth_user_groups_group_id_97559544_fk_auth_group_id FOREIGN KEY (group_id) REFERENCES public.auth_group(id) DEFERRABLE INITIALLY DEFERRED;


--
-- Name: auth_user_groups auth_user_groups_user_id_6a12ed8b_fk_auth_user_id; Type: FK CONSTRAINT; Schema: public; Owner: django
--

ALTER TABLE ONLY public.auth_user_groups
    ADD CONSTRAINT auth_user_groups_user_id_6a12ed8b_fk_auth_user_id FOREIGN KEY (user_id) REFERENCES public.auth_user(id) DEFERRABLE INITIALLY DEFERRED;


--
-- Name: auth_user_user_permissions auth_user_user_permi_permission_id_1fbb5f2c_fk_auth_perm; Type: FK CONSTRAINT; Schema: public; Owner: django
--

ALTER TABLE ONLY public.auth_user_user_permissions
    ADD CONSTRAINT auth_user_user_permi_permission_id_1fbb5f2c_fk_auth_perm FOREIGN KEY (permission_id) REFERENCES public.auth_permission(id) DEFERRABLE INITIALLY DEFERRED;


--
-- Name: auth_user_user_permissions auth_user_user_permissions_user_id_a95ead1b_fk_auth_user_id; Type: FK CONSTRAINT; Schema: public; Owner: django
--

ALTER TABLE ONLY public.auth_user_user_permissions
    ADD CONSTRAINT auth_user_user_permissions_user_id_a95ead1b_fk_auth_user_id FOREIGN KEY (user_id) REFERENCES public.auth_user(id) DEFERRABLE INITIALLY DEFERRED;


--
-- Name: django_admin_log django_admin_log_content_type_id_c4bce8eb_fk_django_co; Type: FK CONSTRAINT; Schema: public; Owner: django
--

ALTER TABLE ONLY public.django_admin_log
    ADD CONSTRAINT django_admin_log_content_type_id_c4bce8eb_fk_django_co FOREIGN KEY (content_type_id) REFERENCES public.django_content_type(id) DEFERRABLE INITIALLY DEFERRED;


--
-- Name: django_admin_log django_admin_log_user_id_c564eba6_fk_auth_user_id; Type: FK CONSTRAINT; Schema: public; Owner: django
--

ALTER TABLE ONLY public.django_admin_log
    ADD CONSTRAINT django_admin_log_user_id_c564eba6_fk_auth_user_id FOREIGN KEY (user_id) REFERENCES public.auth_user(id) DEFERRABLE INITIALLY DEFERRED;


--
-- Name: studentform_contact studentform_contact_idStudent_id_18474103_fk_studentfo; Type: FK CONSTRAINT; Schema: public; Owner: django
--

ALTER TABLE ONLY public.studentform_contact
    ADD CONSTRAINT "studentform_contact_idStudent_id_18474103_fk_studentfo" FOREIGN KEY ("idStudent_id") REFERENCES public.studentform_student("idStudent") DEFERRABLE INITIALLY DEFERRED;


--
-- Name: studentform_semester studentform_semester_subject_id_1eab0a2f_fk_studentfo; Type: FK CONSTRAINT; Schema: public; Owner: django
--

ALTER TABLE ONLY public.studentform_semester
    ADD CONSTRAINT studentform_semester_subject_id_1eab0a2f_fk_studentfo FOREIGN KEY (subject_id) REFERENCES public.studentform_subject("idSubject") DEFERRABLE INITIALLY DEFERRED;


--
-- Name: studentform_semester studentform_semester_syllabus_id_79ef65ac_fk_studentfo; Type: FK CONSTRAINT; Schema: public; Owner: django
--

ALTER TABLE ONLY public.studentform_semester
    ADD CONSTRAINT studentform_semester_syllabus_id_79ef65ac_fk_studentfo FOREIGN KEY (syllabus_id) REFERENCES public.studentform_syllabus("idSyllabus") DEFERRABLE INITIALLY DEFERRED;


--
-- Name: studentform_student studentform_student_admission_cycle_id_bac68801_fk_studentfo; Type: FK CONSTRAINT; Schema: public; Owner: django
--

ALTER TABLE ONLY public.studentform_student
    ADD CONSTRAINT studentform_student_admission_cycle_id_bac68801_fk_studentfo FOREIGN KEY (admission_cycle_id) REFERENCES public.studentform_school_cycle("idCycle") DEFERRABLE INITIALLY DEFERRED;


--
-- Name: studentform_student studentform_student_idCareer_id_a6161880_fk_studentfo; Type: FK CONSTRAINT; Schema: public; Owner: django
--

ALTER TABLE ONLY public.studentform_student
    ADD CONSTRAINT "studentform_student_idCareer_id_a6161880_fk_studentfo" FOREIGN KEY ("idCareer_id") REFERENCES public.studentform_career("idCareer") DEFERRABLE INITIALLY DEFERRED;


--
-- Name: studentform_student studentform_student_last_cycle_id_105fce98_fk_studentfo; Type: FK CONSTRAINT; Schema: public; Owner: django
--

ALTER TABLE ONLY public.studentform_student
    ADD CONSTRAINT studentform_student_last_cycle_id_105fce98_fk_studentfo FOREIGN KEY (last_cycle_id) REFERENCES public.studentform_school_cycle("idCycle") DEFERRABLE INITIALLY DEFERRED;


--
-- Name: studentform_student studentform_student_status_id_3376e934_fk_studentfo; Type: FK CONSTRAINT; Schema: public; Owner: django
--

ALTER TABLE ONLY public.studentform_student
    ADD CONSTRAINT studentform_student_status_id_3376e934_fk_studentfo FOREIGN KEY (status_id) REFERENCES public.studentform_status("idStatus") DEFERRABLE INITIALLY DEFERRED;


--
-- Name: studentform_student studentform_student_syllabus_id_0b502e81_fk_studentfo; Type: FK CONSTRAINT; Schema: public; Owner: django
--

ALTER TABLE ONLY public.studentform_student
    ADD CONSTRAINT studentform_student_syllabus_id_0b502e81_fk_studentfo FOREIGN KEY (syllabus_id) REFERENCES public.studentform_syllabus("idSyllabus") DEFERRABLE INITIALLY DEFERRED;


--
-- Name: studentform_syllabus studentform_syllabus_career_id_c1bd74a1_fk_studentfo; Type: FK CONSTRAINT; Schema: public; Owner: django
--

ALTER TABLE ONLY public.studentform_syllabus
    ADD CONSTRAINT studentform_syllabus_career_id_c1bd74a1_fk_studentfo FOREIGN KEY (career_id) REFERENCES public.studentform_career("idCareer") DEFERRABLE INITIALLY DEFERRED;


--
-- Name: studenthistory_careersubject studenthistory_caree_career_id_9a490b26_fk_studentfo; Type: FK CONSTRAINT; Schema: public; Owner: django
--

ALTER TABLE ONLY public.studenthistory_careersubject
    ADD CONSTRAINT studenthistory_caree_career_id_9a490b26_fk_studentfo FOREIGN KEY (career_id) REFERENCES public.studentform_career("idCareer") DEFERRABLE INITIALLY DEFERRED;


--
-- Name: studenthistory_careersubject studenthistory_caree_subject_id_09f729e5_fk_studentfo; Type: FK CONSTRAINT; Schema: public; Owner: django
--

ALTER TABLE ONLY public.studenthistory_careersubject
    ADD CONSTRAINT studenthistory_caree_subject_id_09f729e5_fk_studentfo FOREIGN KEY (subject_id) REFERENCES public.studentform_subject("idSubject") DEFERRABLE INITIALLY DEFERRED;


--
-- Name: studenthistory_course studenthistory_cours_grade_period_id_da6f1a31_fk_studenthi; Type: FK CONSTRAINT; Schema: public; Owner: django
--

ALTER TABLE ONLY public.studenthistory_course
    ADD CONSTRAINT studenthistory_cours_grade_period_id_da6f1a31_fk_studenthi FOREIGN KEY (grade_period_id) REFERENCES public.studenthistory_gradeperiod("idGradePeriod") DEFERRABLE INITIALLY DEFERRED;


--
-- Name: studenthistory_course studenthistory_cours_school_cycle_id_6624fb48_fk_studentfo; Type: FK CONSTRAINT; Schema: public; Owner: django
--

ALTER TABLE ONLY public.studenthistory_course
    ADD CONSTRAINT studenthistory_cours_school_cycle_id_6624fb48_fk_studentfo FOREIGN KEY (school_cycle_id) REFERENCES public.studentform_school_cycle("idCycle") DEFERRABLE INITIALLY DEFERRED;


--
-- Name: studenthistory_course studenthistory_cours_section_id_90b650b2_fk_studenthi; Type: FK CONSTRAINT; Schema: public; Owner: django
--

ALTER TABLE ONLY public.studenthistory_course
    ADD CONSTRAINT studenthistory_cours_section_id_90b650b2_fk_studenthi FOREIGN KEY (section_id) REFERENCES public.studenthistory_section("idSection") DEFERRABLE INITIALLY DEFERRED;


--
-- Name: studenthistory_course studenthistory_cours_student_id_a2360c8b_fk_studentfo; Type: FK CONSTRAINT; Schema: public; Owner: django
--

ALTER TABLE ONLY public.studenthistory_course
    ADD CONSTRAINT studenthistory_cours_student_id_a2360c8b_fk_studentfo FOREIGN KEY (student_id) REFERENCES public.studentform_student("idStudent") DEFERRABLE INITIALLY DEFERRED;


--
-- Name: studenthistory_section studenthistory_secti_subject_id_fbb8c1d2_fk_studentfo; Type: FK CONSTRAINT; Schema: public; Owner: django
--

ALTER TABLE ONLY public.studenthistory_section
    ADD CONSTRAINT studenthistory_secti_subject_id_fbb8c1d2_fk_studentfo FOREIGN KEY (subject_id) REFERENCES public.studentform_subject("idSubject") DEFERRABLE INITIALLY DEFERRED;


--
-- PostgreSQL database dump complete
--

