--
-- PostgreSQL database dump
--

-- Dumped from database version 16.0
-- Dumped by pg_dump version 16.0

SET statement_timeout = 0;
SET lock_timeout = 0;
SET idle_in_transaction_session_timeout = 0;
SET client_encoding = 'UTF8';
SET standard_conforming_strings = on;
SELECT pg_catalog.set_config('search_path', '', false);
SET check_function_bodies = false;
SET xmloption = content;
SET client_min_messages = warning;
SET row_security = off;

SET default_tablespace = '';

SET default_table_access_method = heap;

--
-- Name: auth_group; Type: TABLE; Schema: public; Owner: django
--

CREATE TABLE public.auth_group (
    id integer NOT NULL,
    name character varying(150) NOT NULL
);


ALTER TABLE public.auth_group OWNER TO django;

--
-- Name: auth_group_id_seq; Type: SEQUENCE; Schema: public; Owner: django
--

ALTER TABLE public.auth_group ALTER COLUMN id ADD GENERATED BY DEFAULT AS IDENTITY (
    SEQUENCE NAME public.auth_group_id_seq
    START WITH 1
    INCREMENT BY 1
    NO MINVALUE
    NO MAXVALUE
    CACHE 1
);


--
-- Name: auth_group_permissions; Type: TABLE; Schema: public; Owner: django
--

CREATE TABLE public.auth_group_permissions (
    id bigint NOT NULL,
    group_id integer NOT NULL,
    permission_id integer NOT NULL
);


ALTER TABLE public.auth_group_permissions OWNER TO django;

--
-- Name: auth_group_permissions_id_seq; Type: SEQUENCE; Schema: public; Owner: django
--

ALTER TABLE public.auth_group_permissions ALTER COLUMN id ADD GENERATED BY DEFAULT AS IDENTITY (
    SEQUENCE NAME public.auth_group_permissions_id_seq
    START WITH 1
    INCREMENT BY 1
    NO MINVALUE
    NO MAXVALUE
    CACHE 1
);


--
-- Name: auth_permission; Type: TABLE; Schema: public; Owner: django
--

CREATE TABLE public.auth_permission (
    id integer NOT NULL,
    name character varying(255) NOT NULL,
    content_type_id integer NOT NULL,
    codename character varying(100) NOT NULL
);


ALTER TABLE public.auth_permission OWNER TO django;

--
-- Name: auth_permission_id_seq; Type: SEQUENCE; Schema: public; Owner: django
--

ALTER TABLE public.auth_permission ALTER COLUMN id ADD GENERATED BY DEFAULT AS IDENTITY (
    SEQUENCE NAME public.auth_permission_id_seq
    START WITH 1
    INCREMENT BY 1
    NO MINVALUE
    NO MAXVALUE
    CACHE 1
);


--
-- Name: auth_user; Type: TABLE; Schema: public; Owner: django
--

CREATE TABLE public.auth_user (
    id integer NOT NULL,
    password character varying(128) NOT NULL,
    last_login timestamp with time zone,
    is_superuser boolean NOT NULL,
    username character varying(150) NOT NULL,
    first_name character varying(150) NOT NULL,
    last_name character varying(150) NOT NULL,
    email character varying(254) NOT NULL,
    is_staff boolean NOT NULL,
    is_active boolean NOT NULL,
    date_joined timestamp with time zone NOT NULL
);


ALTER TABLE public.auth_user OWNER TO django;

--
-- Name: auth_user_groups; Type: TABLE; Schema: public; Owner: django
--

CREATE TABLE public.auth_user_groups (
    id bigint NOT NULL,
    user_id integer NOT NULL,
    group_id integer NOT NULL
);


ALTER TABLE public.auth_user_groups OWNER TO django;

--
-- Name: auth_user_groups_id_seq; Type: SEQUENCE; Schema: public; Owner: django
--

ALTER TABLE public.auth_user_groups ALTER COLUMN id ADD GENERATED BY DEFAULT AS IDENTITY (
    SEQUENCE NAME public.auth_user_groups_id_seq
    START WITH 1
    INCREMENT BY 1
    NO MINVALUE
    NO MAXVALUE
    CACHE 1
);


--
-- Name: auth_user_id_seq; Type: SEQUENCE; Schema: public; Owner: django
--

ALTER TABLE public.auth_user ALTER COLUMN id ADD GENERATED BY DEFAULT AS IDENTITY (
    SEQUENCE NAME public.auth_user_id_seq
    START WITH 1
    INCREMENT BY 1
    NO MINVALUE
    NO MAXVALUE
    CACHE 1
);


--
-- Name: auth_user_user_permissions; Type: TABLE; Schema: public; Owner: django
--

CREATE TABLE public.auth_user_user_permissions (
    id bigint NOT NULL,
    user_id integer NOT NULL,
    permission_id integer NOT NULL
);


ALTER TABLE public.auth_user_user_permissions OWNER TO django;

--
-- Name: auth_user_user_permissions_id_seq; Type: SEQUENCE; Schema: public; Owner: django
--

ALTER TABLE public.auth_user_user_permissions ALTER COLUMN id ADD GENERATED BY DEFAULT AS IDENTITY (
    SEQUENCE NAME public.auth_user_user_permissions_id_seq
    START WITH 1
    INCREMENT BY 1
    NO MINVALUE
    NO MAXVALUE
    CACHE 1
);


--
-- Name: django_admin_log; Type: TABLE; Schema: public; Owner: django
--

CREATE TABLE public.django_admin_log (
    id integer NOT NULL,
    action_time timestamp with time zone NOT NULL,
    object_id text,
    object_repr character varying(200) NOT NULL,
    action_flag smallint NOT NULL,
    change_message text NOT NULL,
    content_type_id integer,
    user_id integer NOT NULL,
    CONSTRAINT django_admin_log_action_flag_check CHECK ((action_flag >= 0))
);


ALTER TABLE public.django_admin_log OWNER TO django;

--
-- Name: django_admin_log_id_seq; Type: SEQUENCE; Schema: public; Owner: django
--

ALTER TABLE public.django_admin_log ALTER COLUMN id ADD GENERATED BY DEFAULT AS IDENTITY (
    SEQUENCE NAME public.django_admin_log_id_seq
    START WITH 1
    INCREMENT BY 1
    NO MINVALUE
    NO MAXVALUE
    CACHE 1
);


--
-- Name: django_content_type; Type: TABLE; Schema: public; Owner: django
--

CREATE TABLE public.django_content_type (
    id integer NOT NULL,
    app_label character varying(100) NOT NULL,
    model character varying(100) NOT NULL
);


ALTER TABLE public.django_content_type OWNER TO django;

--
-- Name: django_content_type_id_seq; Type: SEQUENCE; Schema: public; Owner: django
--

ALTER TABLE public.django_content_type ALTER COLUMN id ADD GENERATED BY DEFAULT AS IDENTITY (
    SEQUENCE NAME public.django_content_type_id_seq
    START WITH 1
    INCREMENT BY 1
    NO MINVALUE
    NO MAXVALUE
    CACHE 1
);


--
-- Name: django_migrations; Type: TABLE; Schema: public; Owner: django
--

CREATE TABLE public.django_migrations (
    id bigint NOT NULL,
    app character varying(255) NOT NULL,
    name character varying(255) NOT NULL,
    applied timestamp with time zone NOT NULL
);


ALTER TABLE public.django_migrations OWNER TO django;

--
-- Name: django_migrations_id_seq; Type: SEQUENCE; Schema: public; Owner: django
--

ALTER TABLE public.django_migrations ALTER COLUMN id ADD GENERATED BY DEFAULT AS IDENTITY (
    SEQUENCE NAME public.django_migrations_id_seq
    START WITH 1
    INCREMENT BY 1
    NO MINVALUE
    NO MAXVALUE
    CACHE 1
);


--
-- Name: django_session; Type: TABLE; Schema: public; Owner: django
--

CREATE TABLE public.django_session (
    session_key character varying(40) NOT NULL,
    session_data text NOT NULL,
    expire_date timestamp with time zone NOT NULL
);


ALTER TABLE public.django_session OWNER TO django;

--
-- Name: studentform_career; Type: TABLE; Schema: public; Owner: django
--

CREATE TABLE public.studentform_career (
    "idCareer" integer NOT NULL,
    code_name character varying(5) NOT NULL,
    name character varying(100) NOT NULL,
    needed_credits smallint NOT NULL,
    semesters smallint NOT NULL,
    CONSTRAINT studentform_career_needed_credits_check CHECK ((needed_credits >= 0)),
    CONSTRAINT studentform_career_semesters_check CHECK ((semesters >= 0))
);


ALTER TABLE public.studentform_career OWNER TO django;

--
-- Name: studentform_career_idCareer_seq; Type: SEQUENCE; Schema: public; Owner: django
--

ALTER TABLE public.studentform_career ALTER COLUMN "idCareer" ADD GENERATED BY DEFAULT AS IDENTITY (
    SEQUENCE NAME public."studentform_career_idCareer_seq"
    START WITH 1
    INCREMENT BY 1
    NO MINVALUE
    NO MAXVALUE
    CACHE 1
);


--
-- Name: studentform_contact; Type: TABLE; Schema: public; Owner: django
--

CREATE TABLE public.studentform_contact (
    "idContact" bigint NOT NULL,
    phone character varying(25) NOT NULL,
    email character varying(254) NOT NULL,
    udg_email character varying(254) NOT NULL,
    emergency_phone character varying(25) NOT NULL,
    url_socialnet character varying(200),
    "idStudent_id" bigint NOT NULL,
    company character varying(50),
    "position" character varying(50)
);


ALTER TABLE public.studentform_contact OWNER TO django;

--
-- Name: studentform_contact_contact_id_seq; Type: SEQUENCE; Schema: public; Owner: django
--

ALTER TABLE public.studentform_contact ALTER COLUMN "idContact" ADD GENERATED BY DEFAULT AS IDENTITY (
    SEQUENCE NAME public.studentform_contact_contact_id_seq
    START WITH 1
    INCREMENT BY 1
    NO MINVALUE
    NO MAXVALUE
    CACHE 1
);


--
-- Name: studentform_school_cycle; Type: TABLE; Schema: public; Owner: django
--

CREATE TABLE public.studentform_school_cycle (
    "idCycle" integer NOT NULL,
    cycle_period character varying(1) NOT NULL,
    end_date date NOT NULL,
    start_date date NOT NULL,
    year character varying(5) NOT NULL
);


ALTER TABLE public.studentform_school_cycle OWNER TO django;

--
-- Name: studentform_school_cycle_cycle_id_seq; Type: SEQUENCE; Schema: public; Owner: django
--

ALTER TABLE public.studentform_school_cycle ALTER COLUMN "idCycle" ADD GENERATED BY DEFAULT AS IDENTITY (
    SEQUENCE NAME public.studentform_school_cycle_cycle_id_seq
    START WITH 1
    INCREMENT BY 1
    NO MINVALUE
    NO MAXVALUE
    CACHE 1
);


--
-- Name: studentform_status; Type: TABLE; Schema: public; Owner: django
--

CREATE TABLE public.studentform_status (
    "idStatus" integer NOT NULL,
    code_name character varying(3) NOT NULL,
    status character varying(40) NOT NULL
);


ALTER TABLE public.studentform_status OWNER TO django;

--
-- Name: studentform_status_idStatus_seq; Type: SEQUENCE; Schema: public; Owner: django
--

ALTER TABLE public.studentform_status ALTER COLUMN "idStatus" ADD GENERATED BY DEFAULT AS IDENTITY (
    SEQUENCE NAME public."studentform_status_idStatus_seq"
    START WITH 1
    INCREMENT BY 1
    NO MINVALUE
    NO MAXVALUE
    CACHE 1
);


--
-- Name: studentform_student; Type: TABLE; Schema: public; Owner: django
--

CREATE TABLE public.studentform_student (
    "idStudent" bigint NOT NULL,
    code character varying(9) NOT NULL,
    name character varying(50) NOT NULL,
    status_id integer NOT NULL,
    admission_cycle_id integer NOT NULL,
    first_last_name character varying(30) NOT NULL,
    last_cycle_id integer NOT NULL,
    second_last_name character varying(30) NOT NULL,
    "idCareer_id" integer NOT NULL,
    exchange boolean NOT NULL
);


ALTER TABLE public.studentform_student OWNER TO django;

--
-- Name: studentform_student_student_id_seq; Type: SEQUENCE; Schema: public; Owner: django
--

ALTER TABLE public.studentform_student ALTER COLUMN "idStudent" ADD GENERATED BY DEFAULT AS IDENTITY (
    SEQUENCE NAME public.studentform_student_student_id_seq
    START WITH 1
    INCREMENT BY 1
    NO MINVALUE
    NO MAXVALUE
    CACHE 1
);


--
-- Name: studenthistory_careersubject; Type: TABLE; Schema: public; Owner: django
--

CREATE TABLE public.studenthistory_careersubject (
    id bigint NOT NULL,
    career_id integer NOT NULL,
    subject_id integer NOT NULL
);


ALTER TABLE public.studenthistory_careersubject OWNER TO django;

--
-- Name: studenthistory_careersubject_id_seq; Type: SEQUENCE; Schema: public; Owner: django
--

ALTER TABLE public.studenthistory_careersubject ALTER COLUMN id ADD GENERATED BY DEFAULT AS IDENTITY (
    SEQUENCE NAME public.studenthistory_careersubject_id_seq
    START WITH 1
    INCREMENT BY 1
    NO MINVALUE
    NO MAXVALUE
    CACHE 1
);


--
-- Name: studenthistory_course; Type: TABLE; Schema: public; Owner: django
--

CREATE TABLE public.studenthistory_course (
    "idCourse" integer NOT NULL,
    grade character varying(5) NOT NULL,
    upload_date date NOT NULL,
    grade_period_id integer NOT NULL,
    school_cycle_id integer NOT NULL,
    section_id integer NOT NULL,
    student_id bigint NOT NULL
);


ALTER TABLE public.studenthistory_course OWNER TO django;

--
-- Name: studenthistory_course_idCourse_seq; Type: SEQUENCE; Schema: public; Owner: django
--

ALTER TABLE public.studenthistory_course ALTER COLUMN "idCourse" ADD GENERATED BY DEFAULT AS IDENTITY (
    SEQUENCE NAME public."studenthistory_course_idCourse_seq"
    START WITH 1
    INCREMENT BY 1
    NO MINVALUE
    NO MAXVALUE
    CACHE 1
);


--
-- Name: studenthistory_gradeperiod; Type: TABLE; Schema: public; Owner: django
--

CREATE TABLE public.studenthistory_gradeperiod (
    "idGradePeriod" integer NOT NULL,
    code_name character varying(3) NOT NULL,
    grade_period character varying(30) NOT NULL
);


ALTER TABLE public.studenthistory_gradeperiod OWNER TO django;

--
-- Name: studenthistory_gradeperiod_idGradePeriod_seq; Type: SEQUENCE; Schema: public; Owner: django
--

ALTER TABLE public.studenthistory_gradeperiod ALTER COLUMN "idGradePeriod" ADD GENERATED BY DEFAULT AS IDENTITY (
    SEQUENCE NAME public."studenthistory_gradeperiod_idGradePeriod_seq"
    START WITH 1
    INCREMENT BY 1
    NO MINVALUE
    NO MAXVALUE
    CACHE 1
);


--
-- Name: studenthistory_section; Type: TABLE; Schema: public; Owner: django
--

CREATE TABLE public.studenthistory_section (
    "idSection" integer NOT NULL,
    nrc character varying(15) NOT NULL,
    section character varying(5) NOT NULL,
    subject_id integer NOT NULL
);


ALTER TABLE public.studenthistory_section OWNER TO django;

--
-- Name: studenthistory_section_idSection_seq; Type: SEQUENCE; Schema: public; Owner: django
--

ALTER TABLE public.studenthistory_section ALTER COLUMN "idSection" ADD GENERATED BY DEFAULT AS IDENTITY (
    SEQUENCE NAME public."studenthistory_section_idSection_seq"
    START WITH 1
    INCREMENT BY 1
    NO MINVALUE
    NO MAXVALUE
    CACHE 1
);


--
-- Name: studenthistory_subject; Type: TABLE; Schema: public; Owner: django
--

CREATE TABLE public.studenthistory_subject (
    "idSubject" integer NOT NULL,
    key_subject character varying(7) NOT NULL,
    name character varying(80) NOT NULL,
    credits smallint NOT NULL,
    has_extraordinary boolean NOT NULL,
    CONSTRAINT studenthistory_subject_credits_check CHECK ((credits >= 0))
);


ALTER TABLE public.studenthistory_subject OWNER TO django;

--
-- Name: studenthistory_subject_idSubject_seq; Type: SEQUENCE; Schema: public; Owner: django
--

ALTER TABLE public.studenthistory_subject ALTER COLUMN "idSubject" ADD GENERATED BY DEFAULT AS IDENTITY (
    SEQUENCE NAME public."studenthistory_subject_idSubject_seq"
    START WITH 1
    INCREMENT BY 1
    NO MINVALUE
    NO MAXVALUE
    CACHE 1
);


--
-- Data for Name: auth_group; Type: TABLE DATA; Schema: public; Owner: django
--

COPY public.auth_group (id, name) FROM stdin;
\.


--
-- Data for Name: auth_group_permissions; Type: TABLE DATA; Schema: public; Owner: django
--

COPY public.auth_group_permissions (id, group_id, permission_id) FROM stdin;
\.


--
-- Data for Name: auth_permission; Type: TABLE DATA; Schema: public; Owner: django
--

COPY public.auth_permission (id, name, content_type_id, codename) FROM stdin;
1	Can add log entry	1	add_logentry
2	Can change log entry	1	change_logentry
3	Can delete log entry	1	delete_logentry
4	Can view log entry	1	view_logentry
5	Can add permission	2	add_permission
6	Can change permission	2	change_permission
7	Can delete permission	2	delete_permission
8	Can view permission	2	view_permission
9	Can add group	3	add_group
10	Can change group	3	change_group
11	Can delete group	3	delete_group
12	Can view group	3	view_group
13	Can add user	4	add_user
14	Can change user	4	change_user
15	Can delete user	4	delete_user
16	Can view user	4	view_user
17	Can add content type	5	add_contenttype
18	Can change content type	5	change_contenttype
19	Can delete content type	5	delete_contenttype
20	Can view content type	5	view_contenttype
21	Can add session	6	add_session
22	Can change session	6	change_session
23	Can delete session	6	delete_session
24	Can view session	6	view_session
25	Can add school_ cycle	7	add_school_cycle
26	Can change school_ cycle	7	change_school_cycle
27	Can delete school_ cycle	7	delete_school_cycle
28	Can view school_ cycle	7	view_school_cycle
29	Can add student	8	add_student
30	Can change student	8	change_student
31	Can delete student	8	delete_student
32	Can view student	8	view_student
33	Can add contact	9	add_contact
34	Can change contact	9	change_contact
35	Can delete contact	9	delete_contact
36	Can view contact	9	view_contact
37	Can add career	10	add_career
38	Can change career	10	change_career
39	Can delete career	10	delete_career
40	Can view career	10	view_career
41	Can add status	11	add_status
42	Can change status	11	change_status
43	Can delete status	11	delete_status
44	Can view status	11	view_status
45	Can add subject	12	add_subject
46	Can change subject	12	change_subject
47	Can delete subject	12	delete_subject
48	Can view subject	12	view_subject
49	Can add career subject	13	add_careersubject
50	Can change career subject	13	change_careersubject
51	Can delete career subject	13	delete_careersubject
52	Can view career subject	13	view_careersubject
53	Can add grade period	14	add_gradeperiod
54	Can change grade period	14	change_gradeperiod
55	Can delete grade period	14	delete_gradeperiod
56	Can view grade period	14	view_gradeperiod
57	Can add course	15	add_course
58	Can change course	15	change_course
59	Can delete course	15	delete_course
60	Can view course	15	view_course
61	Can add section	16	add_section
62	Can change section	16	change_section
63	Can delete section	16	delete_section
64	Can view section	16	view_section
\.


--
-- Data for Name: auth_user; Type: TABLE DATA; Schema: public; Owner: django
--

COPY public.auth_user (id, password, last_login, is_superuser, username, first_name, last_name, email, is_staff, is_active, date_joined) FROM stdin;
1	pbkdf2_sha256$600000$jEO903YbYYy2DSrCR2fdXx$sOWEPqglPJeC6u1wTerd8OW5Wttwgjp/jTzPtJijdow=	2023-12-05 15:35:00.444548+01	t	admin			admin@test.com	t	t	2023-10-31 16:47:29.434989+01
\.


--
-- Data for Name: auth_user_groups; Type: TABLE DATA; Schema: public; Owner: django
--

COPY public.auth_user_groups (id, user_id, group_id) FROM stdin;
\.


--
-- Data for Name: auth_user_user_permissions; Type: TABLE DATA; Schema: public; Owner: django
--

COPY public.auth_user_user_permissions (id, user_id, permission_id) FROM stdin;
\.


--
-- Data for Name: django_admin_log; Type: TABLE DATA; Schema: public; Owner: django
--

COPY public.django_admin_log (id, action_time, object_id, object_repr, action_flag, change_message, content_type_id, user_id) FROM stdin;
1	2023-10-31 16:48:13.952385+01	1	2023A	1	[{"added": {}}]	7	1
2	2023-10-31 16:48:14.107571+01	2	2023A	1	[{"added": {}}]	7	1
3	2023-10-31 16:48:39.002774+01	1	2023B	2	[{"changed": {"fields": ["Cycle period", "Start date", "End date"]}}]	7	1
4	2023-11-01 14:31:19.941205+01	1	INCO	1	[{"added": {}}]	10	1
5	2023-11-01 14:44:00.568614+01	1	AC	1	[{"added": {}}]	11	1
6	2023-11-01 14:44:09.368064+01	2	IN	1	[{"added": {}}]	11	1
7	2023-11-01 14:44:38.59351+01	3	GD	1	[{"added": {}}]	11	1
8	2023-11-01 14:45:05.604032+01	4	TT	1	[{"added": {}}]	11	1
9	2023-11-01 14:45:51.028929+01	5	BC	1	[{"added": {}}]	11	1
10	2023-11-01 14:46:32.576239+01	6	B4	1	[{"added": {}}]	11	1
11	2023-11-01 14:46:42.270229+01	7	B5	1	[{"added": {}}]	11	1
12	2023-11-01 14:51:32.205805+01	1	Manuel Gerardo	1	[{"added": {}}]	8	1
13	2023-11-01 15:23:50.099903+01	2	Hernandez	1	[{"added": {}}]	8	1
14	2023-11-06 16:30:03.8523+01	3	Israel Huerta	1	[{"added": {}}]	8	1
15	2023-11-07 13:54:45.577641+01	4	Gebara	1	[{"added": {}}]	8	1
16	2023-11-09 15:22:52.259208+01	1	INCO	2	[]	10	1
17	2023-11-21 15:32:21.937323+01	2	OE	1	[{"added": {}}]	14	1
18	2023-11-21 15:33:22.789863+01	3	EXTRAORDINARIO (E)	1	[{"added": {}}]	14	1
19	2023-11-21 15:42:11.827692+01	1	ALGORITMIA	1	[{"added": {}}]	12	1
20	2023-11-21 15:42:18.40829+01	1	ALGORITMIA	2	[]	12	1
21	2023-11-21 15:45:53.599402+01	2	I7022 - FUNDAMENTOS FILOSOFICOS DE LA COMPUTACION	1	[{"added": {}}]	12	1
22	2023-11-21 15:46:15.221495+01	3	I6123 - INTRODUCCION A LA FISICA	1	[{"added": {}}]	12	1
23	2023-11-21 15:46:40.41987+01	4	I5892 - MATEMATICA DISCRETA	1	[{"added": {}}]	12	1
24	2023-11-21 15:46:59.844003+01	5	I5893 - METODOS MATEMATICOS I	1	[{"added": {}}]	12	1
25	2023-11-21 15:47:27.812568+01	6	I5894 - SEMINARIO DE SOLUCION DE PROBLEMAS DE METODOS MATE	1	[{"added": {}}]	12	1
26	2023-11-21 15:47:55.733316+01	7	I5882 - PROGRAMACION	1	[{"added": {}}]	12	1
27	2023-11-21 15:48:03.414164+01	8	I7023 - ARQUITECTURA DE COMPUTADORAS	1	[{"added": {}}]	12	1
28	2023-11-21 15:49:18.495693+01	9	I5895 - METODOS MATEMATICOS II	1	[{"added": {}}]	12	1
29	2023-11-22 13:47:34.821594+01	1	D01	1	[{"added": {}}]	16	1
30	2023-11-22 13:47:55.744929+01	2	D03	1	[{"added": {}}]	16	1
31	2023-11-22 13:48:08.017558+01	3	D03	1	[{"added": {}}]	16	1
32	2023-11-22 13:48:25.443726+01	4	D07	1	[{"added": {}}]	16	1
33	2023-11-22 13:48:45.773369+01	5	D02	1	[{"added": {}}]	16	1
34	2023-11-22 13:48:59.091783+01	6	D09	1	[{"added": {}}]	16	1
35	2023-11-22 13:49:20.589131+01	1	CareerSubject object (1)	1	[{"added": {}}]	13	1
36	2023-11-22 13:49:27.069086+01	2	CareerSubject object (2)	1	[{"added": {}}]	13	1
37	2023-11-22 13:49:34.116793+01	3	CareerSubject object (3)	1	[{"added": {}}]	13	1
38	2023-11-22 13:49:39.629412+01	4	CareerSubject object (4)	1	[{"added": {}}]	13	1
39	2023-11-22 13:49:46.193521+01	5	CareerSubject object (5)	1	[{"added": {}}]	13	1
40	2023-11-22 13:49:51.4491+01	6	CareerSubject object (6)	1	[{"added": {}}]	13	1
41	2023-11-22 13:50:00.91196+01	7	CareerSubject object (7)	1	[{"added": {}}]	13	1
42	2023-11-22 13:50:06.49707+01	8	CareerSubject object (8)	1	[{"added": {}}]	13	1
43	2023-11-22 13:50:12.262259+01	9	CareerSubject object (9)	1	[{"added": {}}]	13	1
44	2023-11-22 13:51:55.83369+01	1	2023A - D01	1	[{"added": {}}]	15	1
45	2023-11-22 13:52:59.894655+01	2	2023A - D03 - I7022 - FUNDAMENTOS FILOSOFICOS DE LA COMPUTACION	1	[{"added": {}}]	15	1
46	2023-11-22 13:53:18.869839+01	3	2023B - D07 - I6123 - INTRODUCCION A LA FISICA	1	[{"added": {}}]	15	1
47	2023-11-22 13:53:38.290083+01	4	2023B - D02 - I5882 - PROGRAMACION	1	[{"added": {}}]	15	1
48	2023-11-22 13:54:06.978348+01	5	2023B - D09 - I7023 - ARQUITECTURA DE COMPUTADORAS	1	[{"added": {}}]	15	1
49	2023-11-22 14:03:30.644344+01	1	2023A - D01 - I5884 - ALGORITMIA	2	[]	15	1
50	2023-11-22 14:03:34.899318+01	2	2023A - D03 - I7022 - FUNDAMENTOS FILOSOFICOS DE LA COMPUTACION	2	[]	15	1
51	2023-11-22 14:03:51.422969+01	3	2023B - D07 - I6123 - INTRODUCCION A LA FISICA	2	[]	15	1
52	2023-11-22 14:04:15.412041+01	6	2023B - D07 - I6123 - INTRODUCCION A LA FISICA	1	[{"added": {}}]	15	1
53	2023-11-23 14:57:08.446607+01	7	2023B - D03 - I5884 - ALGORITMIA	1	[{"added": {}}]	15	1
54	2023-11-23 14:57:45.029546+01	8	2023B - D03 - I7022 - FUNDAMENTOS FILOSOFICOS DE LA COMPUTACION	1	[{"added": {}}]	15	1
55	2023-11-23 14:58:02.941023+01	9	2023B - D07 - I6123 - INTRODUCCION A LA FISICA	1	[{"added": {}}]	15	1
56	2023-11-23 14:58:24.271367+01	10	2023B - D02 - I5882 - PROGRAMACION	1	[{"added": {}}]	15	1
57	2023-11-23 14:58:50.052273+01	11	2023B - D03 - I7022 - FUNDAMENTOS FILOSOFICOS DE LA COMPUTACION	1	[{"added": {}}]	15	1
58	2023-11-23 15:21:42.252268+01	6	2023B - D07 - I6123 - INTRODUCCION A LA FISICA	2	[]	15	1
59	2023-11-24 13:56:02.587076+01	3	2022A	1	[{"added": {}}]	7	1
60	2023-11-24 13:57:02.490733+01	4	2022B	1	[{"added": {}}]	7	1
61	2023-11-24 13:59:23.97066+01	12	2022A - D01 - I5884 - ALGORITMIA	1	[{"added": {}}]	15	1
62	2023-11-24 13:59:57.8916+01	13	2022A - D01 - I5884 - ALGORITMIA	1	[{"added": {}}]	15	1
63	2023-11-24 14:00:19.167664+01	14	2022A - D02 - I5882 - PROGRAMACION	1	[{"added": {}}]	15	1
64	2023-11-24 14:01:17.160386+01	15	2022B - D03 - I5884 - ALGORITMIA	1	[{"added": {}}]	15	1
65	2023-11-24 14:01:56.519747+01	16	2022B - D03 - I5884 - ALGORITMIA	1	[{"added": {}}]	15	1
66	2023-11-24 14:02:47.522309+01	17	2022B - D07 - I6123 - INTRODUCCION A LA FISICA	1	[{"added": {}}]	15	1
67	2023-11-24 14:03:04.760572+01	18	2022B - D07 - I6123 - INTRODUCCION A LA FISICA	1	[{"added": {}}]	15	1
68	2023-11-24 14:27:51.638537+01	2	Hernandez	2	[{"changed": {"fields": ["Admission cycle"]}}]	8	1
69	2023-11-27 12:42:29.980882+01	9	I5895 - METODOS MATEMATICOS II	2	[]	12	1
70	2023-11-27 12:42:42.003066+01	9	I5895 - METODOS MATEMATICOS II	2	[]	12	1
71	2023-11-27 12:42:55.652301+01	6	I5894 - SEMINARIO DE SOLUCION DE PROBLEMAS DE METODOS MATE	2	[{"changed": {"fields": ["Has extraordinary"]}}]	12	1
72	2023-11-27 12:43:01.4763+01	6	I5894 - SEMINARIO DE SOLUCION DE PROBLEMAS DE METODOS MATE	2	[]	12	1
73	2023-11-27 12:54:58.086371+01	6	I5894 - SEMINARIO DE SOLUCION DE PROBLEMAS DE METODOS MATEMATICOS I	2	[{"changed": {"fields": ["Name"]}}]	12	1
74	2023-11-27 12:57:35.756219+01	6	I5894 - SEMINARIO DE SOLUCION DE PROBLEMAS DE METODOS MATEMATICOS I	2	[]	12	1
75	2023-11-27 12:57:41.291631+01	4	I5892 - MATEMATICA DISCRETA	2	[]	12	1
76	2023-11-28 15:55:19.821241+01	18	2022B - D07 - I6123 - INTRODUCCION A LA FISICA	3		15	1
77	2023-11-28 15:58:50.198706+01	19	2022B - D03 - I7022 - FUNDAMENTOS FILOSOFICOS DE LA COMPUTACION	1	[{"added": {}}]	15	1
78	2023-11-28 15:59:03.548642+01	19	2022B - D07 - I6123 - INTRODUCCION A LA FISICA	2	[{"changed": {"fields": ["Section"]}}]	15	1
79	2023-11-28 16:01:21.038164+01	16	2022B - D03 - I5884 - ALGORITMIA	3		15	1
80	2023-11-28 16:03:16.546994+01	20	2022B - D03 - I5884 - ALGORITMIA	1	[{"added": {}}]	15	1
81	2023-11-28 16:04:27.059374+01	13	2022A - D01 - I5884 - ALGORITMIA	3		15	1
82	2023-11-28 16:05:22.556936+01	20	2022B - D03 - I5884 - ALGORITMIA	3		15	1
83	2023-11-28 16:13:13.649586+01	21	2022A - D01 - I5884 - ALGORITMIA - Hernandez Castro Mercado	1	[{"added": {}}]	15	1
84	2023-11-28 16:14:48.631546+01	22	2022B - D03 - I5884 - ALGORITMIA - Hernandez Castro Mercado	1	[{"added": {}}]	15	1
85	2023-11-28 16:15:40.505672+01	21	2022A - D01 - I5884 - ALGORITMIA - Hernandez Castro Mercado	3		15	1
86	2023-11-29 15:59:29.388104+01	7	D01 - I5894 - SEMINARIO DE SOLUCION DE PROBLEMAS DE METODOS MATEMATICOS I	1	[{"added": {}}]	16	1
87	2023-11-29 16:00:06.363582+01	23	2022A - D01 - I5894 - SEMINARIO DE SOLUCION DE PROBLEMAS DE METODOS MATEMATICOS I - Hernandez Castro Mercado	1	[{"added": {}}]	15	1
88	2023-11-29 16:02:45.670372+01	24	2022B - D01 - I5894 - SEMINARIO DE SOLUCION DE PROBLEMAS DE METODOS MATEMATICOS I - Hernandez Castro Mercado	1	[{"added": {}}]	15	1
89	2023-11-29 16:06:45.846568+01	22	2022B - D03 - I5884 - ALGORITMIA - Hernandez Castro Mercado	3		15	1
90	2023-11-29 16:06:59.504125+01	15	2022B - D03 - I5884 - ALGORITMIA - Hernandez Castro Mercado	3		15	1
91	2023-11-29 16:13:50.180783+01	25	2023A - D01 - I5884 - ALGORITMIA - Hernandez Castro Mercado	1	[{"added": {}}]	15	1
92	2023-11-29 16:21:52.066325+01	26	2022B - D03 - I5884 - ALGORITMIA - Hernandez Castro Mercado	1	[{"added": {}}]	15	1
93	2023-11-29 16:22:26.850506+01	27	2022B - D03 - I5884 - ALGORITMIA - Hernandez Castro Mercado	1	[{"added": {}}]	15	1
94	2023-11-29 16:23:43.053101+01	28	2023A - D01 - I5894 - SEMINARIO DE SOLUCION DE PROBLEMAS DE METODOS MATEMATICOS I - Hernandez Castro Mercado	1	[{"added": {}}]	15	1
95	2023-11-29 16:32:59.284725+01	28	2023A - D01 - I5894 - SEMINARIO DE SOLUCION DE PROBLEMAS DE METODOS MATEMATICOS I - Hernandez Castro Mercado	3		15	1
96	2023-12-01 14:29:34.401973+01	2	INDU	1	[{"added": {}}]	10	1
97	2023-12-01 14:29:39.792833+01	2	INDU	2	[]	10	1
98	2023-12-01 14:35:13.684831+01	2	INDU	2	[{"changed": {"fields": ["Needed credits"]}}]	10	1
99	2023-12-01 14:38:48.244083+01	10	I7365 - PSICOLOGÍA INDUSTRIAL	1	[{"added": {}}]	12	1
100	2023-12-01 14:39:26.686218+01	11	I7367 - TALLER DE REDACCIÓN TÉCNICA	1	[{"added": {}}]	12	1
101	2023-12-01 14:40:12.40096+01	12	I7356 - QUÍMICA BÁSICA	1	[{"added": {}}]	12	1
102	2023-12-01 14:40:50.186592+01	13	I7391 - DISEÑO ASISTIDO POR COMPUTADORA	1	[{"added": {}}]	12	1
103	2023-12-01 14:41:22.863941+01	14	I7393 - GESTIÓN AMBIENTAL	1	[{"added": {}}]	12	1
104	2023-12-01 14:41:43.319518+01	15	I7370 - ADMINISTRACIÓN	1	[{"added": {}}]	12	1
105	2023-12-01 14:42:13.35333+01	16	I7340 - INTRODUCCIÓN A LA INGENIERÍA INDUSTRIAL	1	[{"added": {}}]	12	1
106	2023-12-01 14:42:37.105176+01	17	I7344 - CÁLCULO DIFERENCIAL	1	[{"added": {}}]	12	1
107	2023-12-01 14:42:58.680517+01	18	I7349 - INTRODUCCIÓN A LAS MATEMÁTICAS DISCRETAS	1	[{"added": {}}]	12	1
108	2023-12-01 14:43:17.135944+01	10	CareerSubject object (10)	1	[{"added": {}}]	13	1
109	2023-12-01 14:43:25.025872+01	11	CareerSubject object (11)	1	[{"added": {}}]	13	1
110	2023-12-01 14:43:33.815295+01	12	CareerSubject object (12)	1	[{"added": {}}]	13	1
111	2023-12-01 14:43:42.241049+01	13	CareerSubject object (13)	1	[{"added": {}}]	13	1
112	2023-12-01 14:43:50.903683+01	14	CareerSubject object (14)	1	[{"added": {}}]	13	1
113	2023-12-01 14:43:58.233648+01	15	CareerSubject object (15)	1	[{"added": {}}]	13	1
114	2023-12-01 14:44:21.354001+01	16	CareerSubject object (16)	1	[{"added": {}}]	13	1
115	2023-12-01 14:44:29.899841+01	17	CareerSubject object (17)	1	[{"added": {}}]	13	1
116	2023-12-01 14:44:35.455367+01	18	CareerSubject object (18)	1	[{"added": {}}]	13	1
117	2023-12-05 13:34:09.684714+01	29	2023A - D01 - I5894 - SEMINARIO DE SOLUCION DE PROBLEMAS DE METODOS MATEMATICOS I - Hernandez Castro Mercado	1	[{"added": {}}]	15	1
118	2023-12-05 13:34:50.459226+01	29	2023A - D01 - I5894 - SEMINARIO DE SOLUCION DE PROBLEMAS DE METODOS MATEMATICOS I - Hernandez Castro Mercado	3		15	1
119	2023-12-05 13:39:44.621832+01	2	Hernandez Castro Mercado	2	[{"changed": {"fields": ["Status", "Exchange"]}}]	8	1
120	2023-12-05 13:41:06.612403+01	2	Hernandez Castro Mercado	2	[{"changed": {"fields": ["Status"]}}]	8	1
121	2023-12-05 13:41:35.467033+01	2	Hernandez Castro Mercado	2	[{"changed": {"fields": ["Status"]}}]	8	1
122	2023-12-05 15:35:17.396253+01	27	2022B - D03 - I5884 - ALGORITMIA - Hernandez Castro Mercado	3		15	1
123	2023-12-05 15:36:35.955831+01	25	2023A - D01 - I5884 - ALGORITMIA - Hernandez Castro Mercado	3		15	1
124	2023-12-06 13:04:04.119747+01	4	Gebara Zandivar Ortega	2	[{"changed": {"fields": ["Status", "Admission cycle"]}}]	8	1
125	2023-12-06 13:04:54.79075+01	30	2022A - D03 - I7022 - FUNDAMENTOS FILOSOFICOS DE LA COMPUTACION - Gebara Zandivar Ortega	1	[{"added": {}}]	15	1
126	2023-12-06 13:05:18.428869+01	31	2022A - D01 - I5894 - SEMINARIO DE SOLUCION DE PROBLEMAS DE METODOS MATEMATICOS I - Gebara Zandivar Ortega	1	[{"added": {}}]	15	1
127	2023-12-06 13:05:39.767809+01	32	2022A - D07 - I6123 - INTRODUCCION A LA FISICA - Gebara Zandivar Ortega	1	[{"added": {}}]	15	1
128	2023-12-06 13:06:56.216797+01	33	2023A - D01 - I5884 - ALGORITMIA - Gebara Zandivar Ortega	1	[{"added": {}}]	15	1
129	2023-12-06 13:08:52.94337+01	34	2022B - D07 - I6123 - INTRODUCCION A LA FISICA - Gebara Zandivar Ortega	1	[{"added": {}}]	15	1
130	2023-12-06 13:09:32.417694+01	35	2022B - D07 - I6123 - INTRODUCCION A LA FISICA - Gebara Zandivar Ortega	1	[{"added": {}}]	15	1
131	2023-12-06 13:10:13.193726+01	36	2023A - D01 - I5894 - SEMINARIO DE SOLUCION DE PROBLEMAS DE METODOS MATEMATICOS I - Gebara Zandivar Ortega	1	[{"added": {}}]	15	1
132	2023-12-06 13:11:15.886543+01	37	2023A - D07 - I6123 - INTRODUCCION A LA FISICA - Gebara Zandivar Ortega	1	[{"added": {}}]	15	1
133	2023-12-06 13:11:39.942328+01	37	2023A - D07 - I6123 - INTRODUCCION A LA FISICA - Gebara Zandivar Ortega	2	[{"changed": {"fields": ["Grade"]}}]	15	1
134	2023-12-06 13:12:03.57002+01	38	2023A - D07 - I6123 - INTRODUCCION A LA FISICA - Gebara Zandivar Ortega	1	[{"added": {}}]	15	1
135	2023-12-06 13:14:28.270506+01	19	PRACT - PRACTICAS PROFESIONALES	1	[{"added": {}}]	12	1
136	2023-12-06 13:15:47.943739+01	8	D01 - PRACT - PRACTICAS PROFESIONALES	1	[{"added": {}}]	16	1
137	2023-12-06 13:18:10.886408+01	39	2023A - D01 - PRACT - PRACTICAS PROFESIONALES - Gebara Zandivar Ortega	1	[{"added": {}}]	15	1
138	2023-12-06 15:25:36.253049+01	38	2023A - D07 - I6123 - INTRODUCCION A LA FISICA - Gebara Zandivar Ortega	2	[{"changed": {"fields": ["Grade"]}}]	15	1
139	2023-12-06 15:30:59.157006+01	38	2023A - D07 - I6123 - INTRODUCCION A LA FISICA - Gebara Zandivar Ortega	2	[{"changed": {"fields": ["Grade"]}}]	15	1
140	2023-12-06 15:34:11.449727+01	38	2023A - D07 - I6123 - INTRODUCCION A LA FISICA - Gebara Zandivar Ortega	2	[{"changed": {"fields": ["Grade"]}}]	15	1
141	2023-12-06 15:46:04.349575+01	40	2023B - D01 - I5894 - SEMINARIO DE SOLUCION DE PROBLEMAS DE METODOS MATEMATICOS I - Manuel Gerardo Perez Perez	1	[{"added": {}}]	15	1
142	2023-12-06 16:05:00.429796+01	40	2023B - D01 - I5894 - SEMINARIO DE SOLUCION DE PROBLEMAS DE METODOS MATEMATICOS I - Manuel Gerardo Perez Perez	2	[{"changed": {"fields": ["Grade"]}}]	15	1
143	2023-12-06 16:16:07.559751+01	3	2023B - D07 - I6123 - INTRODUCCION A LA FISICA - Manuel Gerardo Perez Perez	2	[{"changed": {"fields": ["Grade"]}}]	15	1
144	2023-12-06 16:16:44.97986+01	3	2023B - D07 - I6123 - INTRODUCCION A LA FISICA - Manuel Gerardo Perez Perez	2	[{"changed": {"fields": ["Grade"]}}]	15	1
145	2023-12-08 16:37:40.97997+01	3	GD	2	[]	11	1
146	2023-12-08 16:37:45.381591+01	4	TT	2	[]	11	1
147	2023-12-11 13:50:44.440952+01	4	Gebara Zandivar Ortega	2	[{"changed": {"fields": ["Status"]}}]	8	1
148	2023-12-11 13:53:54.402948+01	4	Gebara Zandivar Ortega	2	[{"changed": {"fields": ["Status"]}}]	8	1
149	2023-12-11 14:16:30.220197+01	4	Gebara Zandivar Ortega	2	[{"changed": {"fields": ["Status"]}}]	8	1
150	2023-12-11 14:16:46.935659+01	4	Gebara Zandivar Ortega	2	[{"changed": {"fields": ["Status"]}}]	8	1
151	2023-12-12 13:52:30.632266+01	4	Gebara Zandivar Ortega	2	[{"changed": {"fields": ["Status"]}}]	8	1
152	2023-12-12 13:53:09.194711+01	4	Gebara Zandivar Ortega	2	[{"changed": {"fields": ["Status"]}}]	8	1
153	2023-12-12 15:13:44.456546+01	4	Gebara Zandivar Ortega	2	[{"changed": {"fields": ["Status"]}}]	8	1
154	2023-12-13 13:56:01.380325+01	1	AC	2	[]	11	1
\.


--
-- Data for Name: django_content_type; Type: TABLE DATA; Schema: public; Owner: django
--

COPY public.django_content_type (id, app_label, model) FROM stdin;
1	admin	logentry
2	auth	permission
3	auth	group
4	auth	user
5	contenttypes	contenttype
6	sessions	session
7	studentform	school_cycle
8	studentform	student
9	studentform	contact
10	studentform	career
11	studentform	status
12	studenthistory	subject
13	studenthistory	careersubject
14	studenthistory	gradeperiod
15	studenthistory	course
16	studenthistory	section
\.


--
-- Data for Name: django_migrations; Type: TABLE DATA; Schema: public; Owner: django
--

COPY public.django_migrations (id, app, name, applied) FROM stdin;
1	contenttypes	0001_initial	2023-10-31 16:24:16.871624+01
2	auth	0001_initial	2023-10-31 16:24:17.042674+01
3	admin	0001_initial	2023-10-31 16:24:17.088787+01
4	admin	0002_logentry_remove_auto_add	2023-10-31 16:24:17.101665+01
5	admin	0003_logentry_add_action_flag_choices	2023-10-31 16:24:17.113592+01
6	contenttypes	0002_remove_content_type_name	2023-10-31 16:24:17.137223+01
7	auth	0002_alter_permission_name_max_length	2023-10-31 16:24:17.150903+01
8	auth	0003_alter_user_email_max_length	2023-10-31 16:24:17.16404+01
9	auth	0004_alter_user_username_opts	2023-10-31 16:24:17.175398+01
10	auth	0005_alter_user_last_login_null	2023-10-31 16:24:17.202214+01
11	auth	0006_require_contenttypes_0002	2023-10-31 16:24:17.206677+01
12	auth	0007_alter_validators_add_error_messages	2023-10-31 16:24:17.215973+01
13	auth	0008_alter_user_username_max_length	2023-10-31 16:24:17.24811+01
14	auth	0009_alter_user_last_name_max_length	2023-10-31 16:24:17.263826+01
15	auth	0010_alter_group_name_max_length	2023-10-31 16:24:17.267392+01
16	auth	0011_update_proxy_permissions	2023-10-31 16:24:17.281534+01
17	auth	0012_alter_user_first_name_max_length	2023-10-31 16:24:17.304224+01
18	sessions	0001_initial	2023-10-31 16:24:17.33179+01
19	studentform	0001_initial	2023-10-31 16:24:17.396644+01
20	studentform	0002_rename_contact_id_contact_idcontact_and_more	2023-10-31 16:24:17.440769+01
21	studentform	0003_alter_contact_emergency_phone_alter_contact_phone	2023-10-31 16:24:17.45711+01
22	studentform	0004_contact_company_contact_position	2023-10-31 16:32:08.486757+01
23	studentform	0005_remove_school_cycle_period_school_cycle_cycle_period_and_more	2023-10-31 16:40:05.479529+01
24	studentform	0006_alter_school_cycle_cycle_period_and_more	2023-10-31 16:41:30.935035+01
25	studentform	0007_career_status_student_first_last_name_and_more	2023-11-01 14:25:55.465013+01
26	studentform	0008_alter_student_admission_cycle_and_more	2023-11-01 14:26:51.573505+01
27	studenthistory	0001_initial	2023-11-21 15:25:08.158592+01
28	studenthistory	0002_subject_has_extraordinary	2023-11-27 12:40:49.061208+01
29	studenthistory	0003_alter_subject_name	2023-11-27 12:52:08.866613+01
30	studentform	0009_student_exchange	2023-12-01 14:49:46.280327+01
31	studenthistory	0004_alter_course_grade	2023-12-06 14:21:18.656366+01
\.


--
-- Data for Name: django_session; Type: TABLE DATA; Schema: public; Owner: django
--

COPY public.django_session (session_key, session_data, expire_date) FROM stdin;
eiomupiec6oxx858zyu8ej3iqjfqn63c	.eJxVjEEOwiAQRe_C2pBCGSgu3fcMZBimUjWQlHZlvLtt0oVu33v_v0XAbc1ha7yEOYmrUOLyyyLSk8sh0gPLvUqqZV3mKI9EnrbJsSZ-3c727yBjy_uaBkugfJcQrdKRQAN0ttcQBxc1GMPeTC5ZC4g97ASQ_MSW0XnjkcTnC8xzN6g:1qxqxu:W-JY5jdAeSYWYlWaKctsBrLTeim07ZKd6FU2sxsDhHQ	2023-11-14 16:47:38.7424+01
50e4ac01fg6lej4mae459f981j98p2di	.eJxVjEEOwiAQRe_C2pBCGSgu3fcMZBimUjWQlHZlvLtt0oVu33v_v0XAbc1ha7yEOYmrUOLyyyLSk8sh0gPLvUqqZV3mKI9EnrbJsSZ-3c727yBjy_uaBkugfJcQrdKRQAN0ttcQBxc1GMPeTC5ZC4g97ASQ_MSW0XnjkcTnC8xzN6g:1r5RhE:ke2THjS1kfhu6bG20shuQ4HQj3SowN4YqRA0hBGH8H0	2023-12-05 15:25:48.278587+01
xp7wzj7okb5o9otevigph4d9e3dw8t9s	.eJxVjEEOwiAQRe_C2pBCGSgu3fcMZBimUjWQlHZlvLtt0oVu33v_v0XAbc1ha7yEOYmrUOLyyyLSk8sh0gPLvUqqZV3mKI9EnrbJsSZ-3c727yBjy_uaBkugfJcQrdKRQAN0ttcQBxc1GMPeTC5ZC4g97ASQ_MSW0XnjkcTnC8xzN6g:1rAWVo:zTAMY22Q27tJIHQI5SpahZ3N_-rfMHOgyD7qlPMLuGs	2023-12-19 15:35:00.444548+01
\.


--
-- Data for Name: studentform_career; Type: TABLE DATA; Schema: public; Owner: django
--

COPY public.studentform_career ("idCareer", code_name, name, needed_credits, semesters) FROM stdin;
1	INCO	Ingeniería en Computación	318	8
2	INDU	Ingeniería Industrial	453	8
\.


--
-- Data for Name: studentform_contact; Type: TABLE DATA; Schema: public; Owner: django
--

COPY public.studentform_contact ("idContact", phone, email, udg_email, emergency_phone, url_socialnet, "idStudent_id", company, "position") FROM stdin;
4	001-443-761-5558x832	ravenayers@example.org	oclark@example.org	001-695-491-7764x440	\N	4	\N	\N
3	001-522-572-4830	mjones@example.org	mckayelizabeth@example.net	938.972.8989x18998	https://google.com	3	\N	\N
2	(846)449-1500x2638	brodriguez@example.org	alexisleonard@example.net	920-965-4055x2754	https://facebook.com	2	Oracle	Software Developer
1	753-640-3489	joshuazuniga@example.net	kingdavid@example.org	588.550.3845	https://x.com	1	San Mina	Minero2
\.


--
-- Data for Name: studentform_school_cycle; Type: TABLE DATA; Schema: public; Owner: django
--

COPY public.studentform_school_cycle ("idCycle", cycle_period, end_date, start_date, year) FROM stdin;
2	A	2023-07-15	2023-01-16	2023
1	B	2023-01-15	2023-07-16	2023
3	A	2022-06-02	2022-01-16	2022
4	B	2022-12-16	2022-07-16	2022
\.


--
-- Data for Name: studentform_status; Type: TABLE DATA; Schema: public; Owner: django
--

COPY public.studentform_status ("idStatus", code_name, status) FROM stdin;
2	IN	Inactivo
5	BC	Baja por Art 33
6	B4	Alumno en Art 34
7	B5	Baja por Art 35
3	GD	Graduado
4	TT	Titulado
1	AC	Activo
\.


--
-- Data for Name: studentform_student; Type: TABLE DATA; Schema: public; Owner: django
--

COPY public.studentform_student ("idStudent", code, name, status_id, admission_cycle_id, first_last_name, last_cycle_id, second_last_name, "idCareer_id", exchange) FROM stdin;
1	218292955	Manuel Gerardo	1	2	Perez	1	Perez	1	f
3	210394857	Israel Huerta	1	1	Muñoz	1	Velázquez	1	f
2	123456789	Hernandez	6	3	Castro	2	Mercado	1	t
4	217391025	Gebara	1	3	Zandivar	1	Ortega	1	f
\.


--
-- Data for Name: studenthistory_careersubject; Type: TABLE DATA; Schema: public; Owner: django
--

COPY public.studenthistory_careersubject (id, career_id, subject_id) FROM stdin;
1	1	1
2	1	2
3	1	3
4	1	4
5	1	5
6	1	6
7	1	7
8	1	8
9	1	9
10	2	10
11	2	11
12	2	12
13	2	13
14	2	14
15	2	15
16	2	16
17	2	17
18	2	18
\.


--
-- Data for Name: studenthistory_course; Type: TABLE DATA; Schema: public; Owner: django
--

COPY public.studenthistory_course ("idCourse", grade, upload_date, grade_period_id, school_cycle_id, section_id, student_id) FROM stdin;
4	76	2023-11-22	2	1	5	1
5	97	2023-11-22	2	1	6	1
1	86	2023-11-22	2	2	1	1
2	90	2023-11-22	2	2	2	1
7	88	2023-11-23	2	1	3	3
8	59	2023-11-23	2	1	2	3
9	77	2023-11-23	2	1	4	3
10	63	2023-11-23	2	1	5	3
11	71	2023-11-23	3	1	2	3
6	35	2023-11-22	2	1	4	1
12	17	2023-11-24	2	3	1	2
14	60	2023-11-24	2	3	5	2
17	55	2023-11-24	2	4	4	2
19	59	2023-11-28	3	4	4	2
23	41	2023-11-29	2	3	7	2
24	14	2023-11-29	2	4	7	2
26	33	2023-11-29	2	4	3	2
30	98	2023-12-06	2	3	2	4
31	39	2023-12-06	2	3	7	4
32	52	2023-12-06	2	3	4	4
33	74	2023-12-06	2	2	1	4
34	56	2023-12-06	2	4	4	4
35	13	2023-12-06	3	4	4	4
36	60	2023-12-06	2	2	7	4
37	59	2023-12-06	2	2	4	4
39	100	2023-12-06	2	2	8	4
38	79	2023-12-06	3	2	4	4
40	SD	2023-12-06	2	1	7	1
3	60	2023-11-22	3	1	4	1
\.


--
-- Data for Name: studenthistory_gradeperiod; Type: TABLE DATA; Schema: public; Owner: django
--

COPY public.studenthistory_gradeperiod ("idGradePeriod", code_name, grade_period) FROM stdin;
2	OE	ORDINARIO
3	E	EXTRAORDINARIO
\.


--
-- Data for Name: studenthistory_section; Type: TABLE DATA; Schema: public; Owner: django
--

COPY public.studenthistory_section ("idSection", nrc, section, subject_id) FROM stdin;
1	54123	D01	1
2	53217	D03	2
3	10375	D03	1
4	94781	D07	3
5	091795	D02	7
6	086896	D09	8
7	17354	D01	6
8	1234512	D01	19
\.


--
-- Data for Name: studenthistory_subject; Type: TABLE DATA; Schema: public; Owner: django
--

COPY public.studenthistory_subject ("idSubject", key_subject, name, credits, has_extraordinary) FROM stdin;
1	I5884	ALGORITMIA	8	t
2	I7022	FUNDAMENTOS FILOSOFICOS DE LA COMPUTACION	8	t
3	I6123	INTRODUCCION A LA FISICA	7	t
5	I5893	METODOS MATEMATICOS I	8	t
7	I5882	PROGRAMACION	8	t
8	I7023	ARQUITECTURA DE COMPUTADORAS	8	t
9	I5895	METODOS MATEMATICOS II	8	t
6	I5894	SEMINARIO DE SOLUCION DE PROBLEMAS DE METODOS MATEMATICOS I	5	f
4	I5892	MATEMATICA DISCRETA	8	t
10	I7365	PSICOLOGÍA INDUSTRIAL	7	t
11	I7367	TALLER DE REDACCIÓN TÉCNICA	4	t
12	I7356	QUÍMICA BÁSICA	8	t
13	I7391	DISEÑO ASISTIDO POR COMPUTADORA	3	t
14	I7393	GESTIÓN AMBIENTAL	7	t
15	I7370	ADMINISTRACIÓN	7	t
16	I7340	INTRODUCCIÓN A LA INGENIERÍA INDUSTRIAL	7	t
17	I7344	CÁLCULO DIFERENCIAL	7	t
18	I7349	INTRODUCCIÓN A LAS MATEMÁTICAS DISCRETAS	7	t
19	PRACT	PRACTICAS PROFESIONALES	20	t
\.


--
-- Name: auth_group_id_seq; Type: SEQUENCE SET; Schema: public; Owner: django
--

SELECT pg_catalog.setval('public.auth_group_id_seq', 1, false);


--
-- Name: auth_group_permissions_id_seq; Type: SEQUENCE SET; Schema: public; Owner: django
--

SELECT pg_catalog.setval('public.auth_group_permissions_id_seq', 1, false);


--
-- Name: auth_permission_id_seq; Type: SEQUENCE SET; Schema: public; Owner: django
--

SELECT pg_catalog.setval('public.auth_permission_id_seq', 64, true);


--
-- Name: auth_user_groups_id_seq; Type: SEQUENCE SET; Schema: public; Owner: django
--

SELECT pg_catalog.setval('public.auth_user_groups_id_seq', 1, false);


--
-- Name: auth_user_id_seq; Type: SEQUENCE SET; Schema: public; Owner: django
--

SELECT pg_catalog.setval('public.auth_user_id_seq', 1, true);


--
-- Name: auth_user_user_permissions_id_seq; Type: SEQUENCE SET; Schema: public; Owner: django
--

SELECT pg_catalog.setval('public.auth_user_user_permissions_id_seq', 1, false);


--
-- Name: django_admin_log_id_seq; Type: SEQUENCE SET; Schema: public; Owner: django
--

SELECT pg_catalog.setval('public.django_admin_log_id_seq', 154, true);


--
-- Name: django_content_type_id_seq; Type: SEQUENCE SET; Schema: public; Owner: django
--

SELECT pg_catalog.setval('public.django_content_type_id_seq', 16, true);


--
-- Name: django_migrations_id_seq; Type: SEQUENCE SET; Schema: public; Owner: django
--

SELECT pg_catalog.setval('public.django_migrations_id_seq', 31, true);


--
-- Name: studentform_career_idCareer_seq; Type: SEQUENCE SET; Schema: public; Owner: django
--

SELECT pg_catalog.setval('public."studentform_career_idCareer_seq"', 2, true);


--
-- Name: studentform_contact_contact_id_seq; Type: SEQUENCE SET; Schema: public; Owner: django
--

SELECT pg_catalog.setval('public.studentform_contact_contact_id_seq', 4, true);


--
-- Name: studentform_school_cycle_cycle_id_seq; Type: SEQUENCE SET; Schema: public; Owner: django
--

SELECT pg_catalog.setval('public.studentform_school_cycle_cycle_id_seq', 4, true);


--
-- Name: studentform_status_idStatus_seq; Type: SEQUENCE SET; Schema: public; Owner: django
--

SELECT pg_catalog.setval('public."studentform_status_idStatus_seq"', 7, true);


--
-- Name: studentform_student_student_id_seq; Type: SEQUENCE SET; Schema: public; Owner: django
--

SELECT pg_catalog.setval('public.studentform_student_student_id_seq', 4, true);


--
-- Name: studenthistory_careersubject_id_seq; Type: SEQUENCE SET; Schema: public; Owner: django
--

SELECT pg_catalog.setval('public.studenthistory_careersubject_id_seq', 18, true);


--
-- Name: studenthistory_course_idCourse_seq; Type: SEQUENCE SET; Schema: public; Owner: django
--

SELECT pg_catalog.setval('public."studenthistory_course_idCourse_seq"', 40, true);


--
-- Name: studenthistory_gradeperiod_idGradePeriod_seq; Type: SEQUENCE SET; Schema: public; Owner: django
--

SELECT pg_catalog.setval('public."studenthistory_gradeperiod_idGradePeriod_seq"', 3, true);


--
-- Name: studenthistory_section_idSection_seq; Type: SEQUENCE SET; Schema: public; Owner: django
--

SELECT pg_catalog.setval('public."studenthistory_section_idSection_seq"', 8, true);


--
-- Name: studenthistory_subject_idSubject_seq; Type: SEQUENCE SET; Schema: public; Owner: django
--

SELECT pg_catalog.setval('public."studenthistory_subject_idSubject_seq"', 19, true);


--
-- Name: auth_group auth_group_name_key; Type: CONSTRAINT; Schema: public; Owner: django
--

ALTER TABLE ONLY public.auth_group
    ADD CONSTRAINT auth_group_name_key UNIQUE (name);


--
-- Name: auth_group_permissions auth_group_permissions_group_id_permission_id_0cd325b0_uniq; Type: CONSTRAINT; Schema: public; Owner: django
--

ALTER TABLE ONLY public.auth_group_permissions
    ADD CONSTRAINT auth_group_permissions_group_id_permission_id_0cd325b0_uniq UNIQUE (group_id, permission_id);


--
-- Name: auth_group_permissions auth_group_permissions_pkey; Type: CONSTRAINT; Schema: public; Owner: django
--

ALTER TABLE ONLY public.auth_group_permissions
    ADD CONSTRAINT auth_group_permissions_pkey PRIMARY KEY (id);


--
-- Name: auth_group auth_group_pkey; Type: CONSTRAINT; Schema: public; Owner: django
--

ALTER TABLE ONLY public.auth_group
    ADD CONSTRAINT auth_group_pkey PRIMARY KEY (id);


--
-- Name: auth_permission auth_permission_content_type_id_codename_01ab375a_uniq; Type: CONSTRAINT; Schema: public; Owner: django
--

ALTER TABLE ONLY public.auth_permission
    ADD CONSTRAINT auth_permission_content_type_id_codename_01ab375a_uniq UNIQUE (content_type_id, codename);


--
-- Name: auth_permission auth_permission_pkey; Type: CONSTRAINT; Schema: public; Owner: django
--

ALTER TABLE ONLY public.auth_permission
    ADD CONSTRAINT auth_permission_pkey PRIMARY KEY (id);


--
-- Name: auth_user_groups auth_user_groups_pkey; Type: CONSTRAINT; Schema: public; Owner: django
--

ALTER TABLE ONLY public.auth_user_groups
    ADD CONSTRAINT auth_user_groups_pkey PRIMARY KEY (id);


--
-- Name: auth_user_groups auth_user_groups_user_id_group_id_94350c0c_uniq; Type: CONSTRAINT; Schema: public; Owner: django
--

ALTER TABLE ONLY public.auth_user_groups
    ADD CONSTRAINT auth_user_groups_user_id_group_id_94350c0c_uniq UNIQUE (user_id, group_id);


--
-- Name: auth_user auth_user_pkey; Type: CONSTRAINT; Schema: public; Owner: django
--

ALTER TABLE ONLY public.auth_user
    ADD CONSTRAINT auth_user_pkey PRIMARY KEY (id);


--
-- Name: auth_user_user_permissions auth_user_user_permissions_pkey; Type: CONSTRAINT; Schema: public; Owner: django
--

ALTER TABLE ONLY public.auth_user_user_permissions
    ADD CONSTRAINT auth_user_user_permissions_pkey PRIMARY KEY (id);


--
-- Name: auth_user_user_permissions auth_user_user_permissions_user_id_permission_id_14a6b632_uniq; Type: CONSTRAINT; Schema: public; Owner: django
--

ALTER TABLE ONLY public.auth_user_user_permissions
    ADD CONSTRAINT auth_user_user_permissions_user_id_permission_id_14a6b632_uniq UNIQUE (user_id, permission_id);


--
-- Name: auth_user auth_user_username_key; Type: CONSTRAINT; Schema: public; Owner: django
--

ALTER TABLE ONLY public.auth_user
    ADD CONSTRAINT auth_user_username_key UNIQUE (username);


--
-- Name: django_admin_log django_admin_log_pkey; Type: CONSTRAINT; Schema: public; Owner: django
--

ALTER TABLE ONLY public.django_admin_log
    ADD CONSTRAINT django_admin_log_pkey PRIMARY KEY (id);


--
-- Name: django_content_type django_content_type_app_label_model_76bd3d3b_uniq; Type: CONSTRAINT; Schema: public; Owner: django
--

ALTER TABLE ONLY public.django_content_type
    ADD CONSTRAINT django_content_type_app_label_model_76bd3d3b_uniq UNIQUE (app_label, model);


--
-- Name: django_content_type django_content_type_pkey; Type: CONSTRAINT; Schema: public; Owner: django
--

ALTER TABLE ONLY public.django_content_type
    ADD CONSTRAINT django_content_type_pkey PRIMARY KEY (id);


--
-- Name: django_migrations django_migrations_pkey; Type: CONSTRAINT; Schema: public; Owner: django
--

ALTER TABLE ONLY public.django_migrations
    ADD CONSTRAINT django_migrations_pkey PRIMARY KEY (id);


--
-- Name: django_session django_session_pkey; Type: CONSTRAINT; Schema: public; Owner: django
--

ALTER TABLE ONLY public.django_session
    ADD CONSTRAINT django_session_pkey PRIMARY KEY (session_key);


--
-- Name: studentform_career studentform_career_pkey; Type: CONSTRAINT; Schema: public; Owner: django
--

ALTER TABLE ONLY public.studentform_career
    ADD CONSTRAINT studentform_career_pkey PRIMARY KEY ("idCareer");


--
-- Name: studentform_contact studentform_contact_pkey; Type: CONSTRAINT; Schema: public; Owner: django
--

ALTER TABLE ONLY public.studentform_contact
    ADD CONSTRAINT studentform_contact_pkey PRIMARY KEY ("idContact");


--
-- Name: studentform_contact studentform_contact_student_id_id_key; Type: CONSTRAINT; Schema: public; Owner: django
--

ALTER TABLE ONLY public.studentform_contact
    ADD CONSTRAINT studentform_contact_student_id_id_key UNIQUE ("idStudent_id");


--
-- Name: studentform_school_cycle studentform_school_cycle_pkey; Type: CONSTRAINT; Schema: public; Owner: django
--

ALTER TABLE ONLY public.studentform_school_cycle
    ADD CONSTRAINT studentform_school_cycle_pkey PRIMARY KEY ("idCycle");


--
-- Name: studentform_status studentform_status_pkey; Type: CONSTRAINT; Schema: public; Owner: django
--

ALTER TABLE ONLY public.studentform_status
    ADD CONSTRAINT studentform_status_pkey PRIMARY KEY ("idStatus");


--
-- Name: studentform_student studentform_student_code_key; Type: CONSTRAINT; Schema: public; Owner: django
--

ALTER TABLE ONLY public.studentform_student
    ADD CONSTRAINT studentform_student_code_key UNIQUE (code);


--
-- Name: studentform_student studentform_student_pkey; Type: CONSTRAINT; Schema: public; Owner: django
--

ALTER TABLE ONLY public.studentform_student
    ADD CONSTRAINT studentform_student_pkey PRIMARY KEY ("idStudent");


--
-- Name: studenthistory_careersubject studenthistory_careersubject_career_id_subject_id_594e0df2_uniq; Type: CONSTRAINT; Schema: public; Owner: django
--

ALTER TABLE ONLY public.studenthistory_careersubject
    ADD CONSTRAINT studenthistory_careersubject_career_id_subject_id_594e0df2_uniq UNIQUE (career_id, subject_id);


--
-- Name: studenthistory_careersubject studenthistory_careersubject_pkey; Type: CONSTRAINT; Schema: public; Owner: django
--

ALTER TABLE ONLY public.studenthistory_careersubject
    ADD CONSTRAINT studenthistory_careersubject_pkey PRIMARY KEY (id);


--
-- Name: studenthistory_course studenthistory_course_pkey; Type: CONSTRAINT; Schema: public; Owner: django
--

ALTER TABLE ONLY public.studenthistory_course
    ADD CONSTRAINT studenthistory_course_pkey PRIMARY KEY ("idCourse");


--
-- Name: studenthistory_gradeperiod studenthistory_gradeperiod_pkey; Type: CONSTRAINT; Schema: public; Owner: django
--

ALTER TABLE ONLY public.studenthistory_gradeperiod
    ADD CONSTRAINT studenthistory_gradeperiod_pkey PRIMARY KEY ("idGradePeriod");


--
-- Name: studenthistory_section studenthistory_section_pkey; Type: CONSTRAINT; Schema: public; Owner: django
--

ALTER TABLE ONLY public.studenthistory_section
    ADD CONSTRAINT studenthistory_section_pkey PRIMARY KEY ("idSection");


--
-- Name: studenthistory_subject studenthistory_subject_pkey; Type: CONSTRAINT; Schema: public; Owner: django
--

ALTER TABLE ONLY public.studenthistory_subject
    ADD CONSTRAINT studenthistory_subject_pkey PRIMARY KEY ("idSubject");


--
-- Name: auth_group_name_a6ea08ec_like; Type: INDEX; Schema: public; Owner: django
--

CREATE INDEX auth_group_name_a6ea08ec_like ON public.auth_group USING btree (name varchar_pattern_ops);


--
-- Name: auth_group_permissions_group_id_b120cbf9; Type: INDEX; Schema: public; Owner: django
--

CREATE INDEX auth_group_permissions_group_id_b120cbf9 ON public.auth_group_permissions USING btree (group_id);


--
-- Name: auth_group_permissions_permission_id_84c5c92e; Type: INDEX; Schema: public; Owner: django
--

CREATE INDEX auth_group_permissions_permission_id_84c5c92e ON public.auth_group_permissions USING btree (permission_id);


--
-- Name: auth_permission_content_type_id_2f476e4b; Type: INDEX; Schema: public; Owner: django
--

CREATE INDEX auth_permission_content_type_id_2f476e4b ON public.auth_permission USING btree (content_type_id);


--
-- Name: auth_user_groups_group_id_97559544; Type: INDEX; Schema: public; Owner: django
--

CREATE INDEX auth_user_groups_group_id_97559544 ON public.auth_user_groups USING btree (group_id);


--
-- Name: auth_user_groups_user_id_6a12ed8b; Type: INDEX; Schema: public; Owner: django
--

CREATE INDEX auth_user_groups_user_id_6a12ed8b ON public.auth_user_groups USING btree (user_id);


--
-- Name: auth_user_user_permissions_permission_id_1fbb5f2c; Type: INDEX; Schema: public; Owner: django
--

CREATE INDEX auth_user_user_permissions_permission_id_1fbb5f2c ON public.auth_user_user_permissions USING btree (permission_id);


--
-- Name: auth_user_user_permissions_user_id_a95ead1b; Type: INDEX; Schema: public; Owner: django
--

CREATE INDEX auth_user_user_permissions_user_id_a95ead1b ON public.auth_user_user_permissions USING btree (user_id);


--
-- Name: auth_user_username_6821ab7c_like; Type: INDEX; Schema: public; Owner: django
--

CREATE INDEX auth_user_username_6821ab7c_like ON public.auth_user USING btree (username varchar_pattern_ops);


--
-- Name: django_admin_log_content_type_id_c4bce8eb; Type: INDEX; Schema: public; Owner: django
--

CREATE INDEX django_admin_log_content_type_id_c4bce8eb ON public.django_admin_log USING btree (content_type_id);


--
-- Name: django_admin_log_user_id_c564eba6; Type: INDEX; Schema: public; Owner: django
--

CREATE INDEX django_admin_log_user_id_c564eba6 ON public.django_admin_log USING btree (user_id);


--
-- Name: django_session_expire_date_a5c62663; Type: INDEX; Schema: public; Owner: django
--

CREATE INDEX django_session_expire_date_a5c62663 ON public.django_session USING btree (expire_date);


--
-- Name: django_session_session_key_c0390e0f_like; Type: INDEX; Schema: public; Owner: django
--

CREATE INDEX django_session_session_key_c0390e0f_like ON public.django_session USING btree (session_key varchar_pattern_ops);


--
-- Name: studentform_student_admission_cycle_id_bac68801; Type: INDEX; Schema: public; Owner: django
--

CREATE INDEX studentform_student_admission_cycle_id_bac68801 ON public.studentform_student USING btree (admission_cycle_id);


--
-- Name: studentform_student_code_211806d6_like; Type: INDEX; Schema: public; Owner: django
--

CREATE INDEX studentform_student_code_211806d6_like ON public.studentform_student USING btree (code varchar_pattern_ops);


--
-- Name: studentform_student_idCareer_id_a6161880; Type: INDEX; Schema: public; Owner: django
--

CREATE INDEX "studentform_student_idCareer_id_a6161880" ON public.studentform_student USING btree ("idCareer_id");


--
-- Name: studentform_student_last_cycle_id_105fce98; Type: INDEX; Schema: public; Owner: django
--

CREATE INDEX studentform_student_last_cycle_id_105fce98 ON public.studentform_student USING btree (last_cycle_id);


--
-- Name: studentform_student_status_id_3376e934; Type: INDEX; Schema: public; Owner: django
--

CREATE INDEX studentform_student_status_id_3376e934 ON public.studentform_student USING btree (status_id);


--
-- Name: studenthistory_careersubject_career_id_9a490b26; Type: INDEX; Schema: public; Owner: django
--

CREATE INDEX studenthistory_careersubject_career_id_9a490b26 ON public.studenthistory_careersubject USING btree (career_id);


--
-- Name: studenthistory_careersubject_subject_id_09f729e5; Type: INDEX; Schema: public; Owner: django
--

CREATE INDEX studenthistory_careersubject_subject_id_09f729e5 ON public.studenthistory_careersubject USING btree (subject_id);


--
-- Name: studenthistory_course_grade_period_id_da6f1a31; Type: INDEX; Schema: public; Owner: django
--

CREATE INDEX studenthistory_course_grade_period_id_da6f1a31 ON public.studenthistory_course USING btree (grade_period_id);


--
-- Name: studenthistory_course_school_cycle_id_6624fb48; Type: INDEX; Schema: public; Owner: django
--

CREATE INDEX studenthistory_course_school_cycle_id_6624fb48 ON public.studenthistory_course USING btree (school_cycle_id);


--
-- Name: studenthistory_course_section_id_90b650b2; Type: INDEX; Schema: public; Owner: django
--

CREATE INDEX studenthistory_course_section_id_90b650b2 ON public.studenthistory_course USING btree (section_id);


--
-- Name: studenthistory_course_student_id_a2360c8b; Type: INDEX; Schema: public; Owner: django
--

CREATE INDEX studenthistory_course_student_id_a2360c8b ON public.studenthistory_course USING btree (student_id);


--
-- Name: studenthistory_section_subject_id_fbb8c1d2; Type: INDEX; Schema: public; Owner: django
--

CREATE INDEX studenthistory_section_subject_id_fbb8c1d2 ON public.studenthistory_section USING btree (subject_id);


--
-- Name: auth_group_permissions auth_group_permissio_permission_id_84c5c92e_fk_auth_perm; Type: FK CONSTRAINT; Schema: public; Owner: django
--

ALTER TABLE ONLY public.auth_group_permissions
    ADD CONSTRAINT auth_group_permissio_permission_id_84c5c92e_fk_auth_perm FOREIGN KEY (permission_id) REFERENCES public.auth_permission(id) DEFERRABLE INITIALLY DEFERRED;


--
-- Name: auth_group_permissions auth_group_permissions_group_id_b120cbf9_fk_auth_group_id; Type: FK CONSTRAINT; Schema: public; Owner: django
--

ALTER TABLE ONLY public.auth_group_permissions
    ADD CONSTRAINT auth_group_permissions_group_id_b120cbf9_fk_auth_group_id FOREIGN KEY (group_id) REFERENCES public.auth_group(id) DEFERRABLE INITIALLY DEFERRED;


--
-- Name: auth_permission auth_permission_content_type_id_2f476e4b_fk_django_co; Type: FK CONSTRAINT; Schema: public; Owner: django
--

ALTER TABLE ONLY public.auth_permission
    ADD CONSTRAINT auth_permission_content_type_id_2f476e4b_fk_django_co FOREIGN KEY (content_type_id) REFERENCES public.django_content_type(id) DEFERRABLE INITIALLY DEFERRED;


--
-- Name: auth_user_groups auth_user_groups_group_id_97559544_fk_auth_group_id; Type: FK CONSTRAINT; Schema: public; Owner: django
--

ALTER TABLE ONLY public.auth_user_groups
    ADD CONSTRAINT auth_user_groups_group_id_97559544_fk_auth_group_id FOREIGN KEY (group_id) REFERENCES public.auth_group(id) DEFERRABLE INITIALLY DEFERRED;


--
-- Name: auth_user_groups auth_user_groups_user_id_6a12ed8b_fk_auth_user_id; Type: FK CONSTRAINT; Schema: public; Owner: django
--

ALTER TABLE ONLY public.auth_user_groups
    ADD CONSTRAINT auth_user_groups_user_id_6a12ed8b_fk_auth_user_id FOREIGN KEY (user_id) REFERENCES public.auth_user(id) DEFERRABLE INITIALLY DEFERRED;


--
-- Name: auth_user_user_permissions auth_user_user_permi_permission_id_1fbb5f2c_fk_auth_perm; Type: FK CONSTRAINT; Schema: public; Owner: django
--

ALTER TABLE ONLY public.auth_user_user_permissions
    ADD CONSTRAINT auth_user_user_permi_permission_id_1fbb5f2c_fk_auth_perm FOREIGN KEY (permission_id) REFERENCES public.auth_permission(id) DEFERRABLE INITIALLY DEFERRED;


--
-- Name: auth_user_user_permissions auth_user_user_permissions_user_id_a95ead1b_fk_auth_user_id; Type: FK CONSTRAINT; Schema: public; Owner: django
--

ALTER TABLE ONLY public.auth_user_user_permissions
    ADD CONSTRAINT auth_user_user_permissions_user_id_a95ead1b_fk_auth_user_id FOREIGN KEY (user_id) REFERENCES public.auth_user(id) DEFERRABLE INITIALLY DEFERRED;


--
-- Name: django_admin_log django_admin_log_content_type_id_c4bce8eb_fk_django_co; Type: FK CONSTRAINT; Schema: public; Owner: django
--

ALTER TABLE ONLY public.django_admin_log
    ADD CONSTRAINT django_admin_log_content_type_id_c4bce8eb_fk_django_co FOREIGN KEY (content_type_id) REFERENCES public.django_content_type(id) DEFERRABLE INITIALLY DEFERRED;


--
-- Name: django_admin_log django_admin_log_user_id_c564eba6_fk_auth_user_id; Type: FK CONSTRAINT; Schema: public; Owner: django
--

ALTER TABLE ONLY public.django_admin_log
    ADD CONSTRAINT django_admin_log_user_id_c564eba6_fk_auth_user_id FOREIGN KEY (user_id) REFERENCES public.auth_user(id) DEFERRABLE INITIALLY DEFERRED;


--
-- Name: studentform_contact studentform_contact_idStudent_id_18474103_fk_studentfo; Type: FK CONSTRAINT; Schema: public; Owner: django
--

ALTER TABLE ONLY public.studentform_contact
    ADD CONSTRAINT "studentform_contact_idStudent_id_18474103_fk_studentfo" FOREIGN KEY ("idStudent_id") REFERENCES public.studentform_student("idStudent") DEFERRABLE INITIALLY DEFERRED;


--
-- Name: studentform_student studentform_student_admission_cycle_id_bac68801_fk_studentfo; Type: FK CONSTRAINT; Schema: public; Owner: django
--

ALTER TABLE ONLY public.studentform_student
    ADD CONSTRAINT studentform_student_admission_cycle_id_bac68801_fk_studentfo FOREIGN KEY (admission_cycle_id) REFERENCES public.studentform_school_cycle("idCycle") DEFERRABLE INITIALLY DEFERRED;


--
-- Name: studentform_student studentform_student_idCareer_id_a6161880_fk_studentfo; Type: FK CONSTRAINT; Schema: public; Owner: django
--

ALTER TABLE ONLY public.studentform_student
    ADD CONSTRAINT "studentform_student_idCareer_id_a6161880_fk_studentfo" FOREIGN KEY ("idCareer_id") REFERENCES public.studentform_career("idCareer") DEFERRABLE INITIALLY DEFERRED;


--
-- Name: studentform_student studentform_student_last_cycle_id_105fce98_fk_studentfo; Type: FK CONSTRAINT; Schema: public; Owner: django
--

ALTER TABLE ONLY public.studentform_student
    ADD CONSTRAINT studentform_student_last_cycle_id_105fce98_fk_studentfo FOREIGN KEY (last_cycle_id) REFERENCES public.studentform_school_cycle("idCycle") DEFERRABLE INITIALLY DEFERRED;


--
-- Name: studentform_student studentform_student_status_id_3376e934_fk_studentfo; Type: FK CONSTRAINT; Schema: public; Owner: django
--

ALTER TABLE ONLY public.studentform_student
    ADD CONSTRAINT studentform_student_status_id_3376e934_fk_studentfo FOREIGN KEY (status_id) REFERENCES public.studentform_status("idStatus") DEFERRABLE INITIALLY DEFERRED;


--
-- Name: studenthistory_careersubject studenthistory_caree_career_id_9a490b26_fk_studentfo; Type: FK CONSTRAINT; Schema: public; Owner: django
--

ALTER TABLE ONLY public.studenthistory_careersubject
    ADD CONSTRAINT studenthistory_caree_career_id_9a490b26_fk_studentfo FOREIGN KEY (career_id) REFERENCES public.studentform_career("idCareer") DEFERRABLE INITIALLY DEFERRED;


--
-- Name: studenthistory_careersubject studenthistory_caree_subject_id_09f729e5_fk_studenthi; Type: FK CONSTRAINT; Schema: public; Owner: django
--

ALTER TABLE ONLY public.studenthistory_careersubject
    ADD CONSTRAINT studenthistory_caree_subject_id_09f729e5_fk_studenthi FOREIGN KEY (subject_id) REFERENCES public.studenthistory_subject("idSubject") DEFERRABLE INITIALLY DEFERRED;


--
-- Name: studenthistory_course studenthistory_cours_grade_period_id_da6f1a31_fk_studenthi; Type: FK CONSTRAINT; Schema: public; Owner: django
--

ALTER TABLE ONLY public.studenthistory_course
    ADD CONSTRAINT studenthistory_cours_grade_period_id_da6f1a31_fk_studenthi FOREIGN KEY (grade_period_id) REFERENCES public.studenthistory_gradeperiod("idGradePeriod") DEFERRABLE INITIALLY DEFERRED;


--
-- Name: studenthistory_course studenthistory_cours_school_cycle_id_6624fb48_fk_studentfo; Type: FK CONSTRAINT; Schema: public; Owner: django
--

ALTER TABLE ONLY public.studenthistory_course
    ADD CONSTRAINT studenthistory_cours_school_cycle_id_6624fb48_fk_studentfo FOREIGN KEY (school_cycle_id) REFERENCES public.studentform_school_cycle("idCycle") DEFERRABLE INITIALLY DEFERRED;


--
-- Name: studenthistory_course studenthistory_cours_section_id_90b650b2_fk_studenthi; Type: FK CONSTRAINT; Schema: public; Owner: django
--

ALTER TABLE ONLY public.studenthistory_course
    ADD CONSTRAINT studenthistory_cours_section_id_90b650b2_fk_studenthi FOREIGN KEY (section_id) REFERENCES public.studenthistory_section("idSection") DEFERRABLE INITIALLY DEFERRED;


--
-- Name: studenthistory_course studenthistory_cours_student_id_a2360c8b_fk_studentfo; Type: FK CONSTRAINT; Schema: public; Owner: django
--

ALTER TABLE ONLY public.studenthistory_course
    ADD CONSTRAINT studenthistory_cours_student_id_a2360c8b_fk_studentfo FOREIGN KEY (student_id) REFERENCES public.studentform_student("idStudent") DEFERRABLE INITIALLY DEFERRED;


--
-- Name: studenthistory_section studenthistory_secti_subject_id_fbb8c1d2_fk_studenthi; Type: FK CONSTRAINT; Schema: public; Owner: django
--

ALTER TABLE ONLY public.studenthistory_section
    ADD CONSTRAINT studenthistory_secti_subject_id_fbb8c1d2_fk_studenthi FOREIGN KEY (subject_id) REFERENCES public.studenthistory_subject("idSubject") DEFERRABLE INITIALLY DEFERRED;


--
-- PostgreSQL database dump complete
--

